id,name,full_name,paper_title,authors,year,venue,arxiv,url,code_url,hf_peft,hf_peft_config,modification_kind,formula_latex,trainable_params,locus,structure,mergeable,mergeable_reason,identity_at_init,key_idea,results_note,core,entry_type,table_row,table_col,categorical_reading,bibkey,kind,shape,base_point,gauge,covariance,merge,rebasing
residual-adapter,Residual Adapters,Residual adapter modules for multi-domain ResNets,Learning multiple visual domains with residual adapters,Rebuffi et al.,2017,NeurIPS 2017,1705.08045,https://arxiv.org/abs/1705.08045,https://github.com/srebuffi/residual_adapters,False,,architectural-insertion,"g(x;\alpha) = x + \alpha * x,\quad \alpha\in\mathbb{R}^{C\times C\times 1\times 1}\ (\text{bank of }1{\times}1\text{ filters, wrapped with domain-specific BN});\quad \text{frozen: domain-agnostic }3{\times}3\text{ filters } w_1,w_2;\ \text{trained per domain: } \alpha,\ \text{BN scale/shift}","2(C^2+5C)\ \text{per residual block (vs. } 2(h^2C^2+hC)\text{ shared, } h=3)","inside every ResNet residual block, in series after each 3x3 convolution (with batch-norm)","Serial insertion of a linear near-identity endomorphism \(I+\alpha\) of the \(C\)-channel feature space (a per-pixel \(C\times C\) matrix, i.e. 1x1 conv) composed with domain-specific BN affine maps; full-rank, no bottleneck, no nonlinearity. The CVPR 2018 follow-up (Rebuffi et al., arXiv:1803.10082) moves the 1x1 adapter in parallel to the 3x3 convolution.",yes,"At inference every piece is linear or affine: BN, the 1x1 adapter \(I+\alpha\) and the BN that follows sit between a frozen 3x3 convolution and the ReLU (Fig. 2). They therefore fold exactly into a domain-specific 3x3 filter bank plus bias (per tap \(W' = D_2(I+\alpha D_1)W\)). The paper keeps them unmerged so that one backbone is shared across domains.","Exactly the identity when \(\alpha=0\) (residual form); in the paper adapters are first co-trained with the backbone on ImageNet, then only domain-specific parameters (with strong weight decay on \(\alpha\)) are trained per domain.","Split a multi-domain ResNet into frozen domain-agnostic filters plus tiny domain-specific residual 1x1 adapters that collapse to the identity at zero, so one network can be steered across very different visual domains; this is the origin of the term 'adapter' later imported to NLP by Houlsby et al.",On the Visual Decathlon (10 image domains) residual adapters adding ~11% parameters per domain are close to or better than full per-domain fine-tuning while avoiding forgetting.,False,method,R-action,Lin,"A linear pointed extension that descends along the merge to the R-action object \(W_0\mapsto G\,W_0\), the orbit closure of \(GL_C\) acting on output channels. It is LoRA-FA whose frozen down-projection is \(W_0\) itself, and the full-matrix ancestor of the diagonal methods (IA)\(^3\) and SSF.",rebuffi2017learning,R,Lin,regular,torus,GLxGL,M1->,idempotent
houlsby-adapter,Adapter (Houlsby),"Bottleneck adapter modules (serial, two per layer)",Parameter-Efficient Transfer Learning for NLP,Houlsby et al.,2019,ICML 2019,1902.00751,https://arxiv.org/abs/1902.00751,https://github.com/google-research/adapter-bert,False,,architectural-insertion,"y = F(x)\quad \text{(frozen sublayer, up to its output projection)};\quad y \leftarrow y + W_{up}\,\sigma(W_{down}\,y + b_{down}) + b_{up};\quad \text{then } \mathrm{LN}(x+y);\quad W_{down}\in\mathbb{R}^{r\times d},\ W_{up}\in\mathbb{R}^{d\times r}\ \text{trained};\quad \text{LayerNorm and head also trained};\quad \text{all pretrained weights frozen}","2\,(2rd + r + d)\ \text{per layer (two adapters)} + \text{LayerNorm parameters}","two serial adapters per Transformer layer: after the attention output projection and after the FFN, each before the residual add and LayerNorm","Bottleneck MLP inserted serially with an internal residual connection: each frozen sublayer \(F\) is post-composed with the near-identity endomorphism \(\mathrm{id}+W_{up}\sigma W_{down}\) of \(\mathbb{R}^d\) (rank-\(r\) bottleneck, nonlinear).",no,"The nonlinearity inside the bottleneck prevents folding the adapter into the frozen linear weights, so inference keeps the extra sequential modules and latency.","Near-identity, not exact. Projection weights are drawn from a zero-mean Gaussian with std \(10^{-2}\) truncated at 2 std, and biases are zero, so the adapter output is close to 0 and the internal skip makes the module approximately the identity. The paper's init-scale sweep finds performance robust for std \(\le 10^{-2}\) and degrading for larger scales.","Insert small bottleneck modules with a skip connection into every Transformer layer and train only them (plus LayerNorms), so one frozen BERT serves many tasks with a few percent new parameters per task.","On GLUE with BERT-Large, adapters reach a mean score of 80.0 vs 80.4 for full fine-tuning while adding 3.6% parameters per task, and remain competitive across 26 text-classification tasks.",True,method,E,Fun,"A pointed extension that post-composes each frozen sublayer with the near-identity endomorphism \(\mathrm{id}+U\sigma(D\,\cdot)\), so it is of action type on the extension, and other methods meet it only through the realisation. The non-affine \(\sigma\) is exactly the M∞ obstruction of Thm VI.3(c); with \(\sigma=\mathrm{id}\) it would be the serial linear adapter of Prop VI.4(b), isomorphic to LoRA when \(W_0\) is invertible.",houlsby2019parameter,E,Fun,neutral,none,GLxGL,Minf,
pfeiffer-adapter,Pfeiffer Adapter,"Pfeiffer (single sequential bottleneck) adapter, SeqBn",AdapterFusion: Non-Destructive Task Composition for Transfer Learning,Pfeiffer et al.,2020,EACL 2021,2005.00247,https://arxiv.org/abs/2005.00247,https://github.com/adapter-hub/adapters,False,,architectural-insertion,"a = \mathrm{LN}\big(x + F(x)\big)\ (F = \text{frozen FFN sublayer, LN its frozen post-LayerNorm});\quad y = W_{up}\,\mathrm{ReLU}(W_{down}\,a + b_{down}) + b_{up} + F(x);\quad h = \mathrm{LN}(y + x);\quad W_{down}\in\mathbb{R}^{r\times d},\ W_{up}\in\mathbb{R}^{d\times r}\ \text{trained; backbone frozen}",2rd + r + d\ \text{per layer (one adapter; default reduction factor } d/r = 16),"one adapter per Transformer layer, only after the feed-forward block","Same algebraic shape as the Houlsby adapter (serial residual bottleneck MLP) but inserted once per layer, after the FFN, with the residual taken from the FFN sublayer; found by an architecture search over positions, residuals, LayerNorms, reduction factors and nonlinearities.",no,Nonlinear bottleneck in series with the FFN cannot be absorbed into frozen weights.,"Approximate only. The paper adds 'randomly initialized' adapters, and the AdapterHub default (init_weights='bert') is \(N(0, 0.02^2)\) weights with zero biases. The bottleneck output is small but not zero, and there is no exact zero-init guarantee.",A single adapter after the FFN performs on par with Houlsby's two adapters per layer while halving the inserted modules and compute; it became the default sequential adapter (SeqBnConfig) of AdapterHub and the building block of AdapterFusion and MAD-X.,"In the paper's architecture search on SST-2, CommonsenseQA and argument mining, the single post-FFN adapter matched the Houlsby configuration with half as many adapters.",True,method,E,Fun,"The same serial bottleneck extension as Houlsby, at one site per layer, but it reads the post-LN block output \(\mathrm{LN}(x+F(x))\) and writes into \(F(x)\). That is a different wire, so it is Houlsby's sibling in VIII.B rather than a sub-object: no freezing of Houlsby's coordinates produces it.",pfeiffer2020adapterfusion,E,Fun,neutral,torus,GLxGL,Minf,
mad-x,MAD-X,"Multiple ADapters for Cross-lingual transfer (language, task and invertible adapters)",MAD-X: An Adapter-Based Framework for Multi-Task Cross-Lingual Transfer,Pfeiffer et al.,2020,EMNLP 2020,2005.00052,https://arxiv.org/abs/2005.00052,https://github.com/adapter-hub/adapters,False,,architectural-insertion,"\mathrm{LA}_l(h_l,\rho_l) = U_l\,\mathrm{ReLU}(D_l h_l) + \rho_l,\quad \mathrm{TA}_l(h_l,\rho_l) = U'_l\,\mathrm{ReLU}\big(D'_l\,\mathrm{LA}_l(h_l,\rho_l)\big) + \rho_l;\quad A_{inv}:\ o_1 = F(e_2)+e_1,\ o_2 = G(o_1)+e_2,\ \ A_{inv}^{-1}:\ e_2 = o_2 - G(o_1),\ e_1 = o_1 - F(e_2);\ \ F,G\ \text{bottleneck MLPs};\ \text{backbone frozen}","\underbrace{2r_Ld}_{\text{language}} + \underbrace{2r_Td}_{\text{task}}\ \text{per layer} + \underbrace{\tfrac{d^2}{2}}_{\text{invertible (once)}}\ (\text{+ biases; paper: } r_L = d/2,\ r_T = d/16)",language and task adapters stacked after the FFN in every layer; invertible adapter on the input embeddings with its inverse before the tied output embeddings,"Serial composition (stacking) \(\mathrm{TA}\circ\mathrm{LA}\) of two bottleneck adapters that share the FFN residual, plus an invertible NICE additive-coupling bijection \(A_{inv}\) on token embeddings whose exact inverse is applied before the tied output embedding; language modules are swappable at inference (zero-shot transfer by replacing \(\mathrm{LA}^{src}\) with \(\mathrm{LA}^{tgt}\)).",no,Nonlinear bottlenecks and coupling layers must be executed at inference; swapping modules is the point of the design.,Not explicitly enforced: adapters use the standard small random init of Pfeiffer adapters; the coupling \(A_{inv}\) equals the identity only when \(F=G=0\).,"Factor cross-lingual transfer into separately trained, swappable language adapters (MLM on unlabeled text), task adapters stacked on top, and invertible embedding adapters, so a task adapter trained in one language transfers zero-shot to another by swapping the language adapter.","With XLM-R Base, full MAD-X improves over XLM-R by more than 5 F1 on average for cross-lingual NER (largest gains on low-resource and unseen languages) and is competitive on XQuAD.",False,method,E,Fun,"A word in the composition monoid of serial extensions: \(\mathrm{TA}\circ\mathrm{LA}\) is two composition stages, and swapping \(\mathrm{LA}^{src}\) for \(\mathrm{LA}^{tgt}\) re-bases the task adapter on a different language stage. The invertible adapter conjugates the whole network by a NICE coupling, \(E^\top A_{inv}^{-1}\circ\mathrm{body}\circ A_{inv}E\), an honest group element whose coordinate split is imposed structure.",pfeiffer2020mad,E,Fun,neutral,torus,Pi,Minf,
adapterfusion,AdapterFusion,AdapterFusion: attention-based composition of task adapters,AdapterFusion: Non-Destructive Task Composition for Transfer Learning,Pfeiffer et al.,2020,EACL 2021,2005.00247,https://arxiv.org/abs/2005.00247,https://github.com/adapter-hub/adapters,False,,composition-or-routing,"s_{l,t} = \mathrm{softmax}_{n}\big(h_{l,t}^{\top}Q_l \cdot z_{l,t,n}^{\top}K_l\big),\quad z'_{l,t,n} = z_{l,t,n}^{\top}V_l,\quad o_{l,t} = \sum_{n=1}^{N} s_{l,t,n}\,z'_{l,t,n};\quad \text{frozen: backbone and } N \text{ trained task adapters } \Phi_n;\ \text{trained: } Q_l,K_l,V_l\ (\text{and head})","3d^2 + 3d\ \text{per layer}\ (Q_l,K_l,V_l\in\mathbb{R}^{d\times d})",a fusion layer after the \(N\) parallel task adapters at the FFN position of every layer,"Input-dependent convex combination: a dot-product attention whose query is the FFN output and whose keys/values are the outputs of \(N\) frozen adapters, i.e. a context-dependent point of the simplex \(\Delta^{N-1}\) mixing \(V\)-projected adapter outputs (two-stage: knowledge extraction, then composition).",no,All \(N\) adapters and the attention mixer run at inference; the mixing weights depend on the input.,"No: \(Q\) and \(K\) are random; \(V\) is initialized to an identity diagonal plus 1e-6 noise (and L2-regularized toward it), so at init the layer outputs an attention-weighted average of adapter outputs, not the base model.","Separate knowledge extraction (train one adapter per task, non-destructively) from knowledge composition (learn a small attention layer that mixes the frozen adapters per token for a target task), avoiding catastrophic forgetting and task interference of multi-task fine-tuning.","Across 16 NLU tasks with BERT-base, AdapterFusion improves over full fine-tuning and over single-task and multi-task adapters on the target task.",True,method,F_T,Fun,"A family over inputs: \(x\mapsto s(x)\in\Delta^{N-1}\) picks, per token, a point of the simplex over \(N\) frozen adapters, a \(T\)-point of the \(N\)-fold adapter extension with \(T=X\), not an object of \(\mathsf{Meth}\). It separates knowledge extraction (the frozen adapters) from composition (the \(T\)-point), and its only continuous gauge is the query–key slide.",pfeiffer2020adapterfusion,F_T,Fun,defect,GL,GLxGL,Minf,
adapterdrop,AdapterDrop,AdapterDrop: dropping adapters from lower Transformer layers,AdapterDrop: On the Efficiency of Adapters in Transformers,Rücklé et al.,2020,EMNLP 2021,2010.11918,https://arxiv.org/abs/2010.11918,https://github.com/adapter-hub/adapters,False,,architectural-insertion,"h^{(l)} = \begin{cases} F_l\big(h^{(l-1)}\big) & l \le n \\ A_l\big(F_l(h^{(l-1)})\big) & l > n \end{cases},\qquad n \text{ fixed (specialized) or } n\sim\mathcal{U}\{0,\dots,11\}\ \text{per batch (robust)};\ \text{backbone frozen, adapters } A_l \text{ trained}","(L-n)\,(2rd + r + d)\ \text{for specialized AdapterDrop (adapters only in the top } L-n \text{ layers)};\ L\,(2rd+r+d)\ \text{for robust AdapterDrop (all adapters trained, } n \text{ resampled per batch)}",adapters kept only in the upper \(L-n\) layers; the first \(n\) layers are the unmodified backbone,"Restricts the set of insertion sites to a final segment of the layer chain, so the composite factors as (adapted top) \(\circ\) (shared frozen bottom); the shared prefix can be computed once for many tasks. The robust variant samples \(n\) per batch (stochastic depth over adapters). Also prunes AdapterFusion to its most-attended adapters.",no,Remaining adapters are ordinary nonlinear bottleneck adapters.,Inherited from the underlying adapter initialization (approximate identity); the first \(n\) layers are exactly the backbone.,"Lower layers matter little for adapters, so removing their adapters (during training and/or inference) speeds up training and multi-task inference with small accuracy loss; one robustly trained model can be run with any number of dropped layers.","With RoBERTa-base on GLUE, dropping adapters from the first five layers keeps 97.1% (specialized) / 95.4% (robust) of performance and makes simultaneous inference on 8 tasks 39% faster; pruning AdapterFusion from 8 to 2 adapters keeps performance.",False,recipe,E,Fun,"Specialised AdapterDrop is the sub-object of the adapter extension obtained by freezing the bottom-\(n\) adapters at their neutral point (A2). That also truncates the backprop cone (Obs IV.4) and makes the frozen bottom segment shared across tasks. Robust AdapterDrop is a family over the drop depth \(n\in\{0,\dots,11\}\), trained jointly.",ruckle2020adapterdrop,E,Fun,neutral,torus,GLxGL,Minf,
k-adapter,K-Adapter,K-Adapter: knowledge-specific side adapters,K-Adapter: Infusing Knowledge into Pre-Trained Models with Adapters,Wang et al.,2020,Findings of ACL-IJCNLP 2021,2002.01808,https://arxiv.org/abs/2002.01808,https://github.com/microsoft/k-adapter,False,,architectural-insertion,"a_k = \mathcal{A}_k\big([\,h_{l_k}\,;\,a_{k-1}\,]\big),\ \ \mathcal{A}_k = \text{down-proj} \to N\ \text{Transformer layers} \to \text{up-proj (skip across the projections)},\ \ l_k\in\{0,11,23\};\quad \text{output } [\,h_L\,;\,a_K\,];\quad \text{knowledge pre-training: backbone frozen, } \mathcal{A}\text{ trained}","\approx 42\text{M per knowledge adapter during knowledge pre-training (RoBERTa-Large frozen; } K=3 \text{ adapter layers at backbone layers } \{0,11,23\},\ N=2,\ H_A=768,\ H_d=768,\ H_u=1024);\ \text{downstream fine-tuning updates RoBERTa with the adapters frozen}","outside plug-in (side network) reading hidden states of backbone layers \(\{0, 11, 23\}\); its output is concatenated with the backbone's final hidden state","Side network: a separate small Transformer stack that reads (by concatenation) intermediate backbone states and never writes back into the backbone; the final representation is the concatenation (a product) of backbone and side-network features, and multiple knowledge adapters are combined by further concatenation.",no,A separate network with its own Transformer layers runs alongside the backbone.,"No: adapters are randomly initialized; the backbone representation is left untouched (outputs are concatenated, not added), so original features stay available but the head sees a new concatenated feature.","Inject different kinds of knowledge (factual relations from Wikidata, dependency syntax) into independent side adapters trained with the backbone frozen, enabling continual, non-interfering knowledge infusion. Note: for downstream tasks the paper keeps the adapters fixed and fine-tunes RoBERTa, so it is a modular knowledge-infusion method rather than a downstream PEFT method.","K-Adapter (factual + linguistic) improves RoBERTa-Large on entity typing (OpenEntity +1.38 F1), relation classification and question answering.",False,method,E,Fun,"A side extension that never writes back: the representation is the product \(h_L\times a_K\), so the base function survives as the projection \(\pi_1\), and knowledge sources are added by further products. Downstream the paper fine-tunes the backbone with the adapters frozen, so only the knowledge-infusion stage is a PEFT method in this framework.",wang2020k,E,Fun,neutral,GL,GLxGL,Minf,
compacter,Compacter,Compacter (Compact Adapter with low-rank PHM layers),Compacter: Efficient Low-Rank Hypercomplex Adapter Layers,Karimi Mahabadi et al.,2021,NeurIPS 2021,2106.04647,https://arxiv.org/abs/2106.04647,https://github.com/rabeehk/compacter,False,,architectural-insertion,"h \leftarrow h + U\,\mathrm{GeLU}(Dh),\quad D=\sum_{i=1}^{n}A_i\otimes(s_i^{D}t_i^{D\top}),\ U=\sum_{i=1}^{n}A_i\otimes(s_i^{U}t_i^{U\top}),\ A_i\in\mathbb{R}^{n\times n}\ \text{shared by all adapters and layers},\ s_i^{D}\in\mathbb{R}^{\frac{r}{n}\times\rho},\ t_i^{D}\in\mathbb{R}^{\frac{d}{n}\times\rho},\ s_i^{U}\in\mathbb{R}^{\frac{d}{n}\times\rho},\ t_i^{U}\in\mathbb{R}^{\frac{r}{n}\times\rho}\ (\rho=1\ \text{default});\ d=\text{hidden size},\ r=\text{bottleneck};\ \text{backbone frozen}",2\rho(d+r)\ \text{per adapter} + n^{3}\ \text{shared};\ \text{model total } 4L(d+r)+n^{3}\ (\rho=1),bottleneck adapters after attention and FFN sublayers (Compacter++: after the FFN only),"Adapter projections are sums of \(n\) Kronecker products of shared 'slow' \(n \times n\) matrices \(A_i\) with layer-specific rank-\(\rho\) 'fast' matrices \(s_i t_i^{\top}\) (low-rank PHM, LPHM).",no,Serial bottleneck adapter with a nonlinearity; adds inference latency and cannot be folded.,Not specified as an exact zero-init; relies on the adapter residual connection as in Houlsby adapters.,"Combine hypercomplex (Kronecker-sum) layers, cross-layer sharing of the slow factors, and rank-one fast factors to bring adapter cost from \(O(kd)\) to \(O(k+d)\).","On GLUE with T5-base, Compacter (0.073%) and Compacter++ (0.047% of parameters) perform on par with full fine-tuning and outperform it on SuperGLUE and in low-resource settings.",True,method,E,Fun,"Compacter is a method on the Houlsby extension \(\Theta\times\Theta'\), obtained from the PHM adapter by tying the slow weights \(A_i\) across all boxes and restricting the fast weights to rank \(\rho\). It maps by A3 into the PHM adapter and into the dense Houlsby adapter, but no weight-space method simulates it, because its box function is non-affine.",mahabadi2021compacter,E,Fun,neutral,torus,Pi,Minf,
hyperformer,HyperFormer,HyperFormer / HyperFormer++: shared hypernetworks for task-conditioned adapters,Parameter-efficient Multi-task Fine-tuning for Transformers via Shared Hypernetworks,Karimi Mahabadi et al.,2021,ACL 2021,2106.04489,https://aclanthology.org/2021.acl-long.47/,https://github.com/rabeehk/hyperformer,False,,architectural-insertion,"(U_{\tau}^{l},D_{\tau}^{l})=\big(W^{U^l},W^{D^l}\big)I_{\tau},\ \ I_{\tau}=h_I(z_{\tau})\ \ (\text{HyperFormer++: }I_{\tau}=h'_I(z_{\tau},l_i,p_j)\text{ with one hypernetwork shared by all layers});\quad A_{\tau}^{l}(x)=LN_{\tau}^{l}\big(U_{\tau}^{l}\operatorname{GeLU}(D_{\tau}^{l}x)\big)+x;\ \text{trained: hypernetworks, task/layer/position embeddings, layer norms; T5 frozen}","\text{HyperFormer++ (whole model, }T\text{ tasks): }t(T+4+2L)+8te+2t(2rd+2d)\ \ (t=64,\ e=128;\ \text{task/layer/position embeddings, two task projectors, adapter and LayerNorm hypernetworks for encoder and decoder}),\ \text{a new task adds }t;\ \text{HyperFormer: one hypernetwork per layer with }t(2rd+2d)\ \text{weights; T5 LayerNorms also trained; 0.29\% added parameters per task reported}","adapters after the attention and feed-forward blocks of every T5 layer, plus conditional layer norms","Linear hypernetwork mapping a (task, layer, position) embedding to the down/up projections of a residual bottleneck adapter and to layer-norm parameters; knowledge shared through the hypernetwork, specialization through task embeddings.",no,The generated modules are non-linear bottleneck adapters inserted into the computation graph.,No explicit guarantee; generated adapters sit in a residual branch \(A(x) = \mathrm{LN}(\dots) + x\).,"Instead of separate adapters per task, generate all adapters from shared hypernetworks conditioned on task and position embeddings, sharing information across tasks while keeping task-specific modules.",Improves multi-task GLUE performance with only 0.29% added parameters per task and gives substantial gains in few-shot domain generalization.,True,method,F_T,Fun,"HyperFormer is a \(T\)-point \(a:T\to Q_{\rm adapter}\) of the adapter extension, given by a linear hypernetwork whose \(GL_t\) slide on the task-embedding wire is its gauge. Tasks share \(a\) and specialise through \(z_\tau\). Unlike Text-to-LoRA, each fibre \(a(z_\tau)\) is a non-linear adapter with an output LayerNorm, so no task's model lifts to \(\Theta\).",mahabadi2021parameter,F_T,Fun,defect,GL,GLxGL,Minf,
parallel-adapter,Parallel Adapter,(Scaled) Parallel Adapter,Towards a Unified View of Parameter-Efficient Transfer Learning,He et al.,2021,ICLR 2022,2110.04366,https://arxiv.org/abs/2110.04366,https://github.com/jxhe/unify-parameter-efficient-tuning,False,,architectural-insertion,"h \leftarrow F(x) + s\cdot W_{up}\,\sigma(W_{down}\,x),\quad x = \text{input of the frozen sublayer } F\ (\text{FFN or attention});\ \ s=1\ (\text{PA}),\ s>1\ \text{fixed (scaled PA, e.g. } s=4);\ \ W_{down}\in\mathbb{R}^{r\times d},\ W_{up}\in\mathbb{R}^{d\times r}\ \text{trained}","2rd\ (+\,r + d \text{ biases})\ \text{per adapted sublayer}","in parallel to the FFN (preferred) or attention sublayer, reading the sublayer input","Additive parallel composition: the frozen sublayer map \(F\) is replaced by \(F + s\,g\) with \(g = W_{up}\sigma W_{down}\) a bottleneck MLP of the same input (a sum of two morphisms with common domain), versus the serial post-composition \((\mathrm{id}+g)\circ F\) of sequential adapters.",no,"The bottleneck is nonlinear and \(F\) (an FFN) is nonlinear, so \(F+sg\) cannot be rewritten as the original architecture; with \(\sigma = \mathrm{id}\) around a single linear map it collapses to LoRA, which is mergeable.","Exact for the scaled PA as implemented: LoRA-style init (\(W_{down}\) Kaiming-uniform, \(W_{up} = 0\)), so the parallel branch outputs 0 at init.","Viewing prefix tuning as a gated parallel adapter on attention outputs suggests moving adapters from serial to parallel insertion, placing them at the FFN, and borrowing LoRA's scaling; parallel insertion beats serial at equal budget (a similar parallel adapter was proposed concurrently by Zhu et al., 2021 for MT).","On XSum summarization and WMT16 en-ro translation, the FFN parallel adapter outperforms the FFN sequential adapter by 1.7 ROUGE-2 and 0.8 BLEU at the same parameter budget.",True,method,E,Fun,"The additive dual of the serial adapter: \(F+s\,U\sigma(D\,\cdot)\) is a Minkowski sum on an extension, so at function level its stages add like LoRA's. Around a single linear map, \(\sigma=\mathrm{id}\) gives LoRA (Prop VI.4(a)), and with ReLU \(\mathrm{LoRA}_r\to\mathrm{PA}_{2r}\) via \(h(B,A)=([B,-B],[A;-A])\), since \(\mathrm{ReLU}(t)-\mathrm{ReLU}(-t)=t\). A GELU parallel bottleneck would embed by freezing (A2) in AIM's joint MLP adapter and in Res-Tuning's FFN Res-Adapter, but He et al.'s PA is ReLU, so those are not arrows out of this object.",he2021unified,E,Fun,neutral,torus,GLxGL,Minf,
mam-adapter,MAM Adapter,Mix-And-Match Adapter,Towards a Unified View of Parameter-Efficient Transfer Learning,He et al.,2021,ICLR 2022,2110.04366,https://arxiv.org/abs/2110.04366,https://github.com/jxhe/unify-parameter-efficient-tuning,False,,hybrid,"\text{attention: } \mathrm{head} = \mathrm{Attn}\big(xW_q,\ [P_k; CW_k],\ [P_v; CW_v]\big),\ P_k,P_v\in\mathbb{R}^{\ell\times d/n_h}\ (\ell=30);\quad \text{FFN: } h \leftarrow \mathrm{FFN}(x) + s\cdot W_{up}\,\sigma(W_{down}\,x),\ r=512;\ \text{backbone frozen}","2\ell d + 2rd\ \text{per layer at inference }(\ell = 30,\ r = 512;\ \text{prefix trained through an MLP reparameterization})",prefix vectors at every attention layer (small budget) plus a scaled parallel adapter at every FFN (large budget),"Sum of two of the unified-view instances in each layer: a softmax-gated parallel modification of attention heads (prefix tuning) and a scaled parallel bottleneck on the FFN, with the parameter budget deliberately allocated mostly to the FFN.",no,Prefixes add attention slots and the FFN adapter is nonlinear.,"Partial: the scaled parallel adapter starts at 0 (\(W_{up} = 0\)), but prefixes change attention from the first step (prefix tuning has no exact identity init).","Transfer the favourable design choices found by the unified analysis: parallel insertion, FFN modification with large capacity, scaling composition, and multi-head attention modification with a tiny prefix.","With 6.7% tuned parameters, MAM matches full fine-tuning on XSum and en-ro and is the best of the compared PEFT methods; with RoBERTa-base and 0.5% parameters it reaches 87.4 MNLI / 94.2 SST-2 vs 87.6 / 94.6 for full fine-tuning.",True,method,E0,Fun,"A sum, on an extension, of a prefix on attention and a scaled parallel adapter on the FFN. Because the prefix summand is unpointed, the sum is an unpointed extension, and not a \(\oplus\)-word in \(\mathsf{Meth}\) (Exposé I). Prefix tuning embeds in it by freezing the adapter at \(U=0\) (A2), but the parallel adapter does not embed, since no prefix value is neutral.",he2021unified,E0,Fun,unpointed,GL,GLxGL,Minf,
unipelt,UniPELT,"UniPELT: unified, gated parameter-efficient language model tuning",UniPELT: A Unified Framework for Parameter-Efficient Language Model Tuning,Mao et al.,2021,ACL 2022,2110.07577,https://arxiv.org/abs/2110.07577,https://github.com/morningmoni/UniPELT,False,,hybrid,"h'_A = \mathcal{G}_A\,W_{up}\,\phi(W_{down}\,h_{FN}) + h_F;\quad K' = [\mathcal{G}_P P_K;\,K],\ V' = [\mathcal{G}_P P_V;\,V];\quad W = W_0 + \mathcal{G}_L\,\Delta W_{\text{LoRA}};\quad \mathcal{G}_m = \mathrm{sigmoid}\big(\mathrm{FFN}_m(\cdot)\big)\in(0,1),\ m\in\{A,P,L\};\ \text{backbone frozen}","2rd\ (\text{adapter}) + 2\ell d\ (\text{prefix}) + 2\,r'(d_{in}+d_{out})\ (\text{LoRA on } W_q,W_v) + O(d)\ \text{gates, per layer}","sequential adapter after the FFN, prefixes at attention keys/values, LoRA on \(W_q\) and \(W_v\), each with its own gate in every layer","Input-dependent sigmoid-gated sum of three heterogeneous submodules inside each layer (serial adapter, prefix, LoRA): a learned, per-example mixture over PEFT 'experts', with each gate able to switch its submodule off.",no,Adapter and prefix branches are not mergeable and the LoRA gate depends on the input.,"Not exact: inherits submodule initializations (LoRA \(B = 0\) and near-zero adapters, but prefixes perturb attention from the start).","Rather than choosing one PEFT method per task, include adapter, prefix tuning and LoRA as submodules and learn gates that activate whichever combination suits the data and task.","On GLUE, UniPELT gains 1-4 points over the best individual submodule in low-resource settings, often exceeds the upper bound of its submodules, and matches or beats fine-tuning with more data.",True,method,E0,Fun,"An input-gated combination of three summands (serial adapter, gated prefix, LoRA): a family over inputs \(X\) of points of \(\mathrm{Ad}\oplus\mathrm{Prefix}\oplus\mathrm{LoRA}\) on an extension. Gating the prefix keys and values does not gate its softmax mass, so no gate value is neutral and the object is unpointed. Input-dependence also costs LoRA its mergeability.",mao2021unipelt,E0,Fun,unpointed,GL,GLxGL,Minf,
adamix,AdaMix,Mixture-of-Adaptations,AdaMix: Mixture-of-Adaptations for Parameter-efficient Model Tuning,Wang et al.,2022,EMNLP 2022,2205.12410,https://arxiv.org/abs/2205.12410,https://github.com/microsoft/AdaMix,False,,architectural-insertion,"\text{train: } x \leftarrow x + f\big(x\,\mathcal{W}^{down}_{i,k}\big)\,\mathcal{W}^{up}_{i,j},\ \ (j,k)\ \text{sampled uniformly per step};\ \ \mathcal{L} = \mathrm{CE} + \tfrac12\big(\mathrm{KL}(z^{\mathcal{A}}\Vert z^{\mathcal{B}}) + \mathrm{KL}(z^{\mathcal{B}}\Vert z^{\mathcal{A}})\big);\quad \text{inference: } \mathcal{W}'^{up}_{i} = \tfrac1M\sum_{j}\mathcal{W}^{up}_{ij},\ \mathcal{W}'^{down}_{i} = \tfrac1M\sum_{j}\mathcal{W}^{down}_{ij}","(M+1)\,rd\ (+\text{biases})\ \text{per adapter during training in the default setting (} M \text{ down-projections, one shared up-projection, Sec. 3.4)},\ 2Mrd \text{ without sharing};\ 2rd\ \text{per adapter after merging (default } M=4)",Houlsby adapter positions (or LoRA matrices when the underlying method is LoRA),"A sparse mixture of \(M\) adapter 'experts' per layer with random (parameter-free) routing during training, consistency-regularized between two stochastic routes, and collapsed by weight averaging into a single adapter of the original size for inference (a model-soup within one layer).",no,The averaged adapter is still a nonlinear bottleneck (mergeable into \(W\) only when the underlying method is LoRA).,Inherits the underlying PEFT initialization (approximate identity for adapters; exact for LoRA with \(B = 0\)).,"Train several adaptation modules per layer with stochastic routing (same FLOPs as one), then average them into one module, gaining ensemble-like benefits at the cost and size of a single adapter.","Tuning 0.1-0.2% of parameters, AdaMix outperforms full fine-tuning on all GLUE tasks with RoBERTa-large (0.23%) and beats LoRA and adapters on E2E NLG with GPT-2.",False,recipe,E,Fun,"At training time AdaMix is a family over random routes \((j,k)\in[M]^2\) of adapters; for inference it is collapsed by the factor-wise averaging map, an A3 arrow into a single adapter. Like LoraHub's factor-wise rule, the average depends on the gauge. Sharing one up-projection pins the hidden-unit permutations of all experts to a common gauge, which is why weight averaging is meaningful here.",wang2022adamix,E,Fun,neutral,none,GLxGL,Minf,
llama-adapter,LLaMA-Adapter,LLaMA-Adapter (adaption prompts with zero-initialized gated attention),LLaMA-Adapter: Efficient Fine-tuning of Language Models with Zero-init Attention,Zhang et al.,2023,ICLR 2024,2303.16199,https://arxiv.org/abs/2303.16199,https://github.com/OpenGVLab/LLaMA-Adapter,True,"AdaptionPromptConfig(adapter_len, adapter_layers)",input-or-activation-augmentation,"S_l = \tfrac{Q_lK_l^{\top}}{\sqrt{d}},\ \ K_l = [P_l;T_l;t_l]W_k,\ V_l = [P_l;T_l;t_l]W_v;\quad S^{g}_l = \big[\mathrm{softmax}(S^{K}_l)\cdot\tanh(g_l);\ \mathrm{softmax}(S^{M+1}_l)\big];\quad t^{o}_l = W_o\,S^{g}_l V_l;\ \ P_l\in\mathbb{R}^{\ell\times d}\ \text{and per-head gates } g_l\ \text{trained (top } L' \text{ layers)};\ W_{q,k,v,o}\ \text{frozen}","L'\ell d + L' n_h\ \ (\ell = 10,\ L' = 30 \Rightarrow \approx 1.2\text{M for LLaMA-7B})","self-attention of the topmost \(L'\) layers: learnable adaption prompts used as extra keys/values (through the frozen \(W_k\), \(W_v\)) with a gated, separately normalized softmax","Learned prompt tokens prepended at each upper layer and attended through their own softmax whose output is multiplied by a zero-initialized tanh gate; because the word-token softmax is kept separate, the layer equals the original attention plus an additive gated prefix branch. In He et al.'s unified view this is a zero-gated parallel attention branch, whose softmax bottleneck has width \(\ell\) and whose projections are tied to the frozen \(W_{q,k,v,o}\).",no,The adaption prompts add attention slots in the top layers at inference.,"Exact: \(g_l = 0\) gives \(\tanh(g_l) = 0\), so the prompt branch contributes nothing and the separately normalized word-token attention is unchanged.",Prefix-like prompts in the upper layers combined with a zero-initialized gate inject instruction-following ability progressively without disturbing the pretrained model at the start of training; the same zero-init attention also injects image tokens for multimodal reasoning.,"Fine-tunes frozen LLaMA-7B on 52K self-instruct demonstrations with 1.2M parameters in under one hour on 8 A100s, giving instruction-following comparable to fully fine-tuned Alpaca-7B; also extends to ScienceQA and other multimodal benchmarks.",True,method,E,Fun,"A separately normalised prefix, \(\mathrm{Attn}_q(C)+\tanh(g)\,\mathrm{Attn}_q(P)\), uses two perspective maps (Thm VI.5(d)): content attention is untouched, and \(g=0\) is a neutral point. So its categorical contribution over prefix tuning is pointedness. At \(g=0\) only the gate moves to first order.",zhang2023llama,E,Fun,neutral,none,GLxGL,Minf,
llama-adapter-v2,LLaMA-Adapter V2,LLaMA-Adapter V2: parameter-efficient visual instruction model,LLaMA-Adapter V2: Parameter-Efficient Visual Instruction Model,Gao et al.,2023,arXiv,2304.15010,https://arxiv.org/abs/2304.15010,https://github.com/OpenGVLab/LLaMA-Adapter,False,,hybrid,"y = W_0x \;\to\; y = s\cdot(W_0x + b),\ \ b\ \text{init } 0,\ s\ \text{init } 1\ \text{(every linear layer; released code applies } s \text{ to the input: } y = W_0(s\odot x) + b);\ \ +\ \text{zero-gated adaption prompts in the last } L' \text{ layers and visual tokens with zero-init attention in early layers; norms unfrozen; } W_0 \text{ frozen}",(d_{in}+d_{out})\ \text{per linear layer (scale + bias)} + \text{norm gains} + L'\ell d + \text{gates} + \text{early visual prompts/projection}\ \ (\text{paper: bias/scale/norm part} \approx 5\text{M} = 0.04\%;\ \approx 14\text{M new parameters over LLaMA in total}),"every linear layer (bias + scale), all normalization layers, adaption prompts in the last layers, visual prompts in early layers","Composite of (i) affine reparameterization of every linear map by a diagonal scale and bias (a BitFit/SSF-like action, mergeable), (ii) LLaMA-Adapter zero-gated prefix attention in the upper layers, and (iii) early fusion of visual tokens, with disjoint parameter groups trained on image-text vs instruction data.",no,"The scale/bias part can be folded into \(W_0\), but the gated adaption prompts and visual-token attention cannot.","Exact: bias 0, scale 1 and zero-initialized attention gates leave the model unchanged at init.","Unlock more capacity cheaply (bias + scale on all linear layers, unfrozen norms), inject visual tokens early and instruction prompts late, and train the two parameter groups on disjoint data to avoid interference between image-text alignment and instruction following; expert captioning/OCR models can be plugged in at inference.",Adds about 0.04% (~5M) new parameters to LLaMA for language instruction tuning and obtains open-ended multimodal instruction following trained only on image-text pairs plus language instruction data.,False,method,E,Fun,"A pointed extension that sums an R-part (a per-layer torus-and-translation action of (IA)\(^3\)/BitFit type, which merges) with LLaMA-Adapter's zero-gated prefix (which does not). The norm gains and the consumers' input scales are related by a diagonal slide, which is its torus gauge. The disjoint parameter groups trained on different data are a training recipe, not a change of object.",gao2023llama,E,Fun,neutral,torus,MonxGL,Minf,
side-tuning,Side-Tuning,Side-Tuning: additive side networks,Side-Tuning: A Baseline for Network Adaptation via Additive Side Networks,Zhang et al.,2019,ECCV 2020,1912.13503,https://arxiv.org/abs/1912.13503,https://github.com/jozhang97/side-tuning,False,,architectural-insertion,"R(x) = \alpha\,B(x) + (1-\alpha)\,S(x),\quad B\ \text{frozen base},\ S\ \text{trainable side network},\ \alpha\ \text{learned or scheduled (e.g. } \alpha(N) = \tfrac{k}{k+N})","|\theta_S| + 1\ \ (\text{side network of any size: a copy of } B, \text{ a distilled small net, or a tiny MLP})",representation level: late fusion of base and side features before the task decoder,"Late-fusion side network: an \(\alpha\)-blend (convex combination) of frozen base features and side-network features computed from the same input, with no access to intermediate backbone activations; \(\alpha = 1\) is feature extraction, \(\alpha = 0\) with \(S\) a copy of \(B\) is fine-tuning.",no,The side network is a separate forward computation that must run at inference.,Exact when \(S\) is initialized as a copy of \(B\) (the paper's default when architectures match): \(R(x) = B(x)\) for any \(\alpha\); otherwise \(S\) is initialized by distillation from \(B\) (approximate).,Adapt a frozen network by learning a residual side network whose output is blended with the base representation; it never degrades the base task and treats the base as a black box (it can even be a non-network).,"Competitive with fine-tuning on transfer and incremental-learning benchmarks (iCIFAR, iTaskonomy, Habitat RL, SQuAD v2 with BERT) without forgetting, often with side networks much smaller than the base.",False,method,E,Fun,"A late-fusion side extension \(R=\alpha B+(1-\alpha)S\), pointed at \(\alpha=1\). With \(S\) a copy of \(B\) and \(\alpha=0\) it contains full fine-tuning at the function level: Full FT \(\to\) side-tuning pointed at \((0,B)\), \(h(\theta)=(0,\theta)\). So it sits above the terminal object of \(\mathsf{Meth}\) and is not an object of it.",zhang2019side,E,Fun,neutral,torus,GLxGL,Minf,
ladder-side-tuning,LST,Ladder Side-Tuning,LST: Ladder Side-Tuning for Parameter and Memory Efficient Transfer Learning,Sung et al.,2022,NeurIPS 2022,2206.06522,https://arxiv.org/abs/2206.06522,https://github.com/ylsung/Ladder-Side-Tuning,False,,architectural-insertion,"h^{g}_{i} = \mathrm{Layer}^{g}_{i}\big(\mu_i\,\mathrm{Down}_i(h^{f}_{i}) + (1-\mu_i)\,h^{g}_{i-1}\big),\ \ \mu_i = \mathrm{sigmoid}(\alpha_i/T),\ \alpha_i\ \text{init } 0,\ T=0.1;\quad \hat y = \mathrm{LMHead}\big(\mathrm{Up}(h^{g}_{N})\big);\ \ \text{backbone } f \text{ frozen and run forward-only; side network } g,\ \mathrm{Down}_i,\ \mathrm{Up}\ \text{trained}","\approx |\theta_f|/r^{2} + O(L\,d^{2}/r)\ \ (\text{side Transformer with all widths divided by the reduction factor } r,\ \text{plus ladder projections})",a separate thin side network fed by shortcut ('ladder') connections from every backbone layer (and the embeddings); predictions come from the side network through the frozen LM head,"Side network = \(1/r\)-width pruned copy of the backbone receiving, at each depth, a gated convex combination of a linearly down-projected backbone activation and its own previous state; information flows only backbone -> side, so no gradient enters the backbone.",no,The side network is extra computation at inference (it produces the prediction).,"No: the output is produced by the side network, so the model does not equal the backbone at init; instead the side network is initialized by structural pruning of backbone weights (Fisher-information row importance) and gates start at \(\mu = 0.5\).","Parameter efficiency is not memory efficiency: by never backpropagating through the backbone (gradients only flow through a small ladder-connected side network), training memory drops far below adapters or LoRA.","On GLUE with T5-base, LST saves 69% of full fine-tuning memory (2.7x more savings than Adapter/LoRA at similar parameter usage) and beats Adapter and LoRA in the low-memory regime; it also scales to T5-3B and CLIP-T5 vision-language tasks.",True,method,E0,Fun,"An extension whose prediction factors through a side network of width \(d/r\). By the cut-rank bound, \(\mathrm{LMHead}\circ\mathrm{Up}\) has rank \(\le d/r\), so no parameter value reproduces \(f\): LST is unpointed, not merely near-pointed. Its contribution is on the cotangent side: the ladders cut the backprop cone, so the backbone's backward pass never runs (Obs IV.4).",sung2022lst,E0,Fun,unpointed,GL,GLxGL,Minf,
res-tuning,Res-Tuning,Res-Tuning / Res-Tuning-Bypass: tuners unbound from the backbone,Res-Tuning: A Flexible and Efficient Tuning Paradigm via Unbinding Tuner from Backbone,Jiang et al.,2023,NeurIPS 2023,2310.19859,https://arxiv.org/abs/2310.19859,https://github.com/modelscope/ms-swift,False,,architectural-insertion,"x' = \mathrm{OP}(x) + \text{Res-Tuner}(x),\ \ \mathrm{OP}\in\{\mathrm{MHA},\mathrm{FFN},\text{block}\}\ \text{frozen};\quad \text{Bypass: } x^{b}_{0} = x_0,\ \ x^{b}_{l} = \lambda\,\text{Res-Tuner}_{h}(x_l) + (1-\lambda)\,\text{Res-Tuner}_{v}(x^{b}_{l-1}),\ \lambda = \mathrm{sigmoid}(\cdot)\ \text{init } 0.5","\sum_{\text{tuned ops}} |\theta_{\text{tuner}}|\ \ (\text{tuner-dependent, e.g. } 2rd \text{ per bottleneck tuner})","tuners in parallel to MHA, FFN and whole blocks (Res-Tuning), or a detached bypass network fed by every block output (Res-Tuning-Bypass)","'Unbinding': prefix, prompt and adapter tuning are rewritten (with empirical equivalence) as frozen operation plus a parallel residual tuner, so tuners become free-standing modules added to backbone operations; the Bypass variant assembles horizontal (backbone \(\to\) bypass) and vertical (bypass \(\to\) bypass) tuners into a ladder-like side network.",no,"Tuners are generally nonlinear (attention or MLP) modules, and the Bypass variant is a separate network.",Depends on the tuner instantiation (zero-initialized output projections give the identity in the attached form); the Bypass variant does not reproduce the backbone at init.,"Decoupling tuner design from the backbone structure lets any tuner be attached anywhere and combined freely, and detaching the tuners into a bypass avoids backpropagating through the backbone and allows one backbone pass for many tasks.","State-of-the-art VTAB-1K accuracy among PETL methods at similar parameter counts; Res-Tuning-Bypass cuts training memory by 49.7% and multi-task inference time by 80.9% on discriminative tasks, and by 70.7% / 83.6% for Stable Diffusion generation.",False,method,E,Fun,"'Unbinding' rewrites every tuner as a parallel summand \(\mathrm{OP}+\mathrm{Tuner}\), moving it into the additive, parallel-adapter form. For prefix and prompt tuning this replaces the single softmax by a separately normalised branch, which is a different object (Thm VI.5(b) against (d)), not an equivalent one. The Bypass variant is an LST-type ladder.",jiang2023res,E,Fun,neutral,none,GLxGL,Minf,
controlnet,ControlNet,ControlNet: trainable-copy side network with zero convolutions,Adding Conditional Control to Text-to-Image Diffusion Models,Zhang et al.,2023,ICCV 2023,2302.05543,https://arxiv.org/abs/2302.05543,https://github.com/lllyasviel/ControlNet,False,,architectural-insertion,"y_c = \mathcal{F}(x;\Theta) + \mathcal{Z}\big(\mathcal{F}(x + \mathcal{Z}(c;\Theta_{z1});\Theta_c);\Theta_{z2}\big),\quad \Theta\ \text{frozen},\ \Theta_c \leftarrow \Theta\ \text{(trainable copy)},\ \mathcal{Z} = 1{\times}1\ \text{conv with zero weights and bias}","|\Theta_c| + |\Theta_{z}| + |\mathcal{E}|\ \ (\text{trainable copy of the 12 encoder blocks and the middle block of the SD U-Net, the zero convolutions, and a tiny 4-layer conv encoder } \mathcal{E} \text{ mapping the } 512^2 \text{ condition to } 64^2)",trainable copy of the U-Net encoder and middle block; its outputs are added through zero convolutions to the skip connections and middle block of the frozen U-Net,"Side network = trainable copy of the encoder that additionally receives the condition \(c\), connected to the frozen network at both ends through zero-initialized 1x1 convolutions; it extends the input object from \(x\) to \((x, c)\) and adds residual corrections to the frozen decoder's skip features.",no,The copy processes the extra condition input and must run at inference.,"Exact: both zero convolutions output 0 at the first step, so \(y_c = F(x; \Theta)\) and the trainable copy starts as the pretrained encoder.","Reuse the deep pretrained encoder as a backbone for learning a new conditioning signal by training a copy of it and connecting it with zero convolutions, which protects the frozen model from harmful gradients early in training.","Adds spatial controls (edges, depth, segmentation, human pose, etc.) to Stable Diffusion, with training robust on both small (<50k) and large (>1M) datasets.",True,method,E,Fun,"A pointed side extension over the enlarged input \(X\times C\): a copy of the encoder joined at both ends by zero convolutions. At initialisation the copy is dead to first order, and only the outer zero convolution moves. Its corrections are additive residuals on skip features, so several ControlNets compose by \(\oplus\).",zhang2023adding,E,Fun,neutral,GL,GLxGL,Minf,
t2i-adapter,T2I-Adapter,T2I-Adapter: lightweight condition adapters for text-to-image diffusion,T2I-Adapter: Learning Adapters to Dig out More Controllable Ability for Text-to-Image Diffusion Models,Mou et al.,2023,AAAI 2024,2302.08453,https://arxiv.org/abs/2302.08453,https://github.com/TencentARC/T2I-Adapter,False,,architectural-insertion,"F_c = \mathcal{F}_{AD}(C),\quad \hat F^{\,i}_{enc} = F^{\,i}_{enc} + F^{\,i}_{c},\ i\in\{1,2,3,4\};\quad \text{multi-condition: } F_c = \sum_{k=1}^{K}\omega_k\,\mathcal{F}^{k}_{AD}(C_k);\ \ \text{SD frozen, } \mathcal{F}_{AD}\ \text{trained}","\approx 77\text{M per adapter (18M small, 5M tiny variants)}",external condition encoder whose four multi-scale features are added to the frozen U-Net encoder features,"Additive feature injection from a small external network (pixel-unshuffle, convolutions and residual blocks): each condition defines a translation of the frozen encoder's intermediate states at four scales, and several adapters compose by weighted sum without retraining.",no,The adapter processes the extra condition input at inference.,Not guaranteed by construction (no zero-init is described); the original model is recovered exactly when no adapter is attached or its weight \(\omega_k = 0\).,"Align the internal knowledge of a frozen text-to-image model with external control signals using small, composable condition encoders that only need one pass per generation.","Supports sketch, depth, segmentation, keypose and color-palette control of Stable Diffusion with ~77M parameters, and multi-condition control by composing adapters without extra training.",False,method,E,Fun,"An additive feature-injection extension over the condition object \(C\). The correction \(F_c\) is independent of the latent and the timestep, so for fixed \(C\) it is a constant, spatially varying translation of four encoder states, and multi-condition use is the \(\oplus\) of adapters weighted by \(\omega_k\). It is not zero-initialised, so it starts with a pointing defect.",mou2023t2i,E,Fun,defect,torus,GLxGL,Minf,
ip-adapter,IP-Adapter,IP-Adapter: image prompt adapter with decoupled cross-attention,IP-Adapter: Text Compatible Image Prompt Adapter for Text-to-Image Diffusion Models,Ye et al.,2023,arXiv,2308.06721,https://arxiv.org/abs/2308.06721,https://github.com/tencent-ailab/IP-Adapter,False,,architectural-insertion,"Z^{new} = \mathrm{Attention}(Q,K,V) + \lambda\cdot\mathrm{Attention}(Q,K',V'),\quad Q = ZW_q,\ K = c_tW_k,\ V = c_tW_v\ \text{(frozen)},\ \ K' = c_iW'_k,\ V' = c_iW'_v\ \text{(trained, init from } W_k,W_v)","2\,d_{c}\,d\ \text{per cross-attention layer } (W'_k,W'_v) + \text{image-embedding projection}\ \ (\approx 22\text{M for SD 1.5, 16 layers})","a parallel image cross-attention branch added to every cross-attention layer of the U-Net, sharing the frozen query","Decoupled cross-attention: a second attention over new image-prompt tokens (with its own key/value projections and its own softmax) is added to the frozen text cross-attention output; \(\lambda\) scales the branch. Structurally this is the same decoupled-softmax parallel attention branch as LLaMA-Adapter's gated prompts, but its keys/values come from an input (the image embedding) through new trainable projections.",no,The image branch attends over extra tokens derived from the image prompt at inference.,"Not at init (\(W'_k, W'_v\) are copied from \(W_k, W_v\) so the branch is active from the start); the original model is recovered exactly with \(\lambda = 0\).","Instead of concatenating image and text features into the frozen cross-attention, add a separate cross-attention for image features so a small adapter gives strong image-prompt control while remaining compatible with text prompts and structural controls.",A ~22M-parameter IP-Adapter is comparable to or better than fully fine-tuned image-prompt models and remains compatible with text prompts and ControlNet-style controls.,False,method,E,Fun,"Structurally LLaMA-Adapter's separately normalised branch, \(\mathrm{Attn}(Q,K,V)+\lambda\,\mathrm{Attn}(Q,K',V')\), but with keys and values computed from an auxiliary input: an extension over \(X\times C_{\rm img}\). \(V'=0\) is neutral, but the copy initialisation starts it with a defect.",ye2023ip,E,Fun,defect,torus,GLxGL,Minf,
adaptformer,AdaptFormer,AdaptFormer (AdaptMLP parallel bottleneck for ViTs),AdaptFormer: Adapting Vision Transformers for Scalable Visual Recognition,Chen et al.,2022,NeurIPS 2022,2205.13535,https://arxiv.org/abs/2205.13535,https://github.com/ShoufaChen/AdaptFormer,False,,architectural-insertion,"\tilde x_\ell = W_{up}\,\mathrm{ReLU}\big(W_{down}\,\mathrm{LN}(x'_\ell)\big),\quad x_\ell = \mathrm{MLP}\big(\mathrm{LN}(x'_\ell)\big) + s\cdot\tilde x_\ell + x'_\ell,\ \ s = 0.1;\ \ \text{ViT frozen, } W_{down},W_{up}\ \text{trained}",2rd + r + d\ \text{per block},in parallel to the MLP (FFN) block of every ViT layer,"Scaled parallel bottleneck adapter on the FFN (AdaptMLP), i.e. the vision instance of the scaled parallel adapter with \(s < 1\).",no,Nonlinear bottleneck in parallel with a nonlinear MLP.,"Exact: \(W_{up}\) and all adapter biases are zero-initialized (\(W_{down}\) Kaiming-normal), so the branch outputs 0 at init.","Adapt ViTs through a lightweight parallel branch next to the MLP rather than through token-space prompts, which scales to the many tokens of video.","With ViT-B, ~1.5% extra parameters give about 10% and 19% relative improvement over full fine-tuning on Something-Something v2 and HMDB51, and it beats VPT on image benchmarks.",False,method,E,Fun,"The scaled parallel adapter at the FFN with \(s=0.1\), isomorphic to He et al.'s parallel adapter by rescaling \(W_{up}\). It is the vision instance of the additive extension.",chen2022adaptformer,E,Fun,neutral,torus,GLxGL,Minf,
convpass,Convpass,Convolutional Bypasses for ViT,Convolutional Bypasses Are Better Vision Transformer Adapters,Jie and Deng,2022,ECAI 2024,2207.07039,https://arxiv.org/abs/2207.07039,https://github.com/JieShibo/PETL-ViT,False,,architectural-insertion,"X' \leftarrow X + \mathrm{MHSA/MLP}\big(\mathrm{LN}(X)\big) + s\cdot\mathrm{Convpass}\big(\mathrm{LN}(X)\big),\quad \mathrm{Convpass} = \mathrm{Conv}^{\uparrow}_{1\times1}\circ\mathrm{GELU}\circ\mathrm{Conv}_{3\times3}\circ\mathrm{GELU}\circ\mathrm{Conv}^{\downarrow}_{1\times1}\ \text{on tokens reshaped to the patch grid ([cls] as a } 1{\times}1 \text{ image)}",2L\big((2r+1)d + 9r^2 + 2r\big)\ \text{in total (two Convpass per layer; paper } r = 8),in parallel to both MHSA and MLP in every ViT block,"Parallel convolutional bottleneck (ResNet-style 1x1-3x3-1x1 block on the reshaped token grid) that injects spatial-locality inductive bias; unrolled, each layer becomes an ensemble of transformer, CNN and hybrid paths.",no,"The 3x3 convolution mixes neighbouring tokens and the block is nonlinear, so it cannot be absorbed into per-token frozen weights.",Exact in the official code: up-projection weights and biases are zero-initialized (down-projection Xavier; 3x3 conv initialized to identity at its centre tap).,Language-oriented adapters lack visual inductive bias; a convolutional bypass restores 2D locality during fine-tuning and works especially well in the low-data regime.,"With under 0.5% extra parameters, Convpass outperforms language-oriented PETL modules (Adapter, LoRA, VPT, NOAH) on VTAB-1K and few-shot fine-grained classification.",False,method,E,Fun,"A parallel extension whose bottleneck contains a \(3\times3\) convolution over the patch grid, so its correction at a token depends on the token's neighbours: a token-mixing edit outside every per-token method. With the convolution frozen at its centre-tap identity init it becomes a per-token parallel adapter with activation \(\mathrm{GELU}\circ\mathrm{GELU}\) (an A2 sub-object).",jie2022convolutional,E,Fun,neutral,none,GLxGL,Minf,
st-adapter,ST-Adapter,Spatio-Temporal Adapter,ST-Adapter: Parameter-Efficient Image-to-Video Transfer Learning,Pan et al.,2022,NeurIPS 2022,2206.13559,https://arxiv.org/abs/2206.13559,https://github.com/linziyi96/st-adapter,False,,architectural-insertion,"\mathrm{ST\text{-}Adapter}(X) = X + f\big(\mathrm{DWConv3D}(XW_{down})\big)\,W_{up},\quad X\in\mathbb{R}^{T\times N\times d}\ \text{reshaped to } T\times h\times w\times r \text{ before the depth-wise } 3{\times}1{\times}1 \text{ convolution};\ \text{image backbone frozen}","2rd + k_Tk_Hk_W\,r + O(d + r)\ \text{per adapter } (k = 3{\times}1{\times}1)",one adapter before the MHSA of every ViT block (operating on the \(T\) frames' patch tokens),"Serial residual bottleneck with a depth-wise spatio-temporal convolution in the compressed space, i.e. a token-mixing linear operator across neighbouring frames inserted between down- and up-projection; it gives an image model temporal reasoning. (The official code has no activation between the depth-wise convolution and \(W_{up}\), and adapts only the patch tokens, leaving [CLS] unchanged.)",no,"The 3D convolution mixes tokens across frames and positions, so it cannot be folded into per-token frozen weights.","Exact in the official code: depth-wise 3D-conv weights and all biases are zero-initialized, so the adapter outputs \(X\) at init.",Turn a frozen image transformer into a video model by inserting cheap adapters whose bottleneck contains a depth-wise 3D convolution for temporal modelling.,"With CLIP ViT-B/16, ST-Adapter matches full fine-tuning on Kinetics-400 (82.0 vs 81.7) and SSv2 (66.3 vs 66.1) while updating 7.2M vs 121.6M parameters.",False,method,E,Fun,"A serial bottleneck extension whose bottleneck contains a depthwise temporal convolution: a linear, token-mixing operator in the compressed space. It is M∞ because it is not a per-token edit, not because of an activation. The per-channel convolution privileges only the bottleneck basis (a torus gauge), not the residual wire.",pan2022st,E,Fun,neutral,torus,GLxGL,Minf,
aim,AIM,"Adapting Image Models (spatial, temporal and joint adaptation)",AIM: Adapting Image Models for Efficient Video Action Recognition,Yang et al.,2023,ICLR 2023,2302.03024,https://arxiv.org/abs/2302.03024,https://github.com/taoyang1122/adapt-image-models,False,,architectural-insertion,"z^{T}_{l} = z_{l-1} + \mathrm{Ad}_T\big(\text{T-MSA}(\mathrm{LN}(z_{l-1}))\big),\ \ z^{S}_{l} = z^{T}_{l} + \mathrm{Ad}_S\big(\text{S-MSA}(\mathrm{LN}(z^{T}_{l}))\big),\ \ z_l = z^{S}_{l} + \mathrm{MLP}\big(\mathrm{LN}(z^{S}_{l})\big) + s\cdot\mathrm{Ad}_J\big(\mathrm{LN}(z^{S}_{l})\big);\ \ \text{T-MSA} = \text{S-MSA frozen, applied along time};\ s = 0.5","3\,(2rd + r + d)\ \text{per block } (r = d/4)","three adapters per ViT block: after the reused temporal attention (no skip), after spatial attention (with skip), and parallel to the MLP (no skip, scaled by \(s\))","Reuses the frozen spatial self-attention as a temporal attention by re-indexing tokens (the same frozen operator acting along a different axis), and adds serial adapters after both attentions plus a scaled parallel adapter at the MLP.",no,Nonlinear adapters and an additional (reused) attention pass at inference.,"Exact. The second FC layer of every adapter is zero-initialized, and the temporal and joint (MLP-parallel) adapters have no internal skip connection, so both branches output 0 while the spatial adapter (with skip) is the identity. The model equals the image model at init.",Equip a frozen image transformer with spatio-temporal reasoning without new attention weights: reuse its attention over time and train only lightweight adapters.,"Achieves comparable or better accuracy than fully fine-tuned video models with far fewer tunable parameters on four action-recognition benchmarks (Kinetics-400/700, Something-Something v2, Diving-48).",False,method,E,Fun,"An extension that inserts a new box, temporal attention, with weights tied to the frozen spatial attention and neutralised by a zero-initialised adapter, together with a serial spatial adapter and a scaled parallel MLP adapter. A GELU parallel adapter embeds in AIM by freezing the temporal and spatial adapters at zero (A2); He et al.'s ReLU PA does not, since AIM's adapters are GELU (official vit_clip.py).",yang2023aim,E,Fun,neutral,none,GLxGL,Minf,
repadapter,RepAdapter,Re-parameterizable visual adapter,Towards Efficient Visual Adaption via Structural Re-parameterization,Luo et al.,2023,arXiv,2302.08106,https://arxiv.org/abs/2302.08106,https://github.com/luogen1996/RepAdapter,False,,architectural-insertion,"\mathrm{Ad}(x) = x + s\big(W_u(W_dx + b_d) + b_u\big),\ \ W_d\in\mathbb{R}^{r\times d}\ \text{dense},\ W_u\in\mathbb{R}^{d\times r}\ \text{group-wise (block-diagonal, } k \text{ groups)};\quad \text{placed before a frozen projection } W_0:\ W_0' = W_0\,(I + sW_uW_d),\ \ b_0' = b_0 + sW_0(W_ub_d + b_u)",rd + \tfrac{rd}{k} + r + d\ \text{per adapter (two adapters per block)},"sequentially before MHA (i.e. feeding \(W_q\), \(W_k\), \(W_v\)) and before the FFN (feeding \(W_1\)) in every ViT block, after LayerNorm","Activation-free serial adapter \(I + sW_uW_d\) (identity plus a rank-\(\le r\), group-structured matrix) placed immediately before a frozen linear map, so it is absorbed by right multiplication \(W_0 \mapsto W_0(I + sW_uW_d)\); equivalently an additive update \(\Delta W = sW_0W_uW_d\). Structurally it is a low-rank, token-space instance of Rebuffi et al.'s linear residual adapter \(I+\alpha\), although RepAdapter does not cite that work. One adapter feeds \(W_q\), \(W_k\) and \(W_v\) together, so their merged updates share the same factor.",yes,"Without nonlinearity the adapter is an affine map preceding a frozen linear projection, so it folds exactly into that projection's weight and bias, giving zero extra inference cost.","Exact: \(W_u\) and both biases are zero-initialized (\(W_d\) Xavier), so the adapter is the identity at init.","Removing the nonlinearity of visual adapters costs no accuracy, and a linear adapter placed before a projection can be re-parameterized into it, giving adapter-style training with LoRA-like zero inference overhead.","Outperforms prior PETL methods on VTAB-1k on average with zero added inference latency, and transfers to ConvNeXt, Swin, CLIP, segmentation and video tasks.",False,method,R-action,Cone,"A linear serial adapter that descends along the merge to the R-action object \(W_0\mapsto W_0(I+sW_uW_d)\). That object is a constrained LoRA with \(B=sW_0W_u\) tied to \(W_0\), group-wise \(W_u\), and one \(A=W_d\) shared by every projection the adapter feeds. Rebasing composes right multiplications and walks the generated monoid, reaching \(W_0\cdot M_d(\mathbb R)\), tied across the projections one adapter feeds.",luo2023efficient,R,Cone,apex,GL,Pi,M1->,group
mona,Mona,Multi-cognitive Visual Adapter,5%>100%: Breaking Performance Shackles of Full Fine-Tuning on Visual Recognition Tasks,Yin et al.,2024,CVPR 2025,2408.08345,https://arxiv.org/abs/2408.08345,https://github.com/Leiyi-Hu/mona,False,,architectural-insertion,"x_{norm} = s_1\cdot\mathrm{LN}(x_0) + s_2\cdot x_0;\ \ f_{dw}(z) = z + \tfrac13\sum_{i=1}^{3}\omega^{i}_{dw}\,\hat\otimes\,z\ (3{\times}3,5{\times}5,7{\times}7);\ \ f_{pw}(z) = z + \omega_{pw}\,\bar\otimes\,z;\ \ x = x_0 + U^{l}\,\sigma\big(f_{pw}(f_{dw}(D^{l}x_{norm}))\big)",(2r+3)d + r^2 + 84r + 2\ \text{per Mona module; two per block } (r = 64),"two serial Mona modules per Swin block, after the MSA and after the MLP","Serial residual bottleneck whose input is a learned blend of normalized and raw features and whose compressed space is processed by averaged multi-scale depth-wise convolutions and a 1x1 convolution, each with its own skip connection.",no,"Nonlinear, token-mixing convolutional bottleneck.","No. The paper states no identity-at-init guarantee, and the official code leaves the up-projection \(U^l\) at PyTorch's default (Kaiming-uniform) init, so the adapter output is not zero at init. In code \(s_1\) and \(s_2\) are per-channel vectors initialized to 1e-6 and 1.","Make visual adapters 'see' like vision models (multi-scale depth-wise filters) and let them re-normalize the frozen features, so adapter tuning can surpass full fine-tuning on dense prediction tasks. First released in Nov 2023 as arXiv:2311.15010 ('Adapter is All You Need for Tuning Visual Tasks').","With Swin backbones, Mona surpasses full fine-tuning on COCO instance segmentation (about +1%), ADE20K, Pascal VOC, DOTA/STAR oriented detection and image classification.",False,method,E,Fun,"A serial bottleneck extension whose input is a learned blend \(s_1\odot\mathrm{LN}(x)+s_2\odot x\) and whose bottleneck runs multi-scale depthwise convolutions. Token mixing makes it M∞, and the per-channel blend fixes the standard basis of the wire (coordinate geometry). The default up-projection is not zero, so it starts with a pointing defect.",yin20245,E,Fun,defect,torus,MonxMon,Minf,
clip-adapter,CLIP-Adapter,CLIP-Adapter: residual feature adapters for CLIP,CLIP-Adapter: Better Vision-Language Models with Feature Adapters,Gao et al.,2021,IJCV 2024,2110.04544,https://arxiv.org/abs/2110.04544,https://github.com/gaopengcuhk/CLIP-Adapter,False,,architectural-insertion,"A_v(f) = \mathrm{ReLU}(f^{\top}W^{v}_{1})W^{v}_{2},\quad f^{\star} = \alpha\,A_v(f)^{\top} + (1-\alpha)\,f;\ \ (\text{optionally } W^{\star} = \beta A_t(W)^{\top} + (1-\beta)W);\quad \text{logits} \propto W^{\star}f^{\star};\ \text{CLIP encoders frozen}",2dr\ \text{per adapted branch } (r = d/4;\ \text{default: visual branch only}),"on the final CLIP image embedding (and optionally the text-generated classifier weights), outside the encoders","Residual-blended bottleneck MLP on the output embedding: a convex combination with residual ratio \(\alpha\) of the frozen feature and its adapted image, i.e. post-composition of the encoder with an endomorphism of the embedding space.",no,"A nonlinear MLP after the encoder (negligible cost, but not foldable).","No exact identity: the bottleneck is randomly initialized; closeness to zero-shot CLIP is controlled by the residual ratio \(\alpha\) (small for generic datasets, larger for fine-grained or shifted domains).","For few-shot CLIP transfer, a tiny residual feature adapter at the end of the encoder, blended with the original feature, beats learning prompts (CoOp) while avoiding overfitting.","Outperforms zero-shot CLIP, linear-probe CLIP and CoOp on 11 few-shot classification datasets across shot settings, with large gains on fine-grained datasets.",False,method,E,Fun,"A serial residual extension on the output embedding: \(f^\star=\alpha A_v(f)+(1-\alpha)f\), which after CLIP's normalisation is \((\mathrm{id}+\tfrac{\alpha}{1-\alpha}A_v)\circ\mathrm{enc}\). That is a single Houlsby-type block at the end of the encoder. \(W_2=0\) is neutral, but the random initialisation is not.",gao2021clip,E,Fun,defect,torus,GLxGL,Minf,
tip-adapter,Tip-Adapter,Training-free CLIP-Adapter (cache model); Tip-Adapter-F,Tip-Adapter: Training-free Adaption of CLIP for Few-shot Classification,Zhang et al.,2022,ECCV 2022,2207.09519,https://arxiv.org/abs/2207.09519,https://github.com/gaopengcuhk/Tip-Adapter,False,,architectural-insertion,"\mathrm{logits} = \alpha\,\varphi\big(f_{test}F_{train}^{\top}\big)L_{train} + f_{test}W_c^{\top},\quad \varphi(x) = \exp\big(-\beta(1-x)\big);\quad F_{train}\in\mathbb{R}^{NK\times d}\ \text{(cached CLIP features)},\ L_{train}\in\{0,1\}^{NK\times N};\ \text{Tip-Adapter-F trains } F_{train}\ \text{only}","0\ (\text{Tip-Adapter});\ \ NK\,d\ (\text{Tip-Adapter-F: cache keys})","on the final CLIP image embedding: a key-value cache built from the \(K\)-shot \(N\)-class training set, blended with CLIP's zero-shot logits","Non-parametric key-value cache acting as a two-layer adapter whose first layer is the matrix of cached features (with exponential activation) and whose second layer is the one-hot label matrix, added residually to the zero-shot classifier; Tip-Adapter-F unfreezes the keys as an initialization.",no,The cache (\(NK\) keys) must be stored and queried at inference.,"With \(\alpha = 0\) the model is zero-shot CLIP exactly; the cache is constructed (not randomly initialized) from few-shot features, so no training is needed.","Set the adapter's weights directly from the few-shot data (keys = image features, values = labels), making CLIP adaptation training-free; optionally fine-tune the keys for a few epochs.","Training-free Tip-Adapter is comparable to CoOp and CLIP-Adapter, and Tip-Adapter-F sets the state of the art on 16-shot ImageNet with only 20 epochs (vs 200 for CoOp/CLIP-Adapter), across 11 datasets. First released Nov 2021 as arXiv:2111.03930.",False,method,E,Fun,"A cache extension in logit space whose keys are set from data: its base point is a pointing defect by design, and Tip-Adapter-F descends from that point rather than from \(f\). The exponential cosine kernel on normalised features makes its geometry orthogonal (\(CO\times CO\)), not \(GL\).",zhang2022tip,E,Fun,defect,none,OxO,Minf,
adapter-plus,Adapter+,Adapter+ (post-adapter with channel-wise scaling),Adapters Strike Back,Steitz and Roth,2024,CVPR 2024,2406.06820,https://arxiv.org/abs/2406.06820,https://github.com/visinf/adapter_plus,False,,architectural-insertion,"y = \mathrm{FFN}(x) + x;\quad y \leftarrow y + s\odot\big(W_{up}\,\mathrm{GELU}(W_{down}\,y + b_{down}) + b_{up}\big),\quad s\in\mathbb{R}^{d}\ \text{learned channel-wise scaling};\ \ \text{ViT frozen}",2rd + r + 2d\ \text{per ViT block},"Post-Adapter position: once per ViT block, after the FFN including its residual add","Serial residual bottleneck at the end of each block whose correction is post-composed with a learned diagonal map \(\mathrm{diag}(s)\) (channel-wise scaling); systematic study of positions (pre, post, parallel, intermediate), initializations and normalization.",no,Nonlinear serial bottleneck.,"Near-identity: Houlsby initialization (weights from a zero-mean Gaussian with std 0.01 truncated at 2 std, zero biases), which beat BERT and LoRA-style inits in the paper's ablation.","Plain adapters were under-reported for ViTs; placed after the block (Post-Adapter), Houlsby-initialized, without LayerNorm and with a learned channel-wise scale, they give the best parameter-accuracy trade-off.","Reaches 77.6% average accuracy on VTAB (ViT-B/16) without per-task hyperparameter optimization and 90.7% on FGVC, the best parameter-accuracy trade-off among the compared methods.",False,method,E,Fun,"A serial post-block bottleneck whose channel-wise scale \(s\) is pure gauge on the function family, since \(\mathrm{diag}(s)W_{up}\) ranges over the same matrices as \(W_{up}\). Like LoRA+'s ratio, \(s\) can only change the metric (training dynamics), not what is expressible.",steitz2024adapters,E,Fun,neutral,torus,GLxGL,Minf,
shadow-peft,ShadowPEFT,ShadowPEFT: shadow network for parameter-efficient fine-tuning,ShadowPEFT: Shadow Network for Parameter-Efficient Fine-Tuning,Li et al.,2026,arXiv,2604.19254,https://arxiv.org/abs/2604.19254,https://github.com/ShadowLLM/shadow-peft,True,"ShadowConfig(r, shadow_alpha, shadow_model)",architectural-insertion,"s^{(0)} = f_{\text{shadow}}(x);\ \ \delta^{(\ell)} = h^{(\ell-1)}_{out} - s^{(\ell-1)},\ \ h^{(\ell)} = h^{(\ell-1)}_{out} + \alpha\,W^{(\ell)}_{up}W^{(\ell)}_{down}\,\delta^{(\ell)},\ \ h^{(\ell)}_{out} = f^{(\ell)}_{\text{base}}(h^{(\ell)});\ \ s^{(\ell)} = (1-g^{(\ell)})\odot s^{(\ell-1)} + g^{(\ell)}\odot T^{(\ell)}(h^{(\ell)}_{out}),\ g^{(\ell)} = \sigma\big(G^{(\ell)}(h^{(\ell)}_{out})\big);\ \ f_{\text{base}}\ \text{frozen}","|\theta_{\text{shadow}}| + \sum_{\ell}\big(2rd + 4d\,h_g\big) + |\text{shadow head}|\ \ (W_{down},W_{up}\ \text{bias-free};\ T^{(\ell)}, G^{(\ell)}\ \text{are bias-free two-layer MLPs of width } h_g;\ \text{HF default } h_g = r = 8,\ \text{one-layer mirror shadow backbone})",input of every targeted decoder block (shadow injection) plus a small parallel shadow backbone whose state is carried through depth,"Two-way coupled side network: a persistent shadow state evolves through depth by GRU-like gated convex updates from the backbone outputs, and injects a low-rank (bottleneck) correction of the discrepancy \(h - s\) into each frozen block's input; adaptation is an input-dependent trajectory rather than a static weight delta.",no,"The correction depends on an evolving, input-dependent shadow state; HF PEFT raises an error on merge for this reason.","Exact for the base pathway: \(W_{up}\) is zero-initialized, so the injected correction is 0 and the frozen model's function is unchanged at init.",Concentrate all trainable adaptation in a compact shadow model coupled layer-wise to the frozen LLM; because the shadow is trained as a full predictor it can be detached for shadow-only (e.g. edge) inference and initialized from a smaller pretrained model.,"On Qwen backbones at three scales, ShadowPEFT is competitive with or better than LoRA and DoRA at closely matched trainable-parameter budgets on generation and understanding benchmarks.",True,method,E,Fun,"A two-way coupled side extension: a shadow state evolves through depth by Hadamard-gated convex updates and feeds a low-rank correction of \(h-s\) into each frozen block. \(W_{up}=0\) is neutral, the bias-free bottleneck carries LoRA's \(GL_r\) gauge, and the input-dependent state makes it M∞.",li2026shadowpeft,E,Fun,neutral,GL,MonxMon,Minf,
loft-orthogonal,LOFT,Low-Rank Orthogonal Fine-Tuning via Task-Aware Support Selection,LOFT: Low-Rank Orthogonal Fine-Tuning via Task-Aware Support Selection,Zhao et al.,2026,arXiv,2605.11872,https://arxiv.org/abs/2605.11872,https://github.com/Kris-camp/loft,False,,multiplicative-weight,"W = W_0\,S(P_r,T_r),\quad S(P_r,T_r)=I_{d_{in}}+P_r^{\top}(T_r-I_r)P_r,\quad P_r\in\mathbb{R}^{r\times d_{in}},\ P_rP_r^{\top}=I_r\ \text{(support, frozen)},\quad T_r=Q(E)\in SO(r),\ E\in\mathrm{Skew}(r)\ \text{(trained, }E_0=0;\ \text{paper: Cayley; released code: 5-term Cayley--Neumann)};\quad \text{supports: } P_r=V_r^{\top}\ \text{(principal)},\ \text{top right singular subspace of } G=\nabla_W L(W_0)\ \text{(GradSVD)},\ \text{top invariant subspace of } \operatorname{skew}(W_0^{\top}G)\ \text{(SkewGrad)}",\tfrac{r(r-1)}{2},any linear layer; acts on the input side (right multiplication of \(W_0\)),"Right action of \(SO(V)\), the rotations of the chosen \(r\)-dimensional input subspace \(V=\operatorname{row}P_r\) that fix \(V^{\perp}\) pointwise (exactly orthogonal only with an exact \(Q\); the code's Cayley–Neumann default is approximate). The induced additive update \(\Delta W=W_0P_r^{\top}(T_r-I_r)P_r\) has rank at most \(r\). The paper's multi-factor primitive \(W_0\prod_{\ell}S(P^{(\ell)}_{r_\ell},T^{(\ell)}_{r_\ell})\), with general transforms and, for HRA, learnable width-one supports, recovers full and block OFT, GOFT, BOFT and HRA, and PSOFT up to its two scaling vectors.",yes,"\(W_0S(P_r,T_r)\) is again a weight matrix, equal to \(W_0+W_0P_r^{\top}(T_r-I_r)P_r\).","\(E=0\) gives \(T_r=I_r\) and \(S=I\), so the model is unchanged. The support \(P_r\) is computed once before training: from the SVD of \(W_0\) (principal), or from the gradient \(G\) of the downstream loss at \(W_0\) estimated on a small calibration set (GradSVD, SkewGrad), then frozen.","Separate where an orthogonal update acts (the support \(P_r\)) from how it acts (the in-subspace transform \(T_r\)), and choose the support from the task: the first-order training signal of a right-subspace rotation is \(P_r\operatorname{skew}(W_0^{\top}G)P_r^{\top}\), whose norm is largest when \(P_r\) spans the top invariant subspace of \(\operatorname{skew}(W_0^{\top}G)\).","With SkewGrad support at \(r=46\), the GLUE average on DeBERTaV3-base is 88.73 against 88.04 for PSOFT, and the VTAB-1K average on ViT-B/16 is 73.8 against 73.4, with 0.07M trainable parameters; principal-support LOFT matches PSOFT (88.06).",True,method,R-action,Orb,"LOFT fixes one leaf of the HRA meet: for injective \(W_0\), \((W_0+\mathcal M_{\le r})\cap W_0\cdot SO(n)\) is the union over \(V\in\mathrm{Gr}(r,n)\) of the leaves \(W_0\cdot SO(V)\). HRA moves its leaf while it trains; LOFT freezes it and chooses it, from the principal singular subspace (PSOFT without its tori; for injective \(W_0\) and a Cayley map, LoRA-XS meet exact full-block Cayley OFT) or from the gradient at \(\theta_0\). Read with an exactly orthogonal transform, it is an orbit method with a regular base point and no gauge.",zhao2026loft,R,Orb,regular,none,OxO,M1,idempotent
preft,PreFT,"Prefill-only Finetuning (prefill-only LoRA, \( \text{LoRA}_P \), and prefill-only DiReFT, \( \text{DiReFT}_P \))",PreFT: Prefill-only finetuning for efficient inference,Lanpouthakoun et al.,2026,NeurIPS 2026 (poster),2605.14217,https://arxiv.org/abs/2605.14217,https://github.com/stanfordnlp/preft,False,,hybrid,"h_i=W_0x_i+m_i\,\tfrac{\alpha}{r}BAx_i\ \ (\text{LoRA}_P),\qquad h^{(l)}_i\leftarrow h^{(l)}_i+m_i\,s_r\,W_2^{\top}\big(W_1h^{(l)}_i+b\big)\ \ (\text{DiReFT}_P),\qquad m_i=\mathbf{1}[\,i\le\ell\,];\ \ B\in\mathbb{R}^{d_{out}\times r},\ A\in\mathbb{R}^{r\times d_{in}},\ W_1,W_2\in\mathbb{R}^{r\times d},\ b\in\mathbb{R}^{r},\ s_r=1/\sqrt{r},\ \alpha=32;\ \ \text{decode positions } i>\ell \text{ run the frozen model and see the adapter only through the KV cache of positions } \le\ell;\ \ W_0\ \text{frozen},\ (A,B)\ \text{or}\ (W_1,W_2,b)\ \text{trained}","r(d_{in}+d_{out})\ \text{per adapted matrix for LoRA}_P\ (\text{same as LoRA});\ \ L\,(2rd+r)\ \text{per model for DiReFT}_P\ (\text{one residual-stream intervention per layer})","Token-time locus: only the prompt positions \( i\le\ell \) processed at prefill, never the generated tokens. \( \text{LoRA}_P \) targets \( W_q,W_k,W_v,W_o,W_{gate},W_{up},W_{down} \) at every layer; \( \text{DiReFT}_P \) edits the residual stream after every block (post-MLP). Generated tokens reach the adapter only through the keys and values cached at prompt positions.","A position mask placed on an existing adapter. Writing an adapter as \( \langle\Phi_\phi,\mathcal F,\mathcal P\rangle \) (intervention, target modules, target positions), PreFT keeps \( \Phi_\phi \) and \( \mathcal F \) and shrinks \( \mathcal P=\{1,\dots,\ell+T\} \) to \( \mathcal P=\{1,\dots,\ell\} \). For \( \text{LoRA}_P \) the per-token update is the rank-\( r \) matrix \( m_i\tfrac{\alpha}{r}BA \), so the effective weight depends on the token: \( W_0+\tfrac{\alpha}{r}BA \) on prompt tokens and \( W_0 \) on generated tokens. For \( \text{DiReFT}_P \) the per-token update is a rank-\( r \) affine edit \( s_rW_2^{\top}(W_1h+b) \) of the residual stream at prompt positions. Attention is causal, so the whole effect on token \( i>\ell \) is carried by the adapted \( (K,V) \) entries of positions \( \le\ell \) at every layer. No KV entries are added, unlike prefix or KV-cache tuning.",no,"The update is gated by position, so no single matrix \( W' \) reproduces it: prompt tokens need \( W_0+\tfrac{\alpha}{r}BA \) and generated tokens need \( W_0 \). A single-adapter deployment could prefill with a merged copy and decode with \( W_0 \), but that doubles weight memory and defeats multi-adapter batching. The design goal is that decode runs the bare base model, so no adapter weights are touched at decode.","Yes. \( \text{LoRA}_P \) keeps LoRA's init (Kaiming-uniform \( A \), \( B=0 \), scaling \( \alpha/r \)). \( \text{DiReFT}_P \) uses the paper's zero-delta init \( W_1=0 \), \( b=0 \), \( W_2 \) with orthonormal rows (App. C.1 and the released preft/adapters/direft.py), so \( \Phi(h)=h \) at step 0. App. A.2 states the roles the other way round (orthonormal down-projection, zero up-projection and bias); either assignment gives a zero delta at init.","Multi-adapter serving is throughput-bound at decode, where each request's adapter matmul is memory-bound, so PreFT applies the adapter only to the \( \ell \) prompt tokens processed at prefill and runs every decode step on the frozen base model. The adapter steers generation only through the KV cache it shaped during prefill, and the method optimises accuracy per unit of serving throughput rather than per parameter.","Serving 512 adapters on Llama 3.1 70B (4 H100s, Punica workload, vLLM fork), prefill-only DiReFT reaches 1.9x and prefill-only LoRA 1.87x the throughput of all-position multi-LoRA, while on RLVR (GSM8K, MATH, HumanEval) prefill-only adapters trail all-position ones by a mean of about 2 points.",False,method,F_T,Fun,"PreFT is LoRA (or DiReFT) pulled back along the prompt-position gate, the mirror image of aLoRA's gate: a family \(T\to Q\) that sits at \(q\) on positions \(\le\ell\) and at \(q_0\) afterwards. Under causal attention the generated tokens see the adapter only through the prompt's \((K,V)\) cache, so the realised map is not \(\Phi_f(\theta)\) for any single \(\theta\). Being pointed after \(\ell\) is what lets decoding run on the frozen weights, and also what blocks merging.",lanpouthakoun2026preft,F_T,Fun,apex,GL,GLxGL,Minf,
orthomerge,OrthoMerge,Orthogonal Model Merging,Orthogonal Model Merging,Yang et al.,2026,ICML 2026 (poster),2602.05943,https://arxiv.org/abs/2602.05943,https://github.com/Sphere-AI-Lab/OrthoMerge,False,,composition-or-routing,"\text{OFT experts: } W_i=W_0R_i^{\top},\ R_i=(I+Q_i)(I-Q_i)^{-1},\ Q_i^{\top}=-Q_i;\ \ \text{other experts: } R_i^{\top}=U_iV_i^{\top},\ U_i\Sigma_iV_i^{\top}=\mathrm{SVD}\big(W_0^{\top}W_i^{\mathrm{tgt}}\big)\ \big(\text{Procrustes } \min_{R^{\top}R=I}\|W_i^{\mathrm{tgt}}-W_0R^{\top}\|_F\big),\ Q_i=(R_i-I)(R_i+I)^{-1};\ \ Q_m=\frac{\sum_i\|Q_i\|_F}{\|\sum_iQ_i\|_F}\cdot\frac{1}{N}\sum_{i=1}^{N}Q_i,\ \ R_m=(I+Q_m)(I-Q_m)^{-1};\ \ W_m=W_0R_m^{\top}+\mathrm{EuclidMerge}\big(\{\rho_i\}\big),\ \rho_i=W_i-W_0R_i^{\top}\ (\rho_i=0\ \text{for OFT experts});\ \ W_i^{\mathrm{tgt}}\in\{W_i,\ W_0+\tau_i^{\mathrm{conf}}\};\ \text{training-free, all weights frozen}","0\ (\text{training-free});\ \text{merge state per matrix: } N \text{ generators } Q_i\in\mathfrak{so}(d_{in})\ (\text{block-diagonal for OFT experts}) \text{ and, for non-OFT experts, residuals } \rho_i\in\mathbb{R}^{d_{out}\times d_{in}}","Weights of every linear layer of the merged experts: the input-side rotation of OFT-adapted layers, or, through orthogonal-residual decoupling, every layer of LoRA or fully fine-tuned experts (Llama-3.1-8B, Qwen2.5-3B, Llama-3.2-3B MergeBench experts, Qwen2.5-VL-7B). Post hoc, no training.","Merging in the Cayley chart of the orthogonal group. Each expert contributes a rotation \( R_i\in O(d_{in}) \), read off an OFT checkpoint or obtained by orthogonal Procrustes from \( W_0 \) to a target weight. The inverse Cayley map sends it to a skew-symmetric generator \( Q_i\in\mathfrak{so}(d_{in}) \); the generators are averaged linearly and rescaled by \( c=\sum_i\|Q_i\|_F/\|\sum_iQ_i\|_F\ge1 \) to undo norm loss from cancellation, then mapped back by the Cayley map. The merged multiplicative factor is exactly orthogonal, so \( W_0R_m^{\top} \) keeps the singular values of \( W_0 \) (hence its spectral norm and hyperspherical energy) for any number of experts. For non-OFT experts each weight is split as \( W_i=W_0R_i^{\top}+\rho_i \) (orthogonal plus residual), and the residuals are merged by a Euclidean rule (TA, TIES or TSV-M). The Procrustes target is \( W_i \) (OrthoMerge-G) or \( W_0+\tau_i^{\mathrm{conf}} \), where \( \tau_i^{\mathrm{conf}} \) keeps only the output-neuron rows of \( \tau_i=W_i-W_0 \) whose cosine with the mean task vector is negative (OrthoMerge-C). The Cayley chart covers only orthogonal matrices without eigenvalue \( -1 \), so a reflection returned by Procrustes would fall outside it; the paper does not discuss this case.",yes,"The output is an ordinary weight matrix \( W_m=W_0R_m^{\top}+\rho_m \) in the base architecture (the merged OFT rotation can be multiplied into \( W_0 \)), so the merged model has no inference overhead.","Not applicable (training-free merge). Trivially consistent: if every expert equals \( W_0 \) then \( Q_i=0 \), \( R_m=I \), \( \rho_i=0 \) and \( W_m=W_0 \) (taking \( c=1 \) when \( \sum_iQ_i=0 \)).","Average OFT rotations in their Lie algebra rather than in weight space: map each \( R_i \) to \( Q_i\in\mathfrak{so}(d_{in}) \) with the inverse Cayley transform, average with a norm-restoring factor, and map back, so the merge stays on \( O(d_{in}) \) and preserves the spectrum of \( W_0 \). An orthogonal-plus-residual split by Procrustes extends the rule to LoRA and fully fine-tuned experts.","Merging five OFT-finetuned Llama-3.1-8B experts (math, code, ScienceQA, CommonsenseQA, Social-IQA), OrthoMerge reaches 46.25% average task accuracy, above the experts' own 44.71% and every Euclidean baseline (TA, TIES, DARE, TSV-M), with the best out-of-domain average (41.80% on M-ARC and AGIEval).",False,method,P,–,"OrthoMerge is task arithmetic in the Cayley chart of the orbit \(W_0\cdot SO(d_{in})\) rather than in \(T_{\theta_0}\Theta\). The merged point \(W_0C(Q_m)^{\top}\) stays in the \(K_{\rm out}\) level set that every OFT expert preserves, which no linear merge of OFT experts does. For non-OFT experts it first splits each weight into an orbit point and a residual, merges the two parts by the orbit rule and by a Euclidean rule, and adds them.",yang2026orthogonal,P,,unpointed,,GLxCO,M1,
prism-dp-lora,PRISM,Projected Riemannian Invariant Subspace Mechanism (gauge-invariant tangent-space DP-LoRA),PRISM: Gauge-Invariant Tangent-Space Differentially Private LoRA,Wang and Zhang,2026,"ICML 2026 (spotlight, with oral presentation)",2606.00944,https://arxiv.org/abs/2606.00944,https://github.com/osu-srml/PRISM-DP-LoRA,False,,optimizer-or-training-procedure,"W=W_0+BA,\ B\in\mathbb{R}^{d_{out}\times r},\ A\in\mathbb{R}^{r\times d_{in}};\ \ \mathcal{P}_{B,A}(G)=G-(I-\Pi_B)\,G\,(I-\Pi_A),\ \ \Pi_B=B(B^{\top}B)^{\dagger}B^{\top},\ \Pi_A=A^{\top}(AA^{\top})^{\dagger}A;\ \ \widehat{\Delta Z}=\frac{1}{b}\sum_{i=1}^{b}\min\!\Big(1,\frac{C}{s_i}\Big)\mathcal{P}_{B,A}(G_i)+\frac{\sigma C}{b}\,\mathcal{P}_{B,A}(\Xi),\ \ G_i=\nabla_{\Delta W}\ell_i,\ s_i=\Big(\sum_{\text{modules}}\|\mathcal{P}_{B,A}(G_i)\|_F^2\Big)^{1/2},\ \Xi\sim\mathcal{N}(0,I_{d_{out}\times d_{in}});\ \ BA\leftarrow\mathrm{Retr}_r\big(BA-\eta\,\mathcal{A}(\widehat{\Delta Z})\big),\ \mathrm{Retr}_r=\text{truncated rank-}r\text{ SVD},\ \mathcal{A}=\text{Adam-style first moments of the noisy factor lifts, preconditioned by }(V+\lambda I_r)^{-1/2}\text{ from }r\times r\text{ second moments, with DP-aware floors }\lambda;\ \ W_0\ \text{frozen},\ (A,B)\ \text{trained}",r(d_{in}+d_{out})\ \text{per adapted matrix (as LoRA)};\ \text{optimizer state: first moments of size } r(d_{in}+d_{out}) \text{ and two } r\times r \text{ second-moment matrices per module},"Any LoRA-adapted linear layer (experiments: \( W_q,W_k,W_v,W_{up},W_{down} \) of Gemma-3-4B-pt, Gemma-2-9B, Gemma-3-12B-pt). The method changes how per-example gradients are clipped and noised and how the factors are updated, not the adapter shape.","Plain LoRA on the fixed-rank manifold \( \mathcal M_r \), with DP-SGD moved from the factors to the base of the gauge bundle \( (B,A)\mapsto BA \), whose fibres are the orbits \( (B,A)\sim(BR,R^{-1}A) \), \( R\in GL(r) \). Per-example gradients are projected onto the tangent space \( T_{BA}\mathcal M_r=\{\delta B\,A+B\,\delta A\} \) (dimension \( r(d_{in}+d_{out}-r) \)) by \( \mathcal P_{B,A} \), which depends only on \( \mathrm{col}(B) \) and \( \mathrm{row}(A) \) and is therefore gauge invariant. The projection is lifted to the factors canonically as \( \Delta B=g_B(AA^{\top})^{\dagger}-\tfrac12\Pi_Bg_B(AA^{\top})^{\dagger} \), \( \Delta A=(B^{\top}B)^{\dagger}g_A-\tfrac12(B^{\top}B)^{\dagger}g_A\Pi_A \) with \( g_B=GA^{\top} \), \( g_A=B^{\top}G \), so that \( \Delta B\,A+B\,\Delta A=\mathcal P_{B,A}(G) \). Clipping uses the intrinsic Frobenius norm summed over all modules. The noise is the tangent projection of an isotropic Gaussian, sampled through factor lifts \( \Xi_B=(I-\Pi_B)\Omega_B(AA^{\top})^{-1/2} \), \( \Xi_A=(B^{\top}B)^{-1/2}\Omega_A^{\top} \); it is isotropic on \( T_{BA}\mathcal M_r \) with \( \mathbb E\|\mathcal P(\Xi)\|_F^2=r(d_{in}+d_{out}-r) \), independent of \( \|A\|_F,\|B\|_F \). The noisy step is post-processed by right/left rank-space preconditioners \( (V+\lambda I_r)^{-1/2} \) built from \( r\times r \) second moments, with floors \( \lambda\asymp(\sigma C/b)^2\,\mathrm{tr}(\cdot^{-1})/r \), and then retracted to rank \( r \) by truncated SVD. Because the step is additive in the tangent space, the bilinear noise term \( \eta^2\xi_B\xi_A \) of factor-space DP never appears, and the retraction error is \( O(\eta^2) \).",yes,"The released adapter is an ordinary low-rank product and merges like LoRA; privacy follows from post-processing. Because the official code trains on a spectrally re-based base \( W_{res}=W_0-U_r\Sigma_rV_r^{\top} \), it saves the adapter re-expressed against the original \( W_0 \) as the rank-\( 2r \) pair \( [B,\,B_0]\,[A;\,-A_0] \) (PiSSA-style conversion in spectral_rebase_adapter_inplace), which merges into \( W_0 \) the same way.","The paper does not state an init. The tangent projectors and noise sampler need full-column-rank \( B \) and full-row-rank \( A \), which rules out LoRA's \( B=0 \). The official code uses a PiSSA-style spectral residual init, \( W_0\leftarrow W_0-U_r\Sigma_rV_r^{\top} \), \( B=U_r(\Sigma_r/s)^{1/2} \), \( A=(\Sigma_r/s)^{1/2}V_r^{\top} \) with LoRA scale \( s \), so \( W_{res}+sBA \) equals the original \( W_0 \) at step 0 (function-preserving with non-degenerate factors).","LoRA factors are defined only up to \( (B,A)\mapsto(BR,R^{-1}A) \), so DP-SGD on the factors clips and noises a gauge-dependent quantity and injects a bilinear \( \eta^2\xi_B\xi_A \) term whose energy can be made arbitrarily large without changing \( BA \). PRISM clips and noises the projection of per-example gradients onto the tangent space of the rank-\( r \) manifold at \( BA \), which gives gauge-invariant updates with closed-form intrinsic noise \( \tfrac{\sigma C}{b}\sqrt{r(d_{in}+d_{out}-r)} \).","On GLUE8 and Math-10K with Gemma-3-4B-pt, PRISM has the best average utility under DP (0.690 at epsilon=6 and 0.680 at epsilon=3, delta=1e-5) against FFA-LoRA, LoRA-RITE, AdamW, LoRA+ and LAMB, while LoRA-RITE is best without DP.",True,method,R-additive,Cone*,"PRISM keeps PiSSA's object and moves DP-SGD from \(Q\) to the base \(\mathcal M_r\) of the gauge bundle \((B,A)\mapsto BA\). Clipping and noise act on the tangent projection \(\mathcal P_{B,A}(G)\), so the whole randomised step, noise included, is a function of \(BA\), and the bilinear \(\eta^2\xi_B\xi_A\) term of factor-space DP disappears. It is the stochastic counterpart of the descended cometrics of Exposé III (LoRA-Pro's projected gradient, Riemannian preconditioning).",wang2026prism,R,Cone*,regular,GL,OxO,M1,span
keeplora,KeepLoRA,KeepLoRA: residual-subspace gradient adaptation for continual learning,KeepLoRA: Continual Learning with Residual Gradient Adaptation,Luo et al.,2026,ICLR 2026 (poster),2601.19659,https://arxiv.org/abs/2601.19659,https://github.com/MaolinLuo/KeepLoRA,False,,additive-weight,"W_0=U_0\Sigma_0V_0^{\top},\ P_W=V_{0,[:,1:p]}\in\mathbb{R}^{d_{in}\times p}\ \big(\text{smallest }p\text{ with }\|\Sigma_{0,[1:p]}\|_F^2\ge\epsilon_w\|W_0\|_F^2\big);\ \ \hat G_t=G_t\big(I-P_WP_W^{\top}-M_{t-1}M_{t-1}^{\top}\big),\ G_t=\nabla_W\mathcal{L}(W;\mathcal{D}^t)\ \text{at the first step};\ \ \hat G_t=USV^{\top}:\ A_t=V_{[:,1:r]}^{\top}\ (\text{frozen}),\ B_t^{(0)}=U_{[:,1:r]}S_{[1:r]};\ \ W=W'+\tfrac{\alpha}{r}B_tA_t,\ W'=W-\tfrac{\alpha}{r}B_t^{(0)}A_t\ \text{frozen},\ B_t\ \text{trained}\ \Rightarrow\ \Delta W=-\tfrac{\eta\alpha^2}{r^2}\,G\,A_t^{\top}A_t;\ \ \text{after task }t:\ W\leftarrow W'+\tfrac{\alpha}{r}B_tA_t,\ M_t=[M_{t-1},\ \text{top-}m\ \text{directions in }\mathbb{R}^{d_{in}}\text{ of }(I-P_WP_W^{\top}-M_{t-1}M_{t-1}^{\top})X_t]\ (m\text{ set by energy threshold }\epsilon_f)","r\,d_{out}\ \text{per adapted matrix per task (only }B_t\text{; }A_t\text{ frozen)}",Linear (attention) weight matrices of CLIP ViT-B/16 image and text encoders and of LLaVA's language model; the constraint acts on the input side \( \mathbb R^{d_{in}} \) of each adapted matrix.,"Per task, a LoRA with frozen down-projection \( A_t \) whose rows span a subspace of the residual space \( \{P_W,M_{t-1}\}^{\perp}\subset\mathbb R^{d_{in}} \). \( P_W \) holds the principal input-side singular vectors of the pre-trained weight (general knowledge) and \( M_{t-1} \) the dominant input-feature directions of past tasks. \( A_t \) is the top-\( r \) right singular subspace of the first-step gradient after projecting out \( [P_W,M_{t-1}] \), and \( B_t \) starts at \( U_{[:,1:r]}S_{[1:r]} \) with \( W'=W-\tfrac{\alpha}{r}B_t^{(0)}A_t \) absorbing the offset. Training only \( B_t \) makes every step a projected gradient step \( \Delta W\propto-GA_t^{\top}A_t \) (Prop. 3.1), so \( \Delta W\,[P_W,M_{t-1}]=0 \): outputs on old-task feature directions and on the principal input subspace of the pre-trained weight are untouched. After each task the adapter is merged and \( M \) grows, with \( p+k\le d_{in} \) bounding the stored memory. KeepLoRA+ adds trainable class prototypes for CLIP classification.",yes,"Each task's \( \tfrac{\alpha}{r}B_tA_t \) is merged into \( W \) after training (Algorithm 1), so inference uses a single dense matrix with no task identity and no extra modules (KeepLoRA+ keeps its class prototypes).","Yes, by re-basing: \( B_t^{(0)}A_t\ne0 \), but the frozen weight is replaced by \( W'=W-\tfrac{\alpha}{r}B_t^{(0)}A_t \), so \( W'+\tfrac{\alpha}{r}B_t^{(0)}A_t=W \) at the start of every task.","General knowledge sits in the principal singular subspace of the pre-trained weights and task knowledge in the residual subspace, so KeepLoRA initialises each task's LoRA from the SVD of the first-step gradient projected away from both that principal subspace and past-task feature directions, then freezes \( A_t \). Training only \( B_t \) turns every update into gradient descent confined to the residual subspace, which balances retention of pre-trained knowledge, retention of past tasks and plasticity.","On the MTIL benchmark with CLIP ViT-B/16 (order I, no extra architecture), KeepLoRA reaches Transfer/Average/Last of 69.0/77.5/86.1 versus 67.4/76.3/85.2 for InfLoRA and 67.1/72.5/79.2 for SD-LoRA.",False,method,R-additive,Lin,"KeepLoRA is LoRA-FA re-based once per task. Its frozen frame comes from the SVD of the first-step gradient after the principal input subspace of \(W_0\) and past-task features have been projected out. By the degree-one collapse each stage is full fine-tuning projected onto \(\mathrm{row}\,A_t\), so \(\Delta W\,[P_W,M_{t-1}]=0\) by construction. The nonzero \(B_t^{(0)}\) is a split pointing of a linear method, so it changes only the parametrisation.",luo2026keeplora,R,Lin,regular,none,OxO,M1,schedule
lora-pre,LoRA-Pre,LoRA-Pre: low-rank online-linear-regression compression of optimizer momenta,Taming Momentum: Rethinking Optimizer States Through Low-Rank Approximation,Wang et al.,2026,ICLR 2026 (Oral),2602.24283,https://arxiv.org/abs/2602.24283,https://github.com/mrflogs/LoRA-Pre,False,,optimizer-or-training-procedure,"G_t=\nabla_W\mathcal{L}(W_{t-1})\in\mathbb{R}^{d_{out}\times d_{in}};\ \ m\approx m_Bm_A,\ m_B\in\mathbb{R}^{d_{out}\times r},\ m_A\in\mathbb{R}^{r\times d_{in}}:\ \ m_B\leftarrow(1-\gamma_1)m_B+\gamma_1G_tm_A^{\top}(m_Am_A^{\top})^{-1},\ \ m_A\leftarrow(1-\gamma_1)m_A+\gamma_1(m_B^{\top}m_B)^{-1}m_B^{\top}G_t,\ \ 1-\gamma_1=\sqrt{\beta_1}\ (\text{both factors updated simultaneously from their previous values; App. C damps the inverses as }(m_Am_A^{\top}+\lambda_{d}I)^{-1},\ (m_B^{\top}m_B+\lambda_{d}I)^{-1},\ \lambda_{d}>0);\ \ v\approx(v_Bv_A)^{\circ2}\ \text{updated the same way with }|G_t|\ \text{in place of }G_t,\ 1-\gamma_2=\beta_2^{1/4};\ \ M_t=\beta_1m_Bm_A+(1-\beta_1)G_t,\ V_t=\beta_2(v_Bv_A)^{\circ2}+(1-\beta_2)G_t^{\circ2},\ \ W_t=W_{t-1}-\gamma\Big(\frac{\hat M_t}{\sqrt{\hat V_t+\epsilon}}+\lambda W_{t-1}\Big);\ \ \text{Muon variant: } O_t=\mathrm{NS}_5\big(\mu\,m_Bm_A+G_t\big)\ (\text{factor steps use }\tfrac{\gamma_1}{1-\mu}G_t\text{ in place of }\gamma_1G_t,\ 1-\gamma_1=\sqrt{\mu}),\ W_t=W_{t-1}-\gamma(O_t+\lambda W_{t-1});\ \ \text{all of }W\text{ trained, only the momenta are factored}",d_{out}d_{in}\ \text{per matrix (full-parameter training)};\ \text{optimizer state } 2r(d_{in}+d_{out})\ \text{(Adam) or } r(d_{in}+d_{out})\ \text{(Muon) instead of } 2d_{out}d_{in}\ \text{or } d_{out}d_{in},"Optimizer states of all attention and MLP weight matrices (other parameters use standard Adam): Llama pre-training from 60M to 1B parameters on C4, and full fine-tuning of Llama-2-7B and Llama-3.1-8B on MetaMath100k.","No adapter: the weight step is the usual full-rank Adam (or Muon) step, but the EMA momenta are stored as rank-\( r \) factors. The EMA update \( m\leftarrow\beta m+(1-\beta)g \) is one gradient step with learning rate \( 1-\beta \) on \( \tfrac12\|m-g\|_F^2 \), so momentum is the weight of an online linear regressor. LoRA-Pre replaces \( m \) by \( m_Bm_A \) and takes one exact Newton step per factor on \( \tfrac12\|m_Bm_A-g\|_F^2 \) (Hessians \( m_Am_A^{\top}\otimes I \) and \( I\otimes m_B^{\top}m_B \)). The result is a simultaneous (Jacobi-style) EMA of each factor toward the least-squares fit of the new gradient given the other factor's previous value, with \( 1-\gamma_1=\sqrt{\beta_1} \) so that the product decays at Adam's rate \( \beta_1 \). The second moment stays positive through the Hadamard-square parametrisation \( v=(v_Bv_A)^{\circ2} \), with \( v_Bv_A \) regressed onto \( |g| \). For Muon the regression target is \( \tfrac12\|m-g\|_F^2-\tfrac{\mu}{1-\mu}\langle m,g\rangle \). Since the Adam ratio \( \hat M_t/\sqrt{\hat V_t} \) is elementwise, the weight update is full-rank even though the state is rank-\( r \). LoRA's update is rank-\( r \), and GaLore's step lies in a rank-\( r \) projected subspace. Adafactor's rank-1 factored second moment is an earlier instance of factoring optimizer state.",yes,"There is no auxiliary module: updates are written straight into W, so the result is an ordinary dense checkpoint with the original architecture and unchanged inference cost.","Trivial: no reparametrisation, training starts at \( W_0 \) (random init for pre-training). The factored states start at \( m_B=v_B=0 \), \( m_A,v_A\sim\mathcal N(0,0.02) \), so the reconstructed momenta start at 0 as in Adam. Theorem 3.1 assumes full-rank factors and Algorithm 1 writes plain inverses, which are singular at the first step because \( m_{B,0}=0 \). Appendix C.1 defines the update with Tikhonov-damped pseudo-inverses \( (m_B^{\top}m_B+\lambda_d I)^{-1}m_B^{\top} \) and \( m_A^{\top}(m_Am_A^{\top}+\lambda_d I)^{-1} \), \( \lambda_d>0 \), which are well defined at \( m_B=0 \); the value of \( \lambda_d \) used in experiments is not reported and the code is not released.","An EMA momentum update is one step of online gradient descent on \( \tfrac12\|m-g\|_F^2 \), so momentum is an online linear regressor and can be compressed like any model. LoRA-Pre factors \( m \) (and \( v=(v_Bv_A)^{\circ2} \)) into rank-\( r \) matrices updated by closed-form Newton steps, which cuts optimizer memory for Adam and Muon in both pre-training and fine-tuning.","Pre-training Llama-1B on C4 at rank 512, LoRA-Pre Adam reaches 13.53 validation perplexity versus 15.64 for GaLore and 15.56 for full-state Adam, and fine-tuning on MetaMath100k at rank 8 it beats LoRA by 3.14 points on Llama-3.1-8B and 6.17 points on Llama-2-7B (GSM8K/MATH-500 average).",False,method,B,Lin,"LoRA-Pre is Full FT with a compressed optimiser state. Its object is the terminal \((\Theta,\theta_0,\mathrm{id})\); the low rank lives only in the momenta, which are themselves trained as an online low-rank regressor of the gradient stream. Unlike GaLore, whose step is confined to a moving rank-\(r\) period, nothing confines its update, and every difference from Adam lies in the induced cometric.",wang2026taming,B,Lin,regular,none,GLxGL,,
structlora,StructLoRA,StructLoRA: information-bottleneck direction filtering with graph-based layer coordination,Not All Directions Matter: Towards Structured and Task-Aware Low-Rank Model Adaptation,Xiao et al.,2026,ACL 2026 (long),2603.14228,https://arxiv.org/abs/2603.14228,https://github.com/xixiaouab/StructLoRA,False,,additive-weight,"\Delta\tilde W_l=\tfrac{\alpha}{r}B_l\,\mathrm{diag}(m_l)\,A_l,\ \ m_l\in[0,1]^{r}\ (\text{IB gate: variational-IB KL penalty; paper: Gumbel-Softmax relaxation with a Gaussian or Bernoulli/Beta choice; code: Bernoulli logits, Gumbel-sigmoid relaxation, KL to a Bernoulli prior});\ \ u_l^{(0)}=\mathrm{vec}(\Delta\tilde W_l),\ \ u_l^{(t+1)}=u_l^{(t)}+\sigma\Big(\sum_{j\in\mathcal{N}(l)\cup\{l\}}\tfrac{1}{\sqrt{d_ld_j}}\,u_j^{(t)}\Theta^{(t)}\Big),\ \ \Delta\tilde W_l^{\mathrm{final}}=\mathrm{reshape}\big(W_ou_l^{(T)}\big);\ \ \min\ \mathcal{L}_{\mathrm{task}}\big(f(X;W_0+\Delta\tilde W^{\mathrm{final}})\big)+\lambda_{\mathrm{IB}}\,\mathcal{L}_{\mathrm{IB}}(m);\ \ W_0\ \text{frozen};\ A_l,B_l,m_l,\Theta,W_o\ \text{trained};\ \text{gate and GNN discarded after the final update is merged}","r(d_{in}+d_{out})+r\ \text{per adapted matrix, plus a shared training-only coordinator } (\Theta^{(t)},W_o)\ \text{(stated as}<0.05\%\ \text{of model parameters)}","\( W_q \) and \( W_v \) of every Transformer layer (LLaMA-7B/13B, LLaMA-3.1-8B, Qwen2.5-7B, Gemma-2-9B, ViT-B/16, LLaVA-1.5-7B; RoBERTa-base on GLUE). The coordinator acts across depth on the stack of per-layer updates.","LoRA with a learned diagonal gate between the factors, \( B\,\mathrm{diag}(m)\,A \): a sparsifying selector over the \( r \) rank-one directions, like SoRA's gate but trained with a variational-IB KL to a Bernoulli prior. A training-time map across layers is added on top: the vectorised filtered updates \( U=[u_1;\dots;u_L] \) pass through a shallow residual GCN on a depth graph (adjacent layers plus semantic edges between layers with highly aligned updates or gradients). To first order this is a Laplacian smoothing step \( U\leftarrow U-\eta(\mathbf L\otimes I)U \), which lowers the drift energy \( \sum_l\|u_{l+1}-u_l\|^2 \). Section 3.3 and the released code merge the coordinated \( \Delta\tilde W_l^{\mathrm{final}} \), which in general no longer has rank \( \le r \) because the GCN mixes and nonlinearly maps updates from several layers. Appendix E.7 says instead that the gated \( \Delta\tilde W \) is merged. The released code's coordinator is a dense linear encoder on \( \mathrm{vec}(\Delta\tilde W_l) \) of width \( d_{out}d_{in} \), which does not match the stated \( <0.05\% \) overhead at LLaMA scale.",yes,"Whichever update is deployed, the gated \( \tfrac{\alpha}{r}B\,\mathrm{diag}(m)\,A \) (Appendix E.7) or the coordinator output \( \Delta\tilde W^{\mathrm{final}} \) (Sec. 3.3 and the code's merge_structlora), it is a fixed matrix added to \( W_0 \), so inference cost equals the base model's.","The gated LoRA path is the identity at init (\( B=0 \), Kaiming-uniform \( A \), gate logits 2.0 in the code). The coordinated update is not guaranteed to be: in the released code the coordinator returns \( u+\mathrm{dec}(\mathrm{enc}(u)) \) with default nn.Linear biases, so \( \Delta\tilde W^{\mathrm{final}}\ne0 \) at step 0 whenever it is active. The paper does not discuss this.","Not all \( r \) LoRA directions carry task signal, and layers adapted independently drift apart. StructLoRA gates the rank-one directions with an information-bottleneck filter and, during training only, smooths the per-layer updates across depth with a shallow GCN (a Laplacian smoother), then merges the result so inference costs the same as LoRA.","On GLUE with RoBERTa-base, StructLoRA reports an 86.5 average, 0.5 points above Sensitivity-LoRA, the strongest dynamic-rank baseline.",False,method,R-additive,Lin,"As released, StructLoRA is not a low-rank method. The training-only coordinator's decoder is a dense trainable map back into weight space, and its output is what gets merged, so the deployed update ranges over every adapted box and starts at a defect. Only with the coordinator off (App. E.7, or merge_structlora called without a coordinator) is the object SoRA's gated cone \(W_0+\{B\,\mathrm{diag}(m)A\}\) pointed at the \(\mathrm T_A\) apex. In that reading the GCN smoothing is a training device that \(\rho\) does not see.",xiao2026not,R,Lin,defect,nonlinear,GLxGL,M1,idempotent
fedrot-lora,FedRot-LoRA,Federated LoRA with rotational alignment of client factors,FedRot-LoRA: Mitigating Rotational Misalignment in Federated LoRA,Zhang et al.,2026,ICML 2026,2602.23638,https://arxiv.org/abs/2602.23638,https://github.com/haoran-zh/FedRot-LoRA,False,,composition-or-routing,"h=(W_0+\bar B^{t}\bar A^{t})x,\ \ \bar B^{t}\in\mathbb{R}^{d_{out}\times r},\ \bar A^{t}\in\mathbb{R}^{r\times d_{in}};\quad \text{client } i \text{ trains } (B_i^t,A_i^t) \text{ starting from } (\bar B^{t-1},\bar A^{t-1});\quad R_i^{t,*}=\arg\min_{R^\top R=I_r,\ \det R>0}\begin{cases}\|R^\top A_i^t-\bar A^{t-1}\|_F^2, & t\ \text{odd}\\ \|B_i^tR-\bar B^{t-1}\|_F^2, & t\ \text{even}\end{cases}\ \ (\text{orthogonal Procrustes, closed form via the SVD of an } r\times r \text{ correlation matrix});\quad R_{i,\mathrm{soft}}^t=\Pi_{SO(r)}\big((1-\lambda)I_r+\lambda R_i^{t,*}\big);\quad \tilde A_i^t=R_{i,\mathrm{soft}}^{t\top}A_i^t,\ \ \tilde B_i^t=B_i^tR_{i,\mathrm{soft}}^t\ \ (\tilde B_i^t\tilde A_i^t=B_i^tA_i^t);\quad \bar A^t=\tfrac1N\textstyle\sum_i\tilde A_i^t,\ \ \bar B^t=\tfrac1N\sum_i\tilde B_i^t;\ \ W_0\ \text{frozen},\ A,B\ \text{trained on clients},\ R\ \text{computed in closed form}","r(d_{in}+d_{out})\ \text{per adapted matrix (per client; same communication as FedIT); } R_i^t\in SO(r)\ \text{is computed, not trained}","LoRA-adapted linear layers in federated fine-tuning (RoBERTa-Large on GLUE; Llama 3-8B on GSM8K and HumanEval), implemented in FederatedScope-LLM","Each client trains a rank-\(r\) LoRA \(\Delta W=BA\). The contribution is the aggregation map: before uploading, each client picks a representative of its factor pair's orbit under the \(SO(r)\) subgroup of the \(GL(r)\) gauge action \((B,A)\mapsto(BR,R^{-1}A)\). The representative is chosen by orthogonal Procrustes against last round's global factors, aligning \(A\) and \(B\) in alternate rounds. The server then averages factors, so the global adapter stays rank \(r\) and \(\bar B\bar A\) approximates \(\tfrac1N\sum_iB_iA_i\) up to the aggregation error \(E^t=\bar B\bar A-\tfrac1N\sum_iB_iA_i\).",yes,The global adapter \(\bar B^t\bar A^t\) is an ordinary rank-\(r\) LoRA product and folds into \(W_0\).,"\(\Delta W_0=\bar B^0\bar A^0=0\) (Algorithm 1, line 2; the scalar example in Fig. 2 starts from \(\bar B^0=0\)), so training starts at \(W_0\). Each alignment preserves every client's update exactly, since \(\tilde B_i\tilde A_i=B_iRR^\top A_i=B_iA_i\).","Because \((BR)(R^\top A)=BA\) for every rotation \(R\), clients can reach equivalent but rotated factors, and averaging them gives a \(\bar B\bar A\) far from \(\tfrac1N\sum_iB_iA_i\). Fixing this gauge with a closed-form Procrustes rotation toward last round's global factors (softened by \(\lambda\); \(\lambda=0\) is plain FedIT averaging) shrinks the aggregation-error term in the nonconvex convergence bound. It costs \(O(dr^2+r^3)\) per client and adds no communication.","On GLUE with RoBERTa-Large (\(r=4\), Dirichlet \(h=0.5\), \(N=50\) clients; Table 1), FedRot-LoRA averages 87.34% accuracy versus 82.44% for RoLoRA and 76.80% for FedIT.",False,method,R-additive,Cone,"FedRot-LoRA is FedIT with a partial gauge fixing: before uploading, each client replaces \((B_i,A_i)\) by the representative of its \(SO(r)\)-orbit closest to the previous global pair. This removes the rotational part of the aggregation error \(\bar B\bar A-\tfrac1N\sum_iB_iA_i\), but not the part coming from the non-compact half of \(GL_r\). That is why Prop V.4 needs a shared factor (FFA-LoRA), stacking (FLoRA) or a gauge-invariant statistic (FLoRG) for exactness.",zhang2026fedrot,R,Cone,apex,GL,GLxGL,M1,span
rlpo-rlmo,LoRA-RLPO / LoRA-RLMO,Geometry-preserving orthonormal LoRA initialization for RLVR (principal / minor variants),Geometry-Preserving Orthonormal Initialization for Low-Rank Adaptation in RLVR,Zhang et al.,2026,ICML 2026,2606.31813,https://arxiv.org/abs/2606.31813,https://github.com/Richard-ZZZ/geometry-preserving-orthonormal-init-rlvr,False,,additive-weight,"W_0=U\Sigma V^\top;\quad h=\big(W_0+\tfrac{\alpha}{r}BA\big)x,\quad B_0=0_{d_{out}\times r},\quad A_0=V_{[:,1:r]}^\top\ (\text{LoRA-RLPO, top-}r)\ \ \text{or}\ \ A_0=V_{[:,-r:]}^\top\ (\text{LoRA-RLMO, bottom-}r),\ \ A_0A_0^\top=I_r;\quad \max_{A,B}\ \mathbb{E}_{y\sim\pi_\theta}[R(x,y)]-\beta\,\mathrm{KL}(\pi_\theta\|\pi_{ref})\ \ (\text{general RLVR objective, Eq. 9; the main DAPO runs drop the explicit KL term; GRPO for Qwen2.5-7B});\ \ W_0\ \text{frozen and not modified (no residual)},\ A,B\ \text{trained};\quad \tfrac1T\|W_T^{LoRA}-W_T^{full}\|_F\le M\eta\,\Gamma_T(\eta)\,\|I_{d_{in}}-A_0^\top A_0\|_2+O(\eta^2),\ \ \|I_{d_{in}}-A_0^\top A_0\|_2=\max\big(1,\max_i|1-s_i(A_0)^2|\big)\ge1\ \text{for } r<d_{in},\ \text{with equality iff every singular value } s_i(A_0)\le\sqrt2\ (\text{in particular if } A_0A_0^\top=I_r)",r(d_{in}+d_{out})\ \text{per adapted matrix (}r=16\text{ in the main experiments)},"all linear layers (attention and MLP projections). Main runs: DeepSeek-R1-Distill-Qwen-1.5B with DAPO on DAPO-Math-17k (\(r=16\), \(\alpha=32\)). Appendix: Qwen2.5-7B-Instruct with GRPO (\(r=32\)), Llama-3.2-3B-Instruct on MBPP-style code generation, and an SFT check on Qwen2.5-7B-Instruct (GLUE CoLA and MRPC, GSM8K)","Plain rank-\(r\) LoRA \(\Delta W=\tfrac{\alpha}{r}BA\); only the starting point changes. \(A_0\) is the transpose of \(r\) right singular vectors of \(W_0\) (top \(r\) for RLPO, bottom \(r\) for RLMO), so it has orthonormal rows and no singular-value scaling, and \(B_0=0\). PiSSA and MiLoRA use \(B_0=U_r\Sigma_r^{1/2}\), \(A_0=\Sigma_r^{1/2}V_r^\top\) and a residual base \(W_0-B_0A_0\).",yes,"After training, \(\tfrac{\alpha}{r}BA\) is an ordinary rank-\(r\) matrix added to the untouched \(W_0\).","Exact: \(B_0=0\) gives \(\Delta W=0\), and \(W_0\) is left untouched, unlike PiSSA, MiLoRA and OLoRA, which subtract \(B_0A_0\) from \(W_0\).","In RLVR with \(B_0=0\), Theorem 5.2 bounds the gap between LoRA and full fine-tuning after \(T\) steps by a term proportional to \(\|I-A_0^\top A_0\|_2\ge1\). A row-orthonormal \(A_0\) attains this minimum and also caps the first update at full fine-tuning's (\(\|\Delta W_1\|_F\le\eta\|G_0\|_F\), Proposition 5.3). The minimum is not unique: any \(A_0\) whose singular values are at most \(\sqrt2\) attains it, including, with high probability, the \(\mathcal N(0,1/n)\) LoRA baseline in Table 1, so the bound alone does not separate orthonormal from Gaussian \(A_0\). Taking \(A_0\) from \(W_0\)'s principal or minor right singular vectors keeps PiSSA's and MiLoRA's subspaces but drops their singular-value scaling, which inflates the first update by at least \(\sigma_r\) (Theorem 4.1), and their nonzero \(B_0\). The authors argue this scaling explains the KL blow-up and reward collapse of PiSSA and MiLoRA in RL.","With DAPO on DeepSeek-R1-Distill-Qwen-1.5B (\(r=16\), cosine LR, Table 1), LoRA-RLPO averages 65.03% over GSM8K, MATH500 and AIME22-24, versus 63.76% for LoRA-RLMO, 62.40% for LoRA, 51.71% for MiLoRA and 4.57% for PiSSA.",False,method,R-additive,Cone,"LoRA-RLPO/RLMO is LoRA pointed in the \(\mathrm T_A\) stratum at the top or bottom right singular subspace of \(W_0\): PiSSA's and MiLoRA's subspaces with their Type II split removed. That puts the start back at the apex and keeps \(\|I-A_0^\top A_0\|_2=1\), the quantity in the paper's bound on the LoRA-to-full-FT gap. Every \(A_0\) with singular values \(\le\sqrt2\) attains that bound, so the orthonormal frame is one point of a large set of equally good pointings.",zhang2026geometry,R,Cone,apex,GL,GLxGL,M1,span
nara,NaRA,Noise-aware Low-Rank Adaptation,NaRA: Noise-Aware LoRA for Parameter-Efficient Fine-Tuning of Diffusion LLMs,Wang et al.,2026,ICML 2026,2605.29716,https://arxiv.org/abs/2605.29716,https://github.com/generaldi/NaRA,False,,additive-weight,"h=W_0x+B\,C(\lambda)\,A\,x,\quad C(\lambda)=I_r+\eta\,\mathcal{F}_\phi(e_\lambda),\quad e_\lambda=\cos(2\pi k\lambda)\oplus\sin(2\pi k\lambda),\ k\in\mathbb{R}^{32},\ k\sim\mathcal{N}(0,\sigma^2I)\ \text{fixed};\quad \lambda=m/L_s\in[0,1]\ (\text{fraction of masked response tokens});\quad \Delta W_{l,m}(\lambda)=B_{l,m}\,C(\lambda)\,A_{l,m},\ \ B_{l,m}\in\mathbb{R}^{d_{out}\times r},\ A_{l,m}\in\mathbb{R}^{r\times d_{in}};\ \ W_0\ \text{frozen};\ A,B\ (\text{per module})\ \text{and one globally shared MLP}\ \mathcal{F}_\phi:\mathbb{R}^{64}\to\mathbb{R}^{r\times r}\ \text{trained};\ \eta=0.1",r(d_{in}+d_{out})\ \text{per adapted matrix} + |\phi|\ \text{once per model (shared MLP } 64\to256\to512\to r^2;\ \approx6.7\times10^{5}\ \text{for } r=32),"q, k, v, o attention projections of masked-diffusion LLMs (LLaDA-8B-Base and LLaDA-8B-Instruct); one image-diffusion experiment (SDXL, DreamBooth) in Section 6.6","\(\Delta W(\lambda)=BC(\lambda)A\). Static per-module factors \(B\in\mathbb{R}^{d_{out}\times r}\) and \(A\in\mathbb{R}^{r\times d_{in}}\) sandwich a dynamic \(r\times r\) core that is a smooth function of the scalar noise level \(\lambda\). One Fourier-feature MLP, shared by every adapted module, produces the core once per denoising step. The update therefore moves continuously along the denoising trajectory inside fixed rank-\(r\) column and row spaces.",conditional,"For a fixed \(\lambda\), \(W_0+BC(\lambda)A\) is a dense matrix. But \(\lambda\) changes at every denoising step (and can differ across sequences in a batch), so no single merged weight exists. The paper lists non-mergeability as a limitation (Appendix, Table 10); re-merging at every step is possible in principle (catalogue's inference, not the paper's).","\(B=0\) gives \(\Delta W(\lambda)=0\) for every \(\lambda\). The hypernetwork's last layer is zero-initialized, so \(C(\lambda)=I_r\) and the initial gradients equal LoRA's.","Masked-diffusion LLMs see very different inputs at different noise levels, so a static \(\Delta W\) helps mostly at mid noise. NaRA sandwiches a noise-conditioned core \(C(\lambda)=I_r+\eta\mathcal F_\phi(e_\lambda)\) between static LoRA factors, giving a continuous family \(\Delta W(\lambda)\). Theorem 4.1 shows this family can represent any finite set of updates whose combined column and row spaces have dimension \(\le r\); the extra parameters are under 0.01% of the model. Timestep-conditioned LoRAs already existed for image diffusion (TC-LoRA, TimeStep Master); NaRA is the first noise-aware PEFT for diffusion LLMs.","On LLaDA-8B-Instruct commonsense reasoning (\(r=32\), Table 1), NaRA averages 84.09% versus 80.18% for LoRA and 82.73% for HiRA, with 0.425% versus 0.417% trainable parameters.",False,method,F_T,Cone,"NaRA is a section of LoRA over the noise-level line: a smooth map \(\lambda\mapsto W_0+BC(\lambda)A\) whose fibres move inside one fixed pair of rank-\(r\) column and row spaces, with an \(r\times r\) core produced by one hypernetwork for all modules. Static LoRA is the constant section (\(\eta=0\)). Fibrewise it is MoSLoRA with the mixer generated, and tied across modules.",wang2026nara,F_T,Cone,apex,GL,GLxGL,M1,
lime,LiME,Lightweight Mixture of Experts,LiME: Lightweight Mixture of Experts for Efficient Multimodal Multi-task Learning,Kowsher et al.,2026,ICML 2026 (spotlight),2604.02338,https://arxiv.org/abs/2604.02338,https://github.com/Kowsher/LiME,False,,composition-or-routing,"h=W_0x+\hat z\odot\mathcal{P}(x)+\gamma\,(\hat z\odot p_s),\quad \hat z=\delta_\phi(x)\ (\text{e.g. } \tfrac{\alpha}{r}BAx,\ r=2,\ \alpha=4),\quad \mathcal{P}(x)=\sum_{i\in S_\theta(x)}\tilde w_i(x)\,p_i,\ \ p_i\in\mathbb{R}^{d_{out}};\quad w(x)=\mathrm{softmax}\!\Big(\tfrac{(1-\gamma_r)\,z_{1:E}/\|z_{1:E}\|_\infty+\gamma_r\,\hat z_{1:E}/\|\hat z_{1:E}\|_\infty}{\tau}\Big),\ \ z=W_0x;\quad S_\theta(x)=\{i:w_i(x)\ge\theta\max_jw_j(x)\},\ \ \tilde w_i=w_i\big/\textstyle\sum_{j\in S_\theta}w_j;\ \ W_0\ \text{frozen};\ \phi,\{p_i\},p_s,\gamma\ \text{trained};\ \text{router has no parameters};\ \ \mathcal{L}=\mathcal{L}_{task}+\alpha\mathcal{L}_{imp}+\beta\,\mathrm{KL}(\bar p\,\|\,\mathcal{U});\ \ \text{defaults: } E=4,\ \gamma_r=0.7,\ \tau=0.5,\ \theta=0.7,\ n\text{-gram window }3","|\phi|+E\,d_{out}+d_{out}+1\ \text{per adapted layer (LoRA: } |\phi|=r(d_{in}+d_{out})\text{), versus } E|\phi|\ \text{plus a } d\times E \text{ router for MoE-LoRA}","q, k, v, o attention projections in both the SigLIP vision encoder and the Qwen2 LLM of LLaVA-OneVision-Qwen2-7B (216 target layers; 0.5B model for ablations; also Molmo2-8B); wraps LoRA, DoRA, LoRA-FA, SliceFine (\(r=2\), \(\alpha=4\)) or prompt tuning (10 virtual tokens); \(E=4\) experts, n-gram routing window 3","The output \(\hat z\) of one shared PEFT module is rescaled element-wise by a convex combination of \(E\) expert vectors. A parameter-free softmax router chooses the combination from normalized slices of \(W_0x\) and \(\hat z\), with confidence-adaptive top-\(k\) and one decision per n-gram window. For LoRA this is \(\Delta W(x)=\mathrm{diag}(\mathcal P(x)+\gamma p_s)\,BA\): a token-dependent diagonal rescaling of the rows of one rank-\(r\) update.",no,"\(\mathcal P(x)\) depends on each token (or n-gram window) through the router, so \(\Delta W(x)=\mathrm{diag}(\mathcal P(x)+\gamma p_s)BA\) varies per token. Only with \(E=1\) does it collapse to a static, mergeable \(\mathrm{diag}(p_1+\gamma p_s)BA\).","With LoRA, the released code zero-initializes \(B\), so \(\hat z=0\) and \(h=W_0x\) exactly. Initialization is \(p_i\sim\mathcal U(0.9,1.1)\), \(p_s\sim\mathcal N(0,0.1^2)\), \(\gamma=0\), so LiME also starts close to the plain shared PEFT module.","MoE-PEFT methods normally keep \(E\) adapter copies plus a learned router. LiME keeps one PEFT module and lets \(E\) vectors \(p_i\in\mathbb{R}^{d_{out}}\) rescale its output, so expert cost becomes \(E\,d_{out}\) and works with any PEFT method. Routing logits come for free from the first \(E\) coordinates of the frozen output and the PEFT output. Theorem 2 states that the optimal-risk gap to expert-specific PEFT is \(O(\bar\varepsilon)\) if the modulation approximates it within \(\bar\varepsilon\); the approximation error itself is assumed, not bounded.","On MMT-47 with LLaVA-OneVision-Qwen2-7B (Table 2), LiME-LoRA has the best commonsense-reasoning average (84.98%), with 3.49M trainable parameters versus 10.79M for MoELoRA. In the GLUE efficiency study (one epoch on one H100, about 894M total parameters), LiME-LoRA trains 0.52M parameters versus 1.97M for MoELoRA and runs 23% faster.",False,method,F_T,Fun,"LiME is an \(X\)-point of row scalings of one shared LoRA update: MoV's routed scaling vectors, moved from \(W_0\) to the adapter's output. Per token its weight \(W_0+\mathrm{diag}(v(x))BA\) lies in LoRA\(_r\) with a fixed row space and a token-dependent column space \(\mathrm{diag}(v(x))\,\mathrm{col}\,B\). The router borrows coordinates of \(W_0x\) and \(\hat z\) as logits. That is what makes it parameter-free, and also what fixes a privileged output basis.",kowsher2026lime,F_T,Fun,neutral,GLxTorus,Pi,Minf,
agzo,AGZO,Activation-Guided Zeroth-Order optimization,AGZO: Activation-Guided Zeroth-Order Optimization for LLM Fine-Tuning,Lin et al.,2026,ICML 2026,2601.17261,https://arxiv.org/abs/2601.17261,https://github.com/LouisLINWEI/AGZO,False,,optimizer-or-training-procedure,"\text{for each linear layer } W_\ell\in\mathbb{R}^{d_{out}\times d_{in}} \text{ with batch inputs } H_\ell\in\mathbb{R}^{d_{in}\times m}:\ \ \nabla_{W_\ell}f=Q_\ell H_\ell^\top\ \Rightarrow\ \mathrm{row}(\nabla_{W_\ell}f)\subseteq\mathrm{col}(H_\ell);\quad U_\ell=\mathrm{orth}\big((H_\ell H_\ell^\top)^{K}H_\ell\Omega\big)\in\mathbb{R}^{d_{in}\times r}\ \ (\text{power iteration inside the } f_0=f(W;\mathcal{B}) \text{ forward pass; called } A_\ell \text{ in the paper});\quad \Delta_\ell=R_\ell U_\ell^\top,\ R_\ell\sim\mathcal{N}(0,I_{d_{out}\times r})\ \ (\text{dense Gaussian } u_\ell \text{ for non-linear-layer parameters});\quad \widehat\nabla_{W_\ell}=\frac{f(W+\mu\Delta;\mathcal{B})-f_0}{\mu}\,\Delta_\ell,\qquad W_\ell\leftarrow W_\ell-\eta\,\widehat\nabla_{W_\ell};\ \ \text{all weights trained in place, no backpropagation};\ r=1,\ K=3",\text{all } d_{out}d_{in} \text{ entries of each linear layer (full-parameter ZO); each step's update has rank} \le r\ (r=1);\ \text{extra state } d_{in}r \text{ per layer for } U_\ell,"all parameters (full-parameter zeroth-order fine-tuning); activation-guided perturbations on linear layers (attention and FFN projections), dense Gaussian perturbations elsewhere; Qwen3-0.6B/4B and openPangu-Embedded-1B, plus Qwen3-8B in the appendix","A randomized finite-difference (SPSA) gradient estimate with rank-\(r\) perturbations \(R_\ell U_\ell^\top\). Their row space is the top-\(r\) left singular subspace of the layer's current input activations. In expectation the estimate is \(\nabla_{W_\ell}F_{\mu,U}(W)\,U_\ell U_\ell^\top\): the gradient of a subspace-smoothed objective, projected onto the activation subspace.",yes,AGZO edits the model's own weights in place; there is no adapter to merge.,"Trivial: there is no reparameterization, and training starts at \(W_0\).","A linear layer's gradient \(Q_\ell H_\ell^\top\) has its row space inside the span of the layer's input activations, and that span is spectrally concentrated. AGZO therefore perturbs only along \(R_\ell U_\ell^\top\), with \(U_\ell\) the top activation directions found by power iteration in the same forward pass. The expected cosine with the true gradient is \(\beta_{d_{out}r}\|GU\|_F/\|G\|_F\), versus \(\beta_{d_{out}d_{in}}\) for MeZO (Theorem 5.4, Corollary 5.5). Theorem 5.6 makes the gain strict when the activations are rank-deficient and the average upstream-gradient energy along the top-\(r\) activation directions is at least the average over all of them.","On Qwen3-0.6B, AGZO beats MeZO and LOZO on most SuperGLUE-style tasks, e.g. CB 0.892 versus 0.803 (MeZO) and 0.760 (LOZO), against 0.946 for first-order fine-tuning, with almost the same peak memory as MeZO.",False,method,B,Lin,"AGZO is MeZO with its random line restricted to the slice \(\{XU_\ell^\top\}\), which contains the row space of every layer gradient \(Q_\ell H_\ell^\top\). The compression is still one directional derivative, but along a rank-\(r\) direction whose input side is a data frame. Per step it is LoRA-FA\((U_\ell^\top)\) along a single random line, re-based every step.",lin2026agzo,B,Lin,regular,none,frame,,schedule
zo-muon,ZO-Muon,Zeroth-order Muon via subspace gradient orthogonalization,Powering Up Zeroth-Order Training via Subspace Gradient Orthogonalization,Lang et al.,2026,arXiv,2602.17155,https://arxiv.org/abs/2602.17155,https://github.com/OPTML-Group/ZO-Muon,False,,optimizer-or-training-procedure,"\text{for each weight } W_\ell\in\mathbb{R}^{d_{out}\times d_{in}}:\ P_\ell\in\mathbb{R}^{d_{out}\times r},\ P_\ell^\top P_\ell=I_r\ (\text{QR of a Gaussian, resampled every } v=100 \text{ steps});\quad \widehat G_{Z,\ell}=\frac{1}{N_q}\sum_{i=1}^{N_q}\frac{f(W+\mu P\Psi_i)-f(W)}{\mu}\,\Psi_{i,\ell},\ \ \Psi_{i,\ell}\sim\mathcal{N}(0,I_{r\times d_{in}});\quad O_\ell=P_\ell\,\mathrm{msign}(\widehat G_{Z,\ell}),\ \ \mathrm{msign}(G)=(GG^\top)^{-1/2}G=U_kV_k^\top\ \text{for } G\in\mathbb{R}^{r\times d_{in}}\ (\text{the paper's } G(G^\top G)^{-1/2} \text{ needs a pseudo-inverse here; computed by Newton--Schulz});\quad W_\ell\leftarrow W_\ell-\eta\,O_\ell;\ \ \text{first-order analogue } O=P\,\mathrm{msign}(P^\top\nabla_Wf),\ \text{equal to } \mathrm{msign}(\nabla_Wf) \text{ when } P \text{ spans the gradient's column space};\ \text{all weights trained, no backpropagation; 1-D parameters (biases, norms) use dense Gaussian RGE};\ N_q=4,\ r\in\{64,128\}\ \text{for LLMs};\ N_q=16,\ r=64\ \text{for ViTs}",\text{all } d_{out}d_{in} \text{ entries of each weight matrix (full-parameter ZO); each step's update has rank} \le r;\ \text{state: } P_\ell\in\mathbb{R}^{d_{out}\times r},"all weight matrices (full-parameter zeroth-order fine-tuning) of OPT-1.3B/13B, LLaMA3-8B and Gemma2-2B (SuperGLUE, SQuAD) and ViT-B/16, ViT-L/16 (CIFAR-10/100)","A multi-query forward-difference gradient estimate (RGE) is taken in a random rank-\(r\) left subspace \(\mathrm{col}(P)\), which is lazily resampled. The \(r\times d_{in}\) estimate is orthogonalized by the matrix sign function and lifted back by \(P\). With an exact matrix sign each update \(P\,\mathrm{msign}(\widehat G_Z)\) is a rank-\(\le r\) partial isometry whose nonzero singular values equal 1; the Newton–Schulz iteration used in practice makes them only approximately 1.",yes,ZO-Muon edits the model's own weights in place; there is no adapter to merge.,"Trivial: there is no reparameterization, and training starts at \(W_0\).","Estimate the ZO gradient of the projected variable \(Z\) (\(W\approx PZ\), with \(P\) random and column-orthonormal) by multi-query RGE. This cuts the dimension behind the estimator's variance from \(d_{out}d_{in}\) to \(rd_{in}\). Then orthogonalize the estimate Muon-style and lift it back with \(P\). Orthogonalizing full-space MeZO estimates (ZO-Muon-V0) does not help, but inside the subspace the matrix sign acts as a spectral noise filter, making ZO-Muon a zeroth-order approximation of low-rank Muon.","Versus MeZO, ZO-Muon needs 24.7% of the queries to reach 0.90 on SST-2 (OPT-1.3B, Fig. 2a) and reaches 72.4% versus 47.3% on CIFAR-100 with ViT-L (Table 1). The abstract attributes this +25.1-point gain to ViT-B, but Table 1 shows it is ViT-L.",False,method,B,Lin,"ZO-Muon is the zeroth-order version of a one-sided GaLore period with a random frame: per period it is FB\((P_k)\), the frozen-\(B\) sub-object of LoRA, trained by forward differences and orthogonalised steps. The subspace is what makes the matrix sign useful, since it then acts on an \(r\times d_{in}\) estimate whose variance scales with \(rd_{in}\) rather than \(d_{out}d_{in}\).",lang2026powering,B,Lin,regular,none,frame,,schedule
flexlora-entropy,FlexLoRA,FlexLoRA: Entropy-Guided Flexible Low-Rank Adaptation,FlexLoRA: Entropy-Guided Flexible Low-Rank Adaptation,Liu et al.,2026,ICLR 2026,2601.22905,https://arxiv.org/abs/2601.22905,https://github.com/Chongjie-Si/Subspace-Tuning,False,,additive-weight,"h=W_0x+s\,P_\ell\Lambda_\ell Q_\ell\,x,\ \ s=\alpha/r_{init}\ \text{(released code)},\quad P_\ell\in\mathbb{R}^{d_{out}\times r_\ell},\ \Lambda_\ell=\mathrm{diag}(\lambda_1,\dots,\lambda_{r_\ell}),\ Q_\ell\in\mathbb{R}^{r_\ell\times d_{in}};\quad \mathcal{L}=\mathcal{L}_{task}+\gamma\textstyle\sum_\ell\big(\|P_\ell^{\top}P_\ell-I\|_F^2+\|Q_\ell Q_\ell^{\top}-I\|_F^2\big);\quad I(\Lambda_\ell)=-\frac{1}{\log r_\ell}\sum_{i=1}^{r_\ell}s_i\log(s_i+\epsilon),\ \ s_i=\frac{\lambda_i^2}{\sum_j\lambda_j^2};\quad \text{every }\Delta_T\text{ steps: the }b(t)\text{ lowest-}I\text{ matrices with }r_\ell>1\text{ drop their smallest-}\lambda\text{ triplet; the }b(t)\text{ highest-}I\text{ matrices append }(p,\lambda{=}0,q),\ p,q\sim\mathcal{N};\ \ b(t)=\mathrm{round}\big(b_0(1-\tfrac{t-t_{warmup}}{T-t_{final}})^3\big);\quad W_0\ \text{frozen};\ P_\ell,\Lambda_\ell,Q_\ell\ \text{trained}","r_\ell(d_{in}+d_{out}+1)\ \text{per adapted matrix, with } r_\ell \text{ changing during training. Each reallocation removes one triplet from each of } b(t) \text{ matrices and adds one to each of } b(t) \text{ others, so } \textstyle\sum_\ell r_\ell \text{ stays at the initial budget; the parameter count itself can drift when the adapted matrices differ in } d_{in}+d_{out}","DeBERTaV3-base for GLUE (the paper's rank-allocation figure shows query, key, value, attention-output, intermediate and output dense matrices), the Q, K, V, Up and Down projections of LLaMA3-8B for commonsense reasoning, and ViT-B/16 (ImageNet-22K) for VTAB-1K, whose target modules the paper does not list","An SVD-form additive update \(\Delta W_\ell=P_\ell\Lambda_\ell Q_\ell\) of rank \(r_\ell\). It uses the AdaLoRA parameterization, with a soft orthogonality penalty on \(P_\ell\) and \(Q_\ell\), and it moves rank between matrices during training. Allocation uses one score per matrix, the Shannon entropy of the normalized spectral energies \(s_i=\lambda_i^2/\sum_j\lambda_j^2\) divided by \(\log r_\ell\), which lies in \([0,1]\). Low entropy means the energy sits in a few directions, so the matrix can give up rank. High entropy means the energy is spread out, so the matrix should gain rank. Pruning removes the triplet with the smallest \(\lambda\) from each of the \(b(t)\) lowest-entropy matrices. Expansion appends a Gaussian pair \((p,q)\) with \(\lambda=0\) to each of the \(b(t)\) highest-entropy matrices, so insertion leaves the function unchanged. \(b(t)\) follows a cubic decay schedule between a warm-up and a final freeze phase. The released code differs from the paper in three details: its schedule is \(b_0(1-p^3)\) rather than \(b_0(1-p)^3\), with \(p\) the elapsed fraction of the allocation phase; pruning removes the triplet with the smallest signed \(\lambda\) rather than the smallest magnitude; and the orthogonality penalty uses the unsquared Frobenius norm, averaged over factors.",yes,\(P_\ell\Lambda_\ell Q_\ell\) is a dense \(d_{out}\times d_{in}\) matrix that folds into \(W_0\). Ranks change only during training.,"Exact. \(\Lambda=0\) at initialization: in the released flexlora.py the singular-value vector is zero-initialized and \(P,Q\sim\mathcal{N}(0,0.02^2)\), so \(\Delta W=0\). Every expanded direction also starts at \(\lambda=0\) (the paper's zero-impact initialization), so growing a rank does not change the current output.","FlexLoRA replaces per-direction sensitivity scores with a matrix-level score, the normalized entropy of each matrix's learned singular values \(\Lambda_\ell\). Under a fixed global budget it moves rank from low-entropy to high-entropy matrices, and new directions enter with \(\lambda=0\) so that expansion is function-preserving.",With DeBERTaV3-base FlexLoRA averages 89.1 on GLUE against 88.1 for AdaLoRA at the same 1.9M parameters; with LLaMA3-8B on eight commonsense tasks it scores 85.2 at rank 8 (AdaLoRA 85.1) and 85.5 at rank 32.,False,method,R-additive,Cone,"FlexLoRA is AdaLoRA's object with a different budget dynamic. Rank leaves matrices whose learned spectrum \(\Lambda_\ell\) is concentrated and enters matrices whose spectrum is spread, moving between nested sub-cones (A2 truncations) and their \(\lambda=0\) extensions (A5 stages). Because the score reads \(\Lambda\) alone, it inherits the gauge dependence of \(P\Lambda Q\): \(\Lambda\) equals the singular values of \(\Delta W\) only when the orthogonality penalty is exactly satisfied.",liu2026flexlora,R,Cone,apex,nonlinear,GLxGL,M1,span
fouriermoe,FourierMoE,Fourier Mixture-of-Experts Adaptation,FourierMoE: Fourier Mixture-of-Experts Adaptation of Large Language Models,Jiang et al.,2026,NeurIPS 2026,2604.01762,https://arxiv.org/abs/2604.01762,,False,,composition-or-routing,"h=W_0x+\eta\sum_{i\in\mathcal{S}(x)}g_i(x)\,\Delta W_i\,x,\quad g(x)=\mathrm{softmax}\big(\mathcal{G}_\Phi(x)\big),\ \ \mathcal{S}(x)=\mathrm{TopK}_k\,g(x);\quad \Delta W_i=\mathcal{F}^{-1}(E_i)=\frac{1}{d_{out}d_{in}}\sum_{u,v}E_i(u,v)\,f_ug_v^{\top},\ \ (f_u)_q=e^{j2\pi uq/d_{out}},\ (g_v)_y=e^{j2\pi vy/d_{in}};\quad E_i(u,v)=c_{i,uv}\in\mathbb{C}\ \text{for }(u,v)\in\Omega_i,\ \ E_i(\langle-u\rangle,\langle-v\rangle)=\overline{c_{i,uv}},\ \ 0\ \text{elsewhere};\quad \mathcal{L}=\mathcal{L}_{task}+\lambda\,Z\sum_{i=1}^{Z}f_iP_i;\quad W_0\ \text{frozen};\ \{c_{i,uv}\}\ \text{and router }\Phi\ \text{trained};\ \Omega_i\ (|\Omega_i|=n)\ \text{fixed, sampled from a Gaussian band-pass around centre frequency }\mathcal{D}_{c,i}","\mathcal{O}(Zn+Z\,d_{in})\ \text{per adapted matrix (App. G, Eq. 15). Read literally (}n\text{ complex coefficients, i.e. }2n\text{ reals, per expert, plus one }Z\times d_{in}\text{ router per adapted matrix), this is }Z(2n+d_{in})\text{. For the LLaMA-2 7B setting (}Z=8,\ n=8192\text{, six projections, 32 layers) that is about 33M parameters (0.49\%), far above the reported 0.06\%, so the paper's actual accounting is unresolved}","The Q, K, V, Up, Down and Gate projections (plus O for math) of LLaMA-2 7B, Gemma 7B, LLaMA-3 8B and Qwen2.5-14B; Q and V only for RoBERTa-large (GLUE) and CLIP ViT-B/32 (image classification). \(Z=8\) experts throughout, with top-4 routing for commonsense reasoning and top-2 elsewhere","A token-routed mixture of \(Z\) dense spectral experts. Each expert update \(\Delta W_i\) is the inverse 2-D DFT of a sparse, Hermitian-symmetric spectrum supported on a fixed set \(\Omega_i\) of \(n\) frequencies. \(\Omega_i\) is drawn from a Gaussian band-pass around a per-expert centre frequency, so each expert is band-limited. \(\Delta W_i\) is therefore a real sum of 2-D sinusoids \(2|c|\cos(2\pi(uq/d_{out}+vy/d_{in})+\angle c)\), and each conjugate pair contributes rank at most 2. The router keeps the top \(k\) experts per token and mixes their spatial updates linearly, so the applied update \(\sum_{i\in\mathcal{S}(x)}g_i(x)\Delta W_i\) depends on the input, with rank at most the number of non-zero spectral entries of the selected experts (App. H), which with conjugate partners counted is at most \(2kn\). Unlike FourierFT, the coefficients are complex, so the experts learn phase as well as amplitude. Catalogue observation, not from the paper: \(\mathrm{Re}\,\mathcal{F}^{-1}(F)=\mathcal{F}^{-1}\big(\tfrac12(F+\bar F^{\sharp})\big)\) with \(\bar F^{\sharp}(u,v)=\overline{F(\langle-u\rangle,\langle-v\rangle)}\) for every \(F\). Taking the real part of an unsymmetrized complex spectrum therefore reaches the same set of updates, and the substantive change from FourierFT is the learned phase rather than the symmetry constraint.",no,"The gate values \(g_i(x)\) and the active set \(\mathcal{S}(x)\) change from token to token. Each \(\Delta W_i\) can be computed once per forward pass and cached, but no single static matrix reproduces the layer unless the routing is frozen.","Not specified. The paper's algorithm only says that the complex coefficients are initialized and that the router starts random. \(\Delta W=0\) at the start would require zero coefficients (the FourierFT paper draws its coefficients from \(\mathcal{N}(0,1)\)), and no code is public.","FourierMoE moves MoE-LoRA into the frequency domain. Each expert owns a band of 2-D Fourier frequencies with learnable complex coefficients (amplitude and phase), and a token-level top-\(k\) router decides which bands, and therefore how much rank, each token's weight update receives.","In the multi-task commonsense setting on LLaMA-2 7B FourierMoE averages 83.95 against 82.73 for GOAT, the strongest mixture-of-PEFT baseline, using 0.06% trainable parameters; on seven GLUE tasks with RoBERTa-large it averages 91.40 against 86.73 for FourierFT.",False,method,F_T,Fun,"FourierMoE is an \(X\)-point of a complex-coefficient FourierFT: the router chooses, per token, which frequency bands the update uses. Learning the phase as well as the amplitude takes each expert out of FourierFT's point-symmetric subspace \(\Delta W_{j,l}=\Delta W_{-j,-l}\) (the sine patterns are point-antisymmetric), so the experts share FourierFT's frame but are not FourierFT experts. Fibrewise the method still factors through LoRA-FA with a frozen trigonometric input frame.",jiang2026fouriermoe,F_T,Fun,neutral,none,Pi,Minf,
smoa,SMoA,Spectrum Modulation Adapter,SMoA: Spectrum Modulation Adapter for Parameter-Efficient Fine-Tuning,Liu et al.,2026,NeurIPS 2026,2605.21147,https://arxiv.org/abs/2605.21147,,False,,multiplicative-weight,"\widetilde W_0=P_{out}W_0P_{in}^{\top},\quad M_k=\widetilde W_0[\mathcal{O}_k,\mathcal{I}_k]\in\mathbb{R}^{\frac{d_{out}}{K}\times\frac{d_{in}}{K}};\quad \Delta W=P_{out}^{\top}\,\mathrm{blkdiag}\big((B_1A_1)\odot M_1,\dots,(B_KA_K)\odot M_K\big)\,P_{in},\quad B_k\in\mathbb{R}^{\frac{d_{out}}{K}\times\rho},\ A_k\in\mathbb{R}^{\rho\times\frac{d_{in}}{K}},\ \rho=\tfrac{r}{K};\quad h=(W_0+\Delta W)x;\quad W_0\ \text{frozen};\ \text{permutations }P_{out},P_{in}\ \text{(fixed once from the SVD of }W_0\text{) and anchors }M_k\ \text{frozen};\ \{A_k,B_k\}_{k=1}^{K}\ \text{trained}","\tfrac{r}{K}(d_{in}+d_{out})\ \text{per adapted matrix, i.e. }1/K\text{ of rank-}r\text{ LoRA}","Query, key, value and projection layers (the paper's wording, App. D) of Llama-2-7B and Llama-3-8B; \(K=2\) by default, with reference ranks \(r\in\{16,32\}\)","A block-diagonal HiRA in permuted coordinates. Write \(\tilde B=\mathrm{blkdiag}(B_1,\dots,B_K)\in\mathbb{R}^{d_{out}\times r}\) and \(\tilde A=\mathrm{blkdiag}(A_1,\dots,A_K)\in\mathbb{R}^{r\times d_{in}}\). Because \(\mathrm{blkdiag}(B_kA_k)\odot\widetilde W_0=\mathrm{blkdiag}((B_kA_k)\odot M_k)\), the update equals \(\Delta W=(P_{out}^{\top}\tilde B\tilde AP_{in})\odot W_0\) (catalogue rewriting). This is a Hadamard modulation of the frozen weight by a rank-\(r\) matrix whose factors are block-sparse in a coordinate order fixed once from the SVD of \(W_0\). The paper does not spell out the rule beyond grouping coordinates with similar spectral roles. Off-diagonal blocks of \(\widetilde W_0\) are never modulated. Proposition 1 bounds the rank by \(\sum_k\min(s_k,\rho\,\mathrm{rank}\,M_k)\) with \(s_k=\min(d_{out},d_{in})/K\), against \(r\) for LoRA. With \(K=1\) the permutations are absorbed into the factors and SMoA is exactly HiRA. Without the Hadamard factor it becomes block-diagonal mini-LoRAs (MELoRA's shape) in permuted coordinates. A second catalogue observation follows. \(\tilde B\tilde A\) has rank at most \(r\), so at budget \(r\) SMoA's update set lies inside rank-\(r\) HiRA's set \(\{W_0\odot(BA)\}\), reached with \(1/K\) of HiRA's parameters. The rank-ceiling gain of Proposition 1 is over LoRA, not over HiRA.",yes,"\(\Delta W\) is a dense matrix once it is scattered back with \(P_{out}^{\top}\) and \(P_{in}\). It is added to \(W_0\) after training, so inference has no extra branch.","Not stated. The paper follows HiRA's training setup; if one factor of each block is zero-initialized as in HiRA, \(\Delta W=0\) at the start. The SVD-based reordering does not change the layer.","Pretrained weights carry information in their long spectral tails, so one global low-rank branch under-covers them. SMoA reorders \(W_0\) by its spectral structure, cuts it into \(K\) aligned diagonal blocks, and attaches a rank-\(r/K\) HiRA-style (Hadamard-modulated) branch to each block. This raises the rank ceiling while using \(1/K\) of LoRA's parameters.","With \(r=32\) and \(K=2\) (half of rank-32 LoRA's parameters) SMoA averages 81.85% on eight commonsense tasks with Llama-2-7B (HiRA at \(r=32\): 81.42%) and 87.39% with Llama-3-8B (HiRA: 86.73%), and reaches 72.33% on GSM8K with Llama-3-8B against 65.89% for LoRA.",False,method,R-Hadamard,Cone,"SMoA is MELoRA transported by HiRA's \(\theta_0\)-dependent Hadamard frame \(D_{W_0}\), after a spectral reordering of rows and columns; equivalently, HiRA\(_r\) with block-sparse factors. Its rank ceiling exceeds LoRA's, but at budget \(r\) its update set is a subset of HiRA\(_r\)'s, reached with \(1/K\) of the parameters. So its gain over HiRA is in parameter count, not expressivity.",liu2026smoa,R,Cone,apex,GL,MonxMon,M1,span
bayesian-lora-sgp,Bayesian-LoRA,Bayesian-LoRA (sparse-GP inducing-variable posterior over both LoRA factors),Bayesian-LoRA: Probabilistic Low-Rank Adaptation of Large Language Models,Lin et al.,2026,ICML 2026,2601.21003,https://arxiv.org/abs/2601.21003,https://github.com/moulelin/Bayesian-LoRA,False,,additive-weight,"h=\big(W_0+\tfrac{\alpha}{r}BA\big)x,\quad A\mid U^A\sim\mathcal{N}\big(T_r^AU^AT_c^A,\ \lambda^2\Sigma_A\big),\ \ B\mid U^B\sim\mathcal{N}\big(T_r^BU^BT_c^B,\ \lambda^2\Sigma_B\big);\quad T_r=Z_r^{\top}K_r^{-1},\ T_c=K_c^{-1}Z_c,\ K_r=Z_rZ_r^{\top}+D_r^2,\ K_c=Z_cZ_c^{\top}+D_c^2;\quad U=T_\phi(U_0),\ U_0\sim\mathcal{N}(\mathbf{m},\mathrm{diag}\,\boldsymbol{\sigma}^2)\ \text{(masked autoregressive flow)},\ \ p(U)=\mathcal{N}(\mathbf{0},K_c\otimes K_r);\quad \max\ \mathbb{E}_{q}\big[\log p(\mathcal{D}\mid W)\big]-\mathrm{KL}\big(q_\phi(U)\,\|\,p(U)\big)-\tfrac{D}{2}\big(\lambda^2-1-2\log\lambda\big);\quad W_0\ \text{frozen};\ Z_r,Z_c,D_r,D_c,\mathbf{m},\boldsymbol{\sigma},\phi,\lambda\ \text{trained (per factor and layer)}","\approx c\,d_{in}+r\,d_{out}+r_L(r+c)+O(rc)\ \text{per adapted matrix, with an } r\times c \text{ inducing matrix per factor and LoRA rank } r_L\text{. The inducing locations } Z_c^A\in\mathbb{R}^{c\times d_{in}} \text{ and } Z_r^B\in\mathbb{R}^{r\times d_{out}} \text{ dominate; the variational means and standard deviations, diagonal noise, flow and } \lambda \text{ add } O(rc) \text{ (derived from Eqs. 6, 13 and 14 and the released code). Paper total: 4.9M, against 4.48M for LoRA on Q, K and the LM head of Llama-2-7B with } r=c=9\text{; 4.48M is LoRA at rank 8, the rank used in the released configs}","Q, K and LM-head weights of Llama-2-7B for commonsense reasoning (inducing size \(r=c=9\)); also Qwen2.5-14B-Instruct and Qwen3-30B-A3B-Instruct-2507 for MATH (App. Table 22)","A stochastic rank-\(r\) additive update. Both LoRA factors are random matrices generated from small \(r\times c\) inducing matrices through a Kronecker-structured sparse-GP conditional: a bilinear projection \(T_rUT_c\) plus Gaussian noise of scale \(\lambda\). The posterior over each inducing matrix is a diagonal Gaussian pushed through a masked autoregressive flow. The ELBO's KL over \(U\) is estimated from base samples (Prop. 4.1), and its conditional-KL term is in closed form. Every sample has rank at most \(r\), and the posterior mean \(\tfrac{\alpha}{r}\bar B\bar A\) has exactly LoRA's shape. A point-mass \(q(U)\) with \(\lambda\to0\) recovers a deterministic LoRA update in the reparameterization \(A=T_r^AU^AT_c^A\), \(B=T_r^BU^BT_c^B\) (Corollary 4.2).",conditional,"In deterministic mode the posterior mean \(W_0+\tfrac{\alpha}{r}\bar B\bar A\) is merged with no added latency. Calibrated predictions need \(N\) Monte Carlo samples of \((A,B)\) at test time. Latency is \(1.52\times\) LoRA's with \(N=2\) and \(2.79\times\) with \(N=4\), the setting used in the accuracy and calibration tables.","Not exact, and the paper does not state it. The released training script first applies PEFT LoRA, then replaces both LoRA factor layers on each key layer with InducingLinear modules. Their inducing means are drawn from \(\mathcal{N}(0,1)\) and their inducing locations are random, so both sampled factors are non-zero at step 0 and \(\tfrac{\alpha}{r}BA\neq0\). The update is small because the prior scale is divided by the square root of the fan-in. The repository also has an InducingAdapter wrapper whose learnable output scale starts at 0, but the training script never uses it.","The Kronecker-factored sparse-GP conditional mean \(T_rUT_c\) has the same bilinear shape as LoRA's \(BA\). Bayesian-LoRA puts a flow-enriched variational posterior on small inducing matrices that generate both LoRA factors, giving end-to-end calibrated Bayesian LoRA with plain LoRA as the zero-uncertainty limit.","On six commonsense benchmarks with Llama-2-7B Bayesian-LoRA has the best accuracy on five and cuts ECE by 84% relative to MAP LoRA on WinoGrande-S, at 1.23x LoRA's training time and 0.42M extra parameters.",False,method,F_T,Cone,"Bayesian-LoRA is a family over a noise space whose samples are LoRA points with both factors random, generated from small inducing matrices through a bilinear GP conditional \(T_rUT_c\) that has LoRA's own shape. Its mean projects to a LoRA point (Corollary 4.2). Its distribution, however, lives on \(Q\) through a parametrisation that is not gauge-invariant, so the calibrated uncertainty depends on the factor representative, as for Laplace-LoRA.",lin2026bayesian,F_T,Cone,defect,nonlinear,GLxGL,Minf,
florg,FLoRG,Federated Low-rank Gram-matrix aggregation,FLoRG: Federated Fine-tuning with Low-rank Gram Matrices and Procrustes Alignment,Meng et al.,2026,ICLR 2026,2602.17095,https://arxiv.org/abs/2602.17095,,False,,additive-weight,"W^{t}=W_0+L\,(A^{t})^{\top}A^{t}R,\quad L\in\mathbb{R}^{d_{out}\times k},\ R\in\mathbb{R}^{k\times d_{in}}\ \text{fixed semi-orthogonal},\ A^{t}\in\mathbb{R}^{r\times k},\ k=\min(d_{in},d_{out});\quad \text{client } n:\ A_n^{t+\frac12}=A^{t}-\eta\,A^{t}\big(H_n^{t}+H_n^{t\top}\big),\ \ H_n^{t}=L^{\top}\nabla_WF_n(W^{t})R^{\top};\quad \text{server: } Q^{t+1}=\tfrac1N\sum_n(A_n^{t+\frac12})^{\top}A_n^{t+\frac12}=(P^{t+1})^{\top}\Lambda^{t+1}P^{t+1},\ \ \tilde A^{t+1}=(\Lambda^{t+1})^{1/2}P^{t+1},\ \ A^{t+1}=S^{\star}\tilde A^{t+1},\ \ S^{\star}=UV^{\top}\ \text{where } A^{t}(\tilde A^{t+1})^{\top}=U\Sigma V^{\top};\quad W_0,L,R\ \text{frozen};\ A\ \text{trained};\quad \text{experiments use a LoRA scaling factor of 16 and AdamW (App. A.6)}","r\,k=r\min(d_{in},d_{out})\ \text{per adapted matrix (a single factor); per round each client uploads } A_n \text{ and downloads } A^{t}\text{, } rk \text{ numbers each way}","LoRA-adapted weight matrices of OPT-125M, RoBERTa-large and Llama-3.2-3B (the paper does not list the modules); \(r=4\), \(N=20\) clients","A rank-\(\le r\) additive update confined to the cone \(\{LQR:\ Q\succeq0,\ \mathrm{rank}\,Q\le r\}\): a PSD Gram core \(Q=A^{\top}A\) between two fixed semi-orthogonal frames (the paper says only that they are initialized with orthogonal columns). The core is invariant under the gauge \(A\mapsto OA\), \(O\in O(r)\), and is linear to average, so the server aggregates \(Q\) exactly (no \(B_iA_j\) cross terms) from one factor per client. Re-factoring the aggregate is ambiguous up to that gauge, and \(\mathrm{rank}\,Q^{t+1}\le\min(k,Nr)\) can exceed \(r\). Orthogonal Procrustes picks the rank-\(r\) factor closest to the previous round's \(A^{t}\), which removes the drift term from the convergence bound. Two catalogue observations, not from the paper: because \(Q\succeq0\), \(-\Delta W\) is never reachable for \(\Delta W\neq0\); and when \(\mathrm{rank}\,Q^{t+1}>r\), the \(r\times r'\) map \(S^{\star}\) projects the aggregate, so the broadcast update is no longer exactly the client average. The paper's constraint \((S^{t})^{\top}S^{t}=I_{r'}\) cannot hold when \(r'>r\); in that case the solution \(S^{\star}=UV^{\top}\) has orthonormal rows.",yes,\(L(A^{t})^{\top}A^{t}R\) is a dense \(d_{out}\times d_{in}\) matrix that is added to \(W_0\).,"Not exact. \(W^{1}=W_0+L(A^{1})^{\top}A^{1}R\), and \(A^{1}=0\) cannot be used because \(\nabla_AF=A(H+H^{\top})\) vanishes there. The paper does not specify how \(A^{1}\) is initialized; \(L\) and \(R\) get semi-orthogonal initialization, which beats Kaiming and SVD initialization in its ablation.","FLoRG trains a single factor \(A\) of a symmetric update \(LA^{\top}AR\) and aggregates its Gram matrix \(A^{\top}A\), which is gauge-invariant. Federated averaging becomes exact and uplink traffic halves. The server then re-factors the average and fixes the \(O(r)\) gauge by Procrustes alignment to the previous round.","With 20 clients, Dirichlet non-IID GLUE splits and rank 4 FLoRG beats FedIT, FeDeRA, FFA-LoRA, FedSA-LoRA and FedEx-LoRA in most cases, and it transmits up to 2041x fewer parameters than FedEx-LoRA to reach a target QNLI accuracy.",False,method,R-additive,Cone,"FLoRG is SingLoRA's Gram form placed between two frozen frames. Its trained quantity is the \(O(r)\)-invariant core \(Q=A^\top A\), which is linear to average, so federated aggregation acts on a gauge-invariant statistic and is exact before re-factoring. The price is the image: a PSD cone, so \(L^\top\Delta WR^\top\) can only move in positive semidefinite directions.",meng2026florg,R,Cone,defect,GL,frame,M1,span
loda-cl,LoDA,Low-rank Decomposition and Adaptation,Task-Driven Subspace Decomposition for Knowledge Sharing and Isolation in LoRA-based Continual Learning,He et al.,2026,ICML 2026,2603.00191,https://arxiv.org/abs/2603.00191,https://github.com/HHHLF/LoDA_ICML2026,False,,additive-weight,"h=\big(W^{t-1}+w_GB_GA_G+B_IA_I\big)x;\quad S^{i}=X^{i\top}X^{i},\ S^{1:t-1}=\textstyle\sum_{i<t}S^{i};\quad A_G=U_G^{\top},\ U_G=\text{top-}r\ \text{eigenvectors of } S^{1:t-1}+S^{t};\quad A_I=\mathrm{QR}(U_I^{\top}),\ U_I=\text{top-}r\ \text{generalized eigenvectors of } S^{t}u=\mu\,S^{1:t-1}u\ \ (\text{via } S^{1:t-1}=LL^{\top},\ U_I=L^{-\top}\,\mathrm{top}_r\,\mathrm{eig}(L^{-1}S^{t}L^{-\top}));\quad A_G,A_I\ \text{frozen};\ B_G,B_I\ \text{trained from }0\text{ with GAO};\quad \text{after task } t:\ W^{t}=W^{t-1}+w_GB_G\Lambda_GA_G+B_IA_I,\ \ \Lambda_G=\mathrm{diag}(\gamma_j),\ \ \gamma_j=\frac{\lambda\,a_jS^{t}a_j^{\top}}{a_j(\lambda S^{t}+S^{1:t-1})a_j^{\top}}\in[0,1],\ a_j=A_G^{(j)}","2r\,d_{out}\ \text{per adapted matrix per task (}B_G,B_I\text{), or } r\,d_{out} \text{ on task 1, where the isolated branch is disabled. } A_G,A_I \text{ are designed, not trained, and both branches are merged after each task, so inference adds no parameters}",All attention blocks of an ImageNet-21K ViT-B/16 at rank 32; also CLIP and self-supervised ViT backbones,"Each task adds two rank-\(r\) additive branches whose down-projections are frozen and designed from second moments of the layer inputs. The shared branch spans the top-\(r\) eigenspace of the accumulated old-plus-new statistics, for knowledge sharing. The isolated branch spans the top-\(r\) generalized eigenvectors of the pencil \((S^{t},S^{1:t-1})\), the directions with the largest ratio of new-task to old-task projection energy, instead of an approximate null space of old tasks. Training only \(B\) is gradient descent restricted to \(\mathrm{row}(A)\), with output change scaled by the projection energy \(\|Ax\|^2\) (Thm 3.1). The up-projections are trained with GAO, a two-subset look-ahead update that favors gradients agreeing across label-disjoint halves of a batch. Before merging, each rank-1 unit of the shared branch is shrunk by a closed-form ridge-type factor \(\gamma_j\in[0,1]\) that trades new-task fit against drift on old-task features. Both branches are then folded into the backbone.",yes,"After each task \(w_GB_G\Lambda_GA_G+B_IA_I\) is added to the backbone and the LoRA matrices are discarded, so inference uses a single weight matrix and needs no task identity.","Exact for each task. \(B_G=B_I=0\) when a task starts, and on task 1 the isolated branch is disabled, so the layer equals \(W^{t-1}\). \(A_G\) and \(A_I\) are set beforehand from cached layer inputs.","With a frozen down-projection, LoRA learns only along directions the inputs excite (projection energy \(\|Ax\|^2\)). LoDA therefore builds one subspace that old and new tasks both excite, for transfer, and one that the new task excites far more than old tasks, for isolation. Null-space designs instead use old-task null spaces, which the new task may barely use.","Without feature replay LoDA beats the strongest baseline, CoSO, by 0.80-1.70 points in final accuracy on its class-incremental benchmarks with a ViT-B/16, and the classifier-aligned LoDA+CA beats the replay-based MACIL by 0.15-5.11 points.",False,method,R-additive,Lin,"LoDA is InfLoRA's scheme with a rank-\(2r\) frozen frame per task, split into a shared part (top eigenspace of the old-plus-new statistics) and an isolated part (top generalised eigenvectors of new against old statistics). Each stage is LoRA-FA\(([A_G;A_I])\). The ridge-type shrink \(\Lambda_G\) and the GAO updates choose a point of that linear stage and leave its image unchanged.",he2026task,R,Lin,regular,none,GLxCO,M1,schedule
lragent,LRAgent,LRAgent: KV cache sharing for multi-LoRA agents (BaseShared / BaseLRShared with Flash-LoRA-Attention),LRAgent: Efficient KV Cache Sharing for Multi-LoRA LLM Agents,Jeon et al.,2026,ICML 2026,2602.01053,https://arxiv.org/abs/2602.01053,https://github.com/hjeon2k/LRAgent,False,,composition-or-routing,"W_v^{(i)}=W_0+B_iA_i,\ \ A_i\in\mathbb{R}^{r\times d_{in}},\ B_i\in\mathbb{R}^{d_{out}\times r}\ (i=1,\dots,N),\ \ A_i=A\ \text{for all }i\ \text{(shared-}A\text{; used in the main experiments and required by BaseLRShared)};\ \ \text{value cache for context token }t:\ v^{base}_t=W_0x_t\ \text{(computed once by the agent that first processes }t\text{ and reused by every agent; the key cache is shared the same way)};\ \ \text{LR cache: }c_t=Ax_t\in\mathbb{R}^{r}\ \text{(one shared cache, BaseLRShared) or }c^{(i)}_t=A_ix^{(i)}_t\ \text{(per agent, recomputed from agent }i\text{'s own hidden states over context it has not yet processed, BaseShared)};\ \ o^{(i)}=\sum_t p_t\big(v^{base}_t+B_ic_t\big)=\sum_t p_t\,v^{base}_t+B_i\Big(\sum_t p_t\,c_t\Big)\ \text{(Flash-LoRA-Attention evaluates the right-hand form)};\ \ W_0\ \text{frozen};\ A,\{B_i\}\ \text{trained as LoRA on }W_q,W_v\ (r=8)","r\,d_{in}+N\,r\,d_{out}\ \text{per adapted matrix for }N\text{ agents with shared }A\ \ (N\,r(d_{in}+d_{out})\text{ for independent multi-LoRA})","LoRA (\(r=8\)) on the query and value projections of every attention layer, one up-projection per agent role (plan, action, reflect) on a shared down-projection; cache sharing acts on the value cache, and the key cache is shared outright","Serving-time decomposition of each agent's value cache into a shared full-width part \(W_0x_t\) and an \(r\)-dimensional part \(Ax_t\) that is expanded by the agent's own \(B_i\). With a shared \(A\) the agents differ only in the output map \(B_i\) (HydraLoRA's asymmetric layout with a fixed one-hot assignment of heads to agent roles), so the \(r\)-dimensional cache is common to all agents as well. Associativity \(P(V_{base}+V_{lr}B_i^{\top})=PV_{base}+(PV_{lr})B_i^{\top}\) moves the expansion after the attention weighting, so the expansion cost per decoding step is \(\Theta(Lr+r\,d_{out})\) instead of \(\Theta(L\,r\,d_{out})\) for context length \(L\). In BaseShared each agent still rebuilds its own LR cache over context it has not processed (the paper's 'LR prefill'), so compute stays \(O(NL^2d_{model})\) and only memory falls to about \(1/N\); BaseLRShared also skips that prefill. Reusing a base cache that another agent computed is an approximation, because \(x_t\) depends on that agent's adapters.",conditional,"For one agent alone, \(W_0+B_iA\) folds into a plain matrix, but the cache-sharing scheme needs the unmerged form: it stores \(W_0x_t\) and \(Ax_t\) separately so that every agent can reuse them.","The paper does not state the LoRA initialization (training follows AutoAct). With the usual \(B_i=0\), every agent starts at \(W_0\); all agents then coincide, so the shared caches are exact at that point. Once the \(B_i\) differ, cache sharing is approximate: agents reuse base caches (and, in BaseLRShared, LR caches) built from other agents' hidden states.","On a shared context, agents' base value caches \(W_0x_t\) are nearly identical (average cosine similarity 0.95 to 0.97 across agent pairs) while their adapter outputs are nearly uncorrelated (0.02 to 0.05). LRAgent therefore shares the base cache, stores the adapter part in its native rank-\(r\) form \(Ax_t\), shares that too once all agents use one \(A\), and applies \(B_i\) only after attention has summed over tokens.","On multi-hop HotpotQA and ScienceQA agents built on LLaMA-3.1-8B-Instruct and Ministral-8B-Instruct, BaseLRShared with Flash-LoRA-Attention reaches up to 2.46x the throughput and up to 4.44x lower time-to-first-token than non-shared caching (measured on an emulated trace of 2k to 66k tokens), with an average accuracy drop of at most 1.5 points (at most 0.7 points for BaseShared).",False,software,F_T,Cone,"LRAgent is a tenant-type family whose tenants are agent roles sharing one context. Because the fibres share \(A\), associativity \(P(V_{\rm base}+V_{\rm lr}B_i^\top)=PV_{\rm base}+(PV_{\rm lr})B_i^\top\) lets one rank-\(r\) cache serve every agent. Reusing caches computed from another agent's hidden states is an approximation that leaves the family: once the \(B_i\) differ, the served function is no longer \(\Phi_f\) of any single fibre.",jeon2026lragent,F_T,Cone,apex,GL,GLxGL,M1,
geora,GeoRA,Geometry-Aware Low-Rank Adaptation for RLVR,GeoRA: Geometry-Aware Low-Rank Adaptation for RLVR,Zhang et al.,2026,ACL 2026,2601.09361,https://arxiv.org/abs/2601.09361,,False,,additive-weight,"h=W_{res}\,x+s\,BA\,x,\ \ s=\alpha/r;\ \ W_{Geo}=W_0\odot(M_{Spec}\lor M_{Euc}),\ \ (M_{Euc})_{ij}=\mathbb{I}\big(|(W_0)_{ij}|\le\tau_\rho(|W_0|)\big),\ \ (M_{Spec})_{ij}=\mathbb{I}\big(|(\hat W_r)_{ij}|\le\tau_\rho(|\hat W_r|)\big),\ \hat W_r=\mathrm{SVD}_r(W_0),\ \tau_\rho=\rho\text{-quantile};\ \ W_{Geo}=U\Sigma V^{\top},\ B_0=U_{:,1:r}\Sigma_{1:r,1:r}^{1/2},\ A_0=\Sigma_{1:r,1:r}^{1/2}V_{:,1:r}^{\top};\ \ W_{res}=W_0-s\,B_0A_0\ \text{(frozen)};\ B\in\mathbb{R}^{d_{out}\times r},A\in\mathbb{R}^{r\times d_{in}}\ \text{trained from }(B_0,A_0)\ \text{with an RLVR objective (GRPO)}",r(d_{in}+d_{out}),"all linear layers ('all-linear'), \(r=16\), \(\alpha=32\), \(\rho=0.2\) in the experiments","PiSSA's residual-anchored rank-\(r\) reparametrization (base point moved to a frozen \(W_{res}\), \(\Delta W\) factors through \(r\) dimensions), with the starting factors taken from the top-\(r\) SVD of a sparse masked copy \(W_{Geo}\) of \(W_0\) instead of \(W_0\) itself. The mask keeps the entries that are small either in \(W_0\) or in its rank-\(r\) principal reconstruction \(\hat W_r\). With \(\rho=0.2\) each mask keeps 20% of entries and they overlap on 4.55% (Qwen3-8B), so \(W_{Geo}\) keeps about 35% of the entries. The construction is data-free: no RL gradient or update enters the initialization.",yes,"\(W_{res}+s\,BA\) is a plain matrix. As a delta on the original weights the update is \(s(BA-B_0A_0)\), as for PiSSA.","Exact: \(W_{res}x+s\,B_0A_0x=W_0x\) by construction of \(W_{res}\).","RLVR updates avoid the principal and large-magnitude weights. GeoRA builds a data-free proxy for that region by masking \(W_0\) to its low-magnitude entries, in weight space and in the rank-\(r\) principal reconstruction, and starts a dense rank-\(r\) adapter on the top-\(r\) SVD of the masked matrix, with the remainder frozen as an anchor. RLVR then trains in this region at the hardware cost of dense LoRA, not sparse fine-tuning.","With GRPO on DeepMath-103K and \(r=16\), Qwen3-8B-Base trained with GeoRA scores 23.75 on AIME24, against 19.58 for LoRA, 22.50 for PiSSA, 20.42 for MiLoRA and 23.33 for full fine-tuning.",False,method,R-additive,Cone*,"GeoRA is another point of the Type II stratum: \(P=s[W_{\rm Geo}]_r\), the principal part of the low-magnitude region of \(W_0\), chosen without data as a proxy for where RLVR updates go. The masks fix a coordinate basis, so unlike PiSSA's its pointing is not rotation-natural. As with every split, its updates measured from \(\theta_0\) reach rank \(2r\).",zhang2026geora,R,Cone*,regular,GL,MonxMon,M1,span
matryoshka-lora,MatryoshkaLoRA,MatryoshkaLoRA (nested-rank LoRA trained through a fixed diagonal rank weighting),MatryoshkaLoRA: Learning Accurate Hierarchical Low-Rank Representations for LLM Fine-Tuning,Modoranu et al.,2026,arXiv,2605.07850,https://arxiv.org/abs/2605.07850,https://github.com/IST-DASLab/MatryoshkaLoRA,False,,additive-weight,"\text{train: }h=\big(W_0+B\,\mathrm{diag}(p)\,A\big)x,\ \ B\in\mathbb{R}^{d_{out}\times R},\ A\in\mathbb{R}^{R\times d_{in}},\ \ p=\sum_{r\in S}s_r\,\mathbf{1}_{[1,r]}\ (\mathbf{1}_{[1,r]}\in\{0,1\}^R\text{ has ones in its first }r\text{ entries}),\ \text{i.e. }p_j=\sum_{r\in S,\ r\ge j}s_r,\ \ \text{so }B\,\mathrm{diag}(p)\,A=\sum_{r\in S}s_r\,B_{:,1:r}A_{1:r,:};\ \ S=\{1,2,4,\dots,R\},\ s_r\in\{1,\,1/r,\,1/\sqrt{r}\};\ \ \text{deploy at any }k\in S:\ h=\big(W_0+s_k\,B_{:,1:k}A_{1:k,:}\big)x;\ \ W_0,\ p\ \text{frozen (one }p\text{ for all layers)};\ A,B\ \text{trained}\ (A\ \text{Kaiming},\ B=0)",R(d_{in}+d_{out}),"same placement as LoRA; the released run scripts wrap all seven linear projections of every Llama block (query, key, value, output, gate, up and down) of Llama-3.2-1B-Instruct (\(R=32\)) and Llama-3.1-8B-Instruct (\(R=256\))","A rank-\(R\) LoRA with a frozen, non-increasing diagonal \(\mathrm{diag}(p)\) inserted between the factors, so the training update is the sum of all nested prefix adapters \(\sum_{r\in S}s_rB_{:,1:r}A_{1:r,:}\). The diagonal multiplies the gradient of the \(j\)-th column of \(B\) and row of \(A\) by \(p_j\), so leading rank-1 components get the most signal. The train-time adapter, weighted by \(p\), is never deployed: inference drops \(p\) and uses a single prefix \(s_kB_{:,1:k}A_{1:k,:}\). The paper (Appendix B) justifies this as a first-order surrogate of the multi-rank objective that DyLoRA samples one rank at a time: for convex weights \(\lambda_r\), \(\sum_r\lambda_r\ell(W_0+\Delta_r)=\ell\big(W_0+\sum_r\lambda_r\Delta_r\big)+O\big(\sum_r\lambda_r\|\Delta_r\|_F^2\big)\) with \(\Delta_r=s_rB_{:,1:r}A_{1:r,:}\), which gives \(p=\sum_r\lambda_rs_r\mathbf{1}_{[1,r]}\). The main-text \(p\) takes every \(\lambda_r=1\), which is \(|S|\) times the uniform-weight surrogate.",yes,"After choosing the deployment rank \(k\), \(s_kB_{:,1:k}A_{1:k,:}\) is a plain rank-\(k\) matrix that folds into \(W_0\).","Yes: the released code initializes \(B=0\) (with \(A\) Kaiming-uniform), so \(B\,\mathrm{diag}(p)\,A=0\) and every prefix adapter is zero.","Train every nested rank at once in a single forward pass: a fixed diagonal \(p_j=\sum_{r\in S,\,r\ge j}s_r\) between \(B\) and \(A\) turns the sum of all prefix adapters into one rank-\(R\) product. Every prefix then receives gradient at every step, unlike DyLoRA, whose sampled rank \(b\) gives components beyond \(b\) no gradient at that step. LoRA is \(p=s_R\mathbf{1}\), and DyLoRA is a per-step random truncation \(p=s_b\mathbf{1}_{[1,b]}\).","Fine-tuning Llama-3.2-1B-Instruct on GSM8K (8-shot) with maximum rank \(R=32\), MatryoshkaLoRA reaches an area under the rank-accuracy curve (AURAC) of 38.4%, against 34.5% for LoRA and 34.9% for DyLoRA, and its sub-rank \(r=1\) (35.8%) already beats every sub-rank of either baseline. The pre-trained model scores 34.7%, so LoRA and DyLoRA barely move it in this setting.",False,method,R-additive,Cone,"MatryoshkaLoRA trains DyLoRA's filtration in one pass. The frozen gate \(p=\sum_{r\in S}s_r\mathbf 1_{[1,r]}\) makes the training update the sum of all nested prefix adapters, a first-order surrogate of DyLoRA's sampled-rank objective. Coarsening DyLoRA's truncation levels to the dyadic set \(S\) enlarges the training gauge from a torus to a product of \(GL\)'s on the dyadic blocks.",modoranu2026matryoshkalora,R,Cone,apex,GL,GLxGL,M1,span
loco-orthogonal,LoCO,Low-rank Compositional Orthogonal Fine-tuning,LoCO: Low-rank Compositional Rotation Fine-tuning,Nguyen et al.,2026,IJCAI 2026,2605.15916,https://arxiv.org/abs/2605.15916,,False,,multiplicative-weight,"h=W_0\tilde R\,x,\ \ \tilde R=I_{d_{in}}+2\sum_{i=1}^{n}X_i\big(I_{2r}-Y_i^{\top}X_i\big)^{-1}Y_i^{\top},\ \ X_i=[U_i\mid -V_i],\ Y_i=[V_i\mid U_i],\ U_i,V_i\in\mathbb{R}^{d_{in}\times r};\ \ \text{each summand is }R_i-I\text{ for the Cayley rotation }R_i=(I-\mathcal{A}_i)^{-1}(I+\mathcal{A}_i),\ \mathcal{A}_i=U_iV_i^{\top}-V_iU_i^{\top}\in\mathfrak{so}(d_{in})\ \text{(Woodbury form)},\ \text{and }\tilde R\text{ is the first-order (parallel) approximation of }R_1R_2\cdots R_n;\ \ \text{inference temperature }t:\ \mathcal{A}_i\mapsto t\,\mathcal{A}_i\ (t=1\text{ in training});\ \ W_0\ \text{frozen};\ \{U_i,V_i\}_{i=1}^{n}\ \text{trained}","2\,n\,r\,d_{in}","input side of the adapted linear layers: all linear modules of DeBERTa-V3-base (GLUE), \(W_q\) and \(W_v\) of LLaMA-2-7B (math), the FLUX.1 diffusion transformer (OminiControl setup) and ViT-B/16 (VTAB-1k)","Right action on \(W_0\) of rotations generated by low-rank skew-symmetric matrices. One component is a Cayley rotation that maps the learned subspace \(\mathrm{span}(U_i,V_i)\) (dimension at most \(2r\)) into itself and fixes its orthogonal complement pointwise, computed through a \(2r\times 2r\) inverse in \(O(d_{in}r^2+r^3)\). Several components are combined by summing their deviations from \(I\) rather than multiplying them. Equivalently, \(\tilde R\) is the Cayley formula for \(\sum_i\mathcal{A}_i\) with the off-diagonal blocks \(Y_i^{\top}X_j\) (\(i\ne j\)) of the \(2nr\times 2nr\) core dropped. \(\tilde R\) is exactly orthogonal only for \(n=1\); in general \(\|I-\tilde R^{\top}\tilde R\|_F\le n(n-1)\gamma^2\) when \(\|R_i-I\|_F\le\gamma\). The induced additive update \(W_0(\tilde R-I)\) has rank at most \(2nr\). The LLaMA-2-7B math result uses \(n=1\), so it exercises the exact Cayley rotation, not the parallel approximation.",yes,"For a fixed temperature, \(W_0\tilde R\) is a dense \(d_{out}\times d_{in}\) matrix and replaces \(W_0\) at no inference cost.","Approximate. The paper only says parameters start near zero, so \(\tilde R=I+O(\|U_i\|\|V_i\|)\); \(\tilde R=I\) holds exactly if, for example, every \(V_i=0\). At inference \(t=0\) recovers \(W_0\) exactly.","The tangent space \(\mathfrak{so}(d)\) of the rotation group admits a low-rank parametrization \(UV^{\top}-VU^{\top}\). Woodbury then makes its Cayley rotation cost \(O(dr^2)\) instead of \(O(d^3)\), and a first-order sum of several such rotations gives a richer, nearly orthogonal transform that can be computed in parallel. Scaling the generator by a temperature \(t\) at test time interpolates the adaptation strength.","Fine-tuning \(W_q\) and \(W_v\) of LLaMA-2-7B on MetaMathQA-40K with 0.12% trainable parameters and a single component (\(n=1\), \(r=16\)), LoCO reaches 50.19 on GSM8K and 8.40 on MATH, against 49.35 and 8.39 for OFT, 50.04 and 7.45 for HRA (Table 2; the paper's text quotes 49.65 for HRA) and 45.58 and 6.85 for BOFT.",True,method,R-action,Meet,"One LoCO component is the Cayley chart of HRA's meet: rotations of a learned \(2r\)-plane, \((W_0+\mathcal M_{\le2r})\cap W_0\cdot SO(d_{in})\) minus the eigenvalue \(-1\) locus, with the same image germ as HRA\(_{2r}\). HRA parametrises the meet by reflections, with a non-linear fibre. LoCO's low-rank skew generator \(ZJZ^\top\) instead has the linear symplectic gauge \(Sp(2r)\). Its multi-component sum and test-time temperature leave the orbit; they are approximations.",nguyen2026loco,R,Meet,apex,GL,GLxCO,M1,group
compress-then-merge,Compress-then-Merge (CtM),Compress-then-Merge: merging several LoRAs into one low-rank LoRA inside learned shared subspaces,Compress then Merge: From Multiple LoRAs into One Low-Rank Adapter,He et al.,2026,ICML 2026,2606.03723,https://arxiv.org/abs/2606.03723,https://github.com/ZhengbaoHe/compress-then-merge,False,,composition-or-routing,"\Delta W^{(t)}=B^{(t)}A^{(t)}\ (t=1,\dots,T);\ \ \Delta W^{(t)}_{tgt}=\lambda^{(t)}\frac{\Delta W^{(t)}}{\|\Delta W^{(t)}\|_F},\ \ \lambda^{(t)}=\beta\|\Delta W^{(t)}\|_F+(1-\beta)\frac{1}{T}\sum_{s=1}^{T}\|\Delta W^{(s)}\|_F;\ \ (U,V)=\arg\min_{U^{\top}U=V^{\top}V=I_r,\ \{C^{(t)}\}}\sum_{t}\big\|\Delta W^{(t)}_{tgt}-UC^{(t)}V^{\top}\big\|_F^2\ \ \text{(Tucker-2 by HOSVD+HOOI, solved in Core Space: }U=U_BU_{core},\ V=V_AV_{core});\ \ O^{(t)}=U^{\top}\Delta W^{(t)}V\in\mathbb{R}^{r\times r},\ O_{merged}=\mathcal{M}\big(\{O^{(t)}\}\big),\ \ \Delta W_{LoRA}=U\,O_{merged}\,V^{\top},\ U\in\mathbb{R}^{d_{out}\times r},\ V\in\mathbb{R}^{d_{in}\times r};\ \ \text{nothing is trained and no data enters the merge (}\beta\text{ and the rule's hyperparameters are chosen on a validation holdout)}","0\ \text{(training-free); the output is one rank-}r\text{ LoRA, }r(d_{in}+d_{out})\text{ per adapted matrix (e.g. }B=U\,O_{merged},\ A=V^{\top})","layer-wise, every LoRA-adapted matrix (\(W_q\), \(W_k\), \(W_v\), \(W_o\) in the experiments: eight rank-16 CLIP ViT-B/32 LoRAs and six LLaMA3-8B NLI LoRAs, the public KnOTS checkpoints)","Merging inside a shared two-sided rank-\(r\) subspace: all tasks are represented in the same frame \(U\,\mathbb{R}^{r\times r}V^{\top}\), chosen by a Tucker-2 decomposition of the norm-rebalanced task tensor with an identity task-mode factor. The base rule \(\mathcal{M}\) (TIES, DARE-TIES, Iso-C, ...) acts on the \(r\times r\) coordinates, so \(\mathrm{rank}(\Delta W_{LoRA})\le r\) by construction. For a linear rule \(\mathcal{M}=\sum_tc_t(\cdot)\), the result is \(UU^{\top}\big(\sum_tc_t\Delta W^{(t)}\big)VV^{\top}\), a two-sided orthogonal projection of the task-arithmetic sum onto subspaces fitted to the whole collection. Merge-then-compress instead takes the top-\(r\) singular subspace of the merged sum, which large-norm adapters dominate. Core Space's lossless bases \(U_B, V_A\) of the concatenated factors reduce the subspace search to \((Tr_{in})\times(Tr_{in})\) matrices without changing the optimum.",yes,"The output is a single rank-\(r\) update \(U\,O_{merged}V^{\top}\) that can stay a LoRA or fold into \(W_0\).","Not applicable: CtM is a post-hoc, data-free merge of already trained LoRAs and has no training phase.","Impose the rank-\(r\) bottleneck before merging, not after. CtM learns shared left and right \(r\)-dimensional subspaces from the (norm-rebalanced) LoRAs, projects each LoRA to \(r\times r\) coordinates, and merges there. The result is a rank-\(r\) LoRA by construction, and the rank budget is not spent mostly on large-norm adapters or intruder directions, as truncating the merged sum would.","Merging eight rank-16 CLIP ViT-B/32 LoRAs into one LoRA, CtM with DARE-TIES reaches 70.68 average normalized accuracy, against 65.91 for the best merge-then-compress baseline (DARE-TIES in Core Space) and 66.34 for the best low-rank-aware baseline (Iso-CTS); CtM with Iso-C (66.27) does not beat Iso-CTS. On six LLaMA3-8B NLI LoRAs, CtM with DARE-TIES reaches 95.63.",False,method,P,Lin,"CtM compresses on both sides before merging: every task goes through the same rank-\(r\) frame pair \((U,V)\) fitted to the whole collection, so the output is a LoRA\(_r\) point by construction. With a linear rule it is task arithmetic followed by the orthogonal projection \(X\mapsto UU^\top XVV^\top\), which is lossy where Core Space's projection is lossless. Its content is the choice of a frame that large-norm adapters cannot monopolise.",he2026compress,P,Lin,regular,none,OxO,M1,idempotent
srr,SRR (Structured Residual Reconstruction),Structured Residual Reconstruction (Preserve-Then-Quantize),Preserve-Then-Quantize: Balancing Rank Budgets for Quantization Error Reconstruction in LLMs,Cho et al.,2026,ICML 2026,2602.02001,https://arxiv.org/abs/2602.02001,https://github.com/cyoonjun/srr,False,,additive-weight,"W_0\approx\hat W=Q+B^{(1)}A^{(1)}+B^{(2)}A^{(2)};\ \ B^{(1)}A^{(1)}=\mathrm{SVD}_{k^\star}\big(W_0S^{\top}\big)S^{-\top},\ \ Q=\mathcal{Q}\big(W_0-B^{(1)}A^{(1)}\big),\ \ E=W_0-B^{(1)}A^{(1)}-Q,\ \ B^{(2)}A^{(2)}=\mathrm{SVD}_{r-k^\star}\big(ES^{\top}\big)S^{-\top};\ \ k^\star=\arg\min_{0\le k\le r}\rho_k\big(W_0S^{\top}\big)\,\rho_{r-k}\big(\tilde ES^{\top}\big),\ \ \rho_p(M)=1-\frac{\sum_{j\le p}\sigma_j(M)^2}{\|M\|_F^2},\ \tilde E_{ij}\sim\mathcal{U}[-1,1];\ \ S\in\mathbb{R}^{d_{in}\times d_{in}}\ \text{activation-aware scaling (e.g. QERA-exact)};\ \ \text{QPEFT: }h=\big(Q+B^{(1)}A^{(1)}+B^{(2)}A^{(2)}\big)x,\ Q\ \text{frozen},\ B^{(1)},A^{(1)},B^{(2)},A^{(2)}\ \text{trained, with the gradients of }(B^{(1)},A^{(1)})\ \text{scaled by }\gamma\in(0,1)\ (\gamma=0.1)",r(d_{in}+d_{out})\ \ (k^\star\text{ preserved plus }r-k^\star\text{ reconstruction ranks}),"every quantized linear layer; QPEFT runs on RoBERTa-base (GLUE, MXINT 4/3/2-bit with ranks 8/8/64) and on LLaMA-2-7B and LLaMA-3.1-8B (SlimPajama with \(r=8\), GSM8K with \(r=64\)); \(\gamma=0.1\) by default","A low-rank-plus-quantized split of \(W_0\) in which a rank budget \(r\) is divided, per matrix, between preserving the top-\(k^\star\) singular subspace of the activation-scaled weight in high precision and reconstructing the scaled quantization error of the remainder with the other \(r-k^\star\) ranks. \(k=0\) is ordinary quantization-error reconstruction (QERA, LQER, ZeroQuant-V2); \(k=r\) preserves structure only, as in LQ-LoRA and SVDQuant. \(k^\star\) minimizes a closed-form proxy of the scaled reconstruction error, built from the spectrum of \(W_0S^{\top}\) and a single uniform-noise probe. For QPEFT the two low-rank blocks become one rank-\(r\) adapter on a frozen \(Q\), and the high-energy preserved block is damped by gradient scaling.",conditional,"As with LoftQ and QLoRA, \(Q+BA\) is a plain matrix only in high precision. Keeping the model in the low-bit format requires either leaving the adapter unmerged or re-quantizing \(Q+BA\).","Approximate: \(Q+B^{(1)}A^{(1)}+B^{(2)}A^{(2)}\approx W_0\), with scaled error \(\|(W_0-\hat W)S^{\top}\|_F\) left by the rank-\(r\) budget. The QPEFT start is \(\hat W\), not the quantized \(Q\) alone.","Quantizing the dominant directions of an anisotropic weight creates large, high-rank error that a rank-\(r\) correction cannot undo. SRR therefore keeps the leading \(k^\star\) scaled singular directions out of the quantizer and spends only the remaining \(r-k^\star\) ranks on error reconstruction. \(k^\star\) is chosen per matrix from \(\rho_k(W_0S^{\top})\rho_{r-k}(\tilde ES^{\top})\), and the resulting \(Q+BA\) is a QPEFT starting point whose preserved block trains with damped gradients.","In 2-bit MXINT QPEFT of RoBERTa-base on GLUE, SRR raises the average score by 5.9 points over QERA and by more than 10 points over LoftQ and LQ-LoRA (gains of 1.5 and 4.7 points over QERA at 4 and 3 bits).",False,method,R-additive,Cone*,"SRR interpolates between the two orders of Prop V.2(b): \(k^\star=r\) is split-then-quantise (LQ-LoRA, QPiSSA) and \(k^\star=0\) is quantise-then-fit (one LoftQ step), with \(k^\star\) chosen per matrix from a closed-form proxy. The object is always a translated cone over a quantised apex with an approximate section. What moves with \(k^\star\) is the apex \(Q\) and how much defect is left.",cho2026preserve,R,Cone*,defect,GL,MonxMon,Mq,span
prompt2effect,Prompt2Effect,Prompt2Effect: weight-driven hypernetwork for SVD-canonicalized LoRA prediction,Prompt2Effect: Training-Free Image-to-Video Model Specialization via LoRA Generation,Yang et al.,2026,ECCV 2026,2606.13971,https://arxiv.org/abs/2606.13971,,False,,hybrid,"X_W^{l}=\big[\,W_0^{l}P_B^{l}\,;\,(W_0^{l})^{\top}P_A^{l}\,\big]\in\mathbb{R}^{(d_{out}+d_{in})\times d_h},\ \ Q_W^{l}=\mathrm{CrossAttn}(Q_{\text{learned}},X_W^{l},X_W^{l})\in\mathbb{R}^{n\times d_h};\ \ X_{\mathcal{E}}=H_{\mathcal{E}}\big(\{Q_W^{l}+e_l+e_M^{l}\}_{l=1}^{L},\,E_{\text{text}}(c_{\text{eff}})\big);\ \ X_{\mathcal{D}}^{l}=\mathrm{CrossAttn}(X_W^{l},X_{\mathcal{E}}^{l},X_{\mathcal{E}}^{l});\ \ \hat B^{l}=\mathrm{Head}_B\big(X_{\mathcal{D}}^{l}[:d_{out}]\big)\in\mathbb{R}^{d_{out}\times r},\ \ \hat A^{l}=\mathrm{Head}_A\big(X_{\mathcal{D}}^{l}[d_{out}:]\big)^{\top}\in\mathbb{R}^{r\times d_{in}};\ \ h=(W_0^{l}+\hat B^{l}\hat A^{l})\,x;\ \ \text{targets: }\Delta W_{\star}^{l}=U^{l}S^{l}(V^{l})^{\top}\Rightarrow B^{\star,l}=U^{l}(S^{l})^{1/2},\ A^{\star,l}=(S^{l})^{1/2}(V^{l})^{\top};\ \ \min_{\phi}\ \frac{1}{2L}\sum_{l=1}^{L}\Big(\frac{\|\hat A^{l}-A^{\star,l}\|_F^2}{\|A^{\star,l}\|_F^2+\epsilon}+\frac{\|\hat B^{l}-B^{\star,l}\|_F^2}{\|B^{\star,l}\|_F^2+\epsilon}\Big);\ \ \text{frozen: } W_0,\ E_{\text{text}};\ \text{trained once: hypernetwork } \phi=(H_{\mathcal{E}},H_{\mathcal{D}},P_A,P_B,Q_{\text{learned}},e);\ \text{nothing trained per effect}","|\phi|\approx 1.3\text{B (one hypernetwork, trained once by NMSE regression on the SVD-canonicalised factors of 70 per-effect LoRAs for the 11B proprietary model, }\approx12\%\text{ of its size; 49 rank-32 community LoRAs for Wan2.1)};\ \text{per new effect: } 0\ \text{trained, generated adapter } r(d_{in}+d_{out})\ \text{per adapted matrix } (r=128;\ r=32\ \text{on Wan2.1})","LoRA target layers (a selected set of \(L\) linear layers) of a DiT image-to-video diffusion model: Snap's proprietary 11B I2V model, with the findings reproduced on Wan2.1-I2V-14B-480P","Amortised LoRA generation: one 1.3B Transformer hypernetwork maps \((c_{\text{eff}},\{W_0^{l}\}_{l=1}^{L})\) to all layer-wise rank-\(r\) factor pairs \((\hat B^{l},\hat A^{l})\) in a single forward pass. The frozen base matrix is tokenised CUR-style into its \(d_{out}\) rows and \(d_{in}\) columns at full rank (truncating \(W_0\) to its top singular directions hurt in ablation). These tokens are compressed by learned-query cross-attention to \(n=256\) latents and mixed with the prompt by cross-attention. They are then decompressed by cross-attention that uses the original row and column tokens as queries, so the rows of \(\hat B^{l}\) and the columns of \(\hat A^{l}\) are indexed by the same coordinates as \(W_0^{l}\). The regression targets are SVD-canonicalised: the gauge orbit \(\{(BR,R^{-1}A):R\in GL(r)\}\) of each trained LoRA is replaced by its balanced representative \((US^{1/2},S^{1/2}V^{\top})\), which is unique up to joint sign flips of paired singular vectors (and rotations inside repeated singular values). The deployed object is an ordinary additive low-rank delta \(\Delta W^{l}=\hat B^{l}\hat A^{l}\).",yes,"Each generated update \(\Delta W^{l}=\hat B^{l}\hat A^{l}\) is a plain low-rank additive delta that can be folded into \(W_0^{l}\) for a given effect. Generated deltas also blend linearly in weight space: the paper composes two effects as \(\Delta W=0.5\,\Delta W_A+0.5\,\Delta W_B\). The hypernetwork is needed only to produce new effects.","Not identity by design, since a non-zero \(\Delta W^{l}\) is the output. Dropping the generated LoRA recovers the frozen base. When the prediction is used to initialise LoRA fine-tuning, training starts from \(B_0=\hat B,\ A_0=\hat A\) instead of \(B_0=0\).","A LoRA delta is defined relative to \(W_0\), so the generator is conditioned on the full-rank base weights (tokenised by rows and columns) as well as the effect prompt. The factorisation gauge \((B,A)\sim(BR,R^{-1}A)\) is removed by regressing SVD-canonical factors \((US^{1/2},S^{1/2}V^{\top})\). Together these two choices make one-pass LoRA synthesis stable at video-DiT scale, where a HyperDreamBooth-style generator trains unstably and scores zero on the VLM judge.","On Snap's 11B image-to-video model, the zero-shot predicted LoRAs score 56.93 overall on the VLM judge for in-distribution effects, against 57.57 for per-effect trained LoRAs and 42.57 for the base model, while replacing about 56 GPU-hours of training with 3.3 s of hypernetwork inference. Used as an initialisation, 100 fine-tuning steps reach an overall VLM score of 56.33 on out-of-distribution effects, versus 56.70 for a 1,000-step LoRA trained from scratch.",False,method,F_T,Cone,"Prompt2Effect is Text-to-LoRA conditioned on the base point as well as the prompt. The hypernetwork reads \(W_0\) by rows and columns and writes \(\hat B\) and \(\hat A\) in the same coordinates, and it removes LoRA's \(GL_r\) gauge by regressing onto the canonical SVD section of the factor bundle. The instability the paper reports for HyperDreamBooth-style generation is what a gauge-sensitive factor target predicts.",yang2026prompt2effect,F_T,Cone,defect,GL,GLxGL,M1,
giva,GiVA,Gradient-Informed Bases for Vector-Based Adaptation,GiVA: Gradient-Informed Bases for Vector-Based Adaptation,Gangwar et al.,2026,AISTATS 2026,2604.21901,https://arxiv.org/abs/2604.21901,https://github.com/neerajgangwar/giva,False,,additive-weight,"h=W_0x+\Gamma B\,\Lambda A\,x,\quad \Gamma=\mathrm{diag}(\gamma),\ \gamma\in\mathbb{R}^{d_{out}},\ \ \Lambda=\mathrm{diag}(\lambda),\ \lambda\in\mathbb{R}^{r};\ \ G=\nabla_W\mathcal{L}(W_0)\ \text{(full fine-tuning gradient on one batch)},\ G\approx U\Sigma V^{\top}\ \text{(low-rank SVD)};\ \ A=V_r^{\top}\in\mathbb{R}^{r\times d_{in}},\ \ B\in\mathbb{R}^{d_{out}\times r}\ \text{with } B^{\top}B=I_r\ \ (\text{TopSV-B: } U_{[:,1:r]},\ \text{SecSV-B: } U_{[:,r+1:2r]},\ \text{Rand-B: QR of a Gaussian});\ \ \gamma_0=0,\ \lambda_0=\mathbf{1};\ \ \text{frozen: } W_0,\ A,\ B\ \text{(per layer)};\ \text{trained: } \gamma,\ \lambda","d_{out}+r\ \text{per adapted matrix (plus frozen per-layer bases, } r(d_{in}+d_{out})\text{, stored once per task)}","any linear layer; paper: all attention and MLP projections of RoBERTa-base/large (GLUE); query, key, value, up and down projections (plus gate for Phi-3) of Qwen2-0.5B, Phi-3-3.8B and OLMo-2-7B (commonsense reasoning), OLMo-2-7B (MetaMathQA, Code-Feedback) and all attention and MLP projections of Mistral-7B (Alpaca instruction tuning); DINOv2-ViT-B/14 and CLIP-ViT-L/14 (image classification)","This is VeRA-type vector adaptation \(\Delta W=\Gamma B\Lambda A\): two trainable diagonals around a frozen rank-\(r\) pair. Unlike VeRA, the frozen pair is per-layer and task-informed rather than shared and random. \(A\) spans the top-\(r\) right singular subspace of the one-batch full fine-tuning gradient \(G\), and \(B\) is any matrix with orthonormal columns. Theorem 1 shows this choice minimises \(\|GA^{\top}B^{\top}BA-G\|_F\): it makes \(GA^{\top}B^{\top}BA=GV_rV_r^{\top}\) the best rank-\(r\) approximation of \(G\) (Eckart-Young). The objective comes from a first-order expansion at \(\Gamma_0=0,\Lambda_0=I\) that writes \(\nabla_\Gamma\mathcal{L}\) as the full matrix \(GA^{\top}B^{\top}\). For the diagonal \(\Gamma\) actually trained, only the diagonal of that matrix is used, so the matching is exact only for this relaxation. After training, the row space of \(\Delta W\) lies in the fixed subspace \(\mathrm{span}(V_r)\) and its column space in \(\Gamma\,\mathrm{span}(B)\). The trainable freedom is an \(r\)-vector rescaling of the frozen directions plus a \(d_{out}\)-vector rescaling of output coordinates.",yes,"After training, \(\Delta W=\Gamma B\Lambda A\) is a fixed matrix of rank at most \(r\) that folds into \(W_0\), as with VeRA.","Exact: \(\gamma_0=0\) gives \(\Delta W_0=0\). Because \(\Gamma_0=0\), the gradient with respect to \(\lambda\) is zero at the first step, so only \(\gamma\) moves initially.","Vector-based adapters such as VeRA need very high rank (e.g. \(r=1024\)) because their frozen bases are random and carry no task information. GiVA sets the bases to the dominant right singular vectors of the first-step full fine-tuning gradient, with \(B\) orthonormal. The same \(d_{out}+r\) trainable scalars then suffice at one-eighth of VeRA's rank or less (from \(8\times\) lower on MetaMathQA and image classification to \(128\times\) lower on GLUE with RoBERTa-base), which brings training time close to LoRA's.","On GLUE with RoBERTa-base, GiVA at \(r=8\) (0.08M trainable parameters, Rand-B) averages 83.8, versus 83.6 for VeRA at \(r=1024\) (0.16M) and 83.3 for LoRA at \(r=4\) (0.66M); parameter counts exclude the classification heads. Fine-tuning OLMo-2-7B on MetaMathQA takes 2h57m, versus 2h54m for LoRA and 3h26m for VeRA.",False,method,R-additive,Cone,"GiVA is VeRA with its frozen random pair replaced by a task-informed one. It has the same toric cone of dimension \(d_{out}+r-1\), now inside LoRA-FA\((V_r^\top)\) with the gradient's dominant right singular frame, which makes the one-sided first-order step \(GA^\top A\) the best rank-\(r\) approximation of \(G\). The gain over VeRA is in the frame, not the shape: the fixed row space is chosen rather than drawn.",gangwar2026giva,R,Cone,apex,scalar,OxO,M1,span
activation-prompt,AP (Activation Prompt),Activation Prompt: universal additive perturbation of one intermediate activation map,Visual prompting reimagined: The power of the Activation Prompts,Zhang et al.,2023,AISTATS 2026,2604.06440,https://arxiv.org/abs/2604.06440,,False,,input-or-activation-augmentation,"z^{(k)}=f_{\theta^{(k)}}\big(z^{(k-1)}\big),\ z^{(0)}=x;\quad z^{(l)}\ \leftarrow\ z^{(l)}+\delta^{(l)}\ \text{at a single chosen layer } l,\ \ \delta^{(l)}\in\mathbb{R}^{D'\times P'}\ \ (\text{channels}\times\text{spatial positions for CNNs};\ d\times\text{tokens for ViTs});\quad \min_{\delta^{(l)},\,W_{head}}\ \frac{1}{|\mathcal{D}|}\sum_{(x,y)\in\mathcal{D}}\ell\big(f_{\theta}(x,\delta^{(l)});y\big);\ \ l=0\ \text{recovers additive input-level VP};\ \ \text{frozen: backbone } \theta;\ \text{trained: } \delta^{(l)}\ \text{and the linear head}","D'P'=|z^{(l)}|\ \text{(one activation-sized tensor, e.g. } d\times\text{tokens at a ViT block input)}+|W_{head}|;\ \text{Table 2 totals, which also count the trained head: } 0.12\text{M (ResNet-101)},\ 0.16\text{M (ViT-L/16)}\ \text{(the paper does not state the exact prompt shape; a full } 197\times1024\ \text{ViT-L/16 token map would be}\approx0.20\text{M)}",a single intermediate activation map: by default the input of the third-to-last residual block of ResNet-101 (CNNs prefer deep layers) and the input of the third Transformer block of ViT-L/16 (ViTs prefer shallow layers); also tested on CLIP and Swin,"An input-independent additive offset \(z^{(l)}\mapsto z^{(l)}+\delta^{(l)}\) on the full activation tensor of one layer. Each channel and each position gets its own value, so this is a constant bias map rather than a per-channel bias. Input-level additive VP is the case \(l=0\). Proposition 1 (Appendix C.2) matches AP with shift-only normalisation tuning at the same layer under unit effective scale: for CNNs, if \(\gamma_d/\sigma_d=1\) and \(\delta^{(l)}\) is the same \(\delta_*\) at every position, AP equals BatchNorm tuning with \(\beta_d=w_d^{(l)}\delta_*+\mu_d\); for ViTs, if \(\gamma_d/\sigma_{b,p}=1\) and the LayerNorm mean \(\mu_{b,p}=\mu_p\) is the same for every sample, AP equals LayerNorm tuning with \(\beta_d=\delta^{(l)}_{p,d}+\mu_p\), i.e. \(\delta^{(l)}=\beta-\mu\). AP is therefore a position-resolved relative of a single-layer normalisation shift. Unlike VPT, it adds no tokens and touches one layer. Backpropagation only has to reach layer \(l\), so a deep \(l\) in a CNN cuts training memory and time.",conditional,"\(\delta^{(l)}\) is a fixed tensor added to the activations, so inference costs one addition and no extra matmuls; the paper claims no additional inference overhead but does not discuss folding. Folding into existing parameters is possible only for a position-uniform \(\delta^{(l)}\) at a point where the next operations are affine (for example the output bias of the preceding block's last linear layer in a ViT residual stream). A position-specific \(\delta^{(l)}\) needs a per-position bias, which standard layers lack, so it is stored as a constant bias map.","Exact when \(\delta^{(l)}=0\), because the frozen network is then unchanged. The paper does not state how \(\delta^{(l)}\) is initialised. The linear head is trained as in linear probing.","Moving the universal additive prompt from pixels to one intermediate activation turns visual prompting into a single-layer activation shift that is provably related to normalisation tuning. The best layer depends on the architecture (deep for CNNs, shallow for ViTs), which the authors tie to where global features live. Theorem 1, for a two-layer ViT on a four-pattern data model, gives zero generalisation error with \(N=\Theta(P)\) samples when AP is at the first layer and with \(N=\Theta(P^{2}\log P)\) when it is at the second, where \(P\) is the number of tokens; these are sufficient sample sizes, which the paper reads as shallow AP needing fewer samples.","Across 19 datasets from FGVC, VTAB and five other benchmarks, AP beats input-level VP on every dataset for both ResNet-101 and ViT-L/16, with average gains of about 4% and 1.5%. On ResNet-101 it also nearly halves training memory relative to VP (6.3 GB vs 12.2 GB) and cuts time per epoch from 72 s to 41 s. On VTAB-1k few-shot it beats VP by 4.3 points (ResNet-101) and about 1 point (ViT-L/16).",False,method,E,Lin,"Activation prompting inserts a single translation box on the activation wire at layer \(l\), neutral at zero. Input-level additive VP is the case \(l=0\), and a position-uniform \(\delta\) is a bias edit, which is why Proposition 1 can match it with shift-only normalisation tuning at that layer. Its position resolution is what keeps it from being a weight-space method; its depth changes only how far the backward pass must reach.",zhang2023visual,E,Lin,neutral,none,GLxGL,Minf,
stable-lora,Stable-LoRA,Stable-LoRA: early-step weight shrinkage of the LoRA down-projection,Stable-LoRA: Stabilizing Feature Learning of Low-Rank Adaptation,Wu et al.,2025,ICLR 2026,2603.05204,https://arxiv.org/abs/2603.05204,https://github.com/Yize-Wu/Stable-LoRA,False,,optimizer-or-training-procedure,"h=W_0x+s\,BAx,\quad B_0=0,\ \ A_0\ \text{entries sampled from } [-1/d_{in},\,1/d_{in}];\ \ \text{while not stable: if } \|A_t\|_F/d_{in}>\|B_t\|_F/d_{out}\ \text{then } A_t\leftarrow(1-\lambda)A_t\ \text{else set stable};\ \ A_{t+1}=A_t-\eta g_A^t-\eta wA_t,\ \ B_{t+1}=B_t-\eta g_B^t-\eta wB_t\ \ (g=\text{AdamW-processed gradients},\ w=\text{weight decay});\ \ \lambda\in\{5\times10^{-4},10^{-3},2\times10^{-3},5\times10^{-3}\}\ \text{(searched)};\ \ \text{frozen: } W_0;\ \text{trained: } A\in\mathbb{R}^{r\times d_{in}},\ B\in\mathbb{R}^{d_{out}\times r}","r(d_{in}+d_{out})\ \text{(identical to LoRA; the shrinkage is in place, so no extra memory)}","any LoRA-adapted linear layer; paper default q_proj and v_proj (\(r=8\)) of Qwen2-0.5B/1.5B and LLaMA-3.2-1B/3B, with ablations on qkvo and all seven projections and a Llama-3.1-8B math run (Appendix D.2)","The parameterisation is plain LoRA, \(\Delta W=sBA\); only the optimisation trajectory changes. During the first few steps, an in-place multiplicative decay \(A\leftarrow(1-\lambda)A\), independent of the learning rate, is applied to the down-projection only, before the AdamW update. It stops once the balance condition \(\|A\|_F/d_{in}\le\|B\|_F/d_{out}\) holds, after which training is ordinary AdamW (Algorithm 1 uses one flag; the released optimizer keeps a separate stop flag per adapted matrix). Because only \(A\) is shrunk, each shrink step rescales the current update \(\Delta W\) by \((1-\lambda)\). This differs from a gauge move \((A,B)\mapsto(cA,B/c)\), which would leave \(\Delta W\) unchanged. After \(N\) shrink steps the initialisation enters \(A_N\) only through \((1-\lambda)^{N}A_0\).",yes,The trained adapter is a standard \(sBA\) and merges like LoRA; the procedure changes only how \(A\) and \(B\) are reached.,Exact: \(B_0=0\) gives \(\Delta W_0=0\). Shrinking \(A\) while \(B=0\) leaves the function unchanged; later shrink steps scale \(\Delta W\) by \((1-\lambda)\).,"The paper writes \(v=\Theta(n^{\gamma[v]})\) for scaling in the width \(n\) and assumes Adam-normalised gradients with \(\gamma[g_A^tZ]=1\). Under these conditions, LoRA is self-stabilised, meaning feature updates \(\Delta Y_t=\Theta(1)\) for all \(t\), when \(\gamma[s]+2\gamma[\eta]+1=0\), \(\gamma[A_0Z]\le\gamma[\eta]+1\) and \(\gamma[B_0]\le\gamma[\eta]\) (Theorem 3.1). The usual non-zero \(A_0\) violates the \(A_0\) condition at practical learning rates, and the violation persists through training. Stable-LoRA therefore keeps \(A_0\)'s early benefit (escaping the saddle at zero) but decays it geometrically until the balance condition holds.","On Qwen2 (0.5B, 1.5B) and LLaMA-3.2 (1B, 3B) multiple-choice QA, Stable-LoRA has the best or tied-best accuracy on every dataset and model against AdamW-LoRA, LoRA+, Riemannian preconditioning and LoRA-RITE, with gains of up to 4 points over AdamW (average gains 0.5 to 2.1 points), at 0.6% extra training time and no extra memory. It also beats AdamW-LoRA on MetaMathQA-to-GSM8K chain-of-thought training (LLaMA-3.2-1B/3B and Llama-3.1-8B).",False,method,R-additive,Cone,"Stable-LoRA is LoRA with a transient change of trained-method data: an early decay of \(A\), independent of the learning rate, that removes the long-term imprint of a nonzero \(A_0\) on width scaling, after which training is plain AdamW. As an object it is LoRA. Like LoRA+ (rates) and LoRA-RITE (preconditioner), all of its content is in the trajectory.",wu2025stable,R,Cone,apex,GL,GLxGL,M1,span
mdpd,MDPD,Masked Dual Path Distillation with fading side networks,Memory-Efficient Transfer Learning with Fading Side Networks via Masked Dual Path Distillation,Zhang et al.,2026,CVPR 2026,2604.09088,https://arxiv.org/abs/2604.09088,https://github.com/Zhang-VKk/MDPD,False,,hybrid,"b^{1:L}=\Phi_{1:L}\big(x;\theta_0,\{\gamma_l,\beta_l\}_{l=1}^{L}\big)\in\mathbb{R}^{N\times D_B},\ \ s^{l}=\Theta_l\big(s^{l-1},\mathrm{fuse}(b^{l},b^{L})\big)\in\mathbb{R}^{N\times D_S},\ D_S<D_B;\ \ Y^{B}=W_B\,\mathrm{GAP}(b^{L}),\ Y^{S}=W_S\,\mathrm{GAP}(s^{L});\ \ \mathcal{L}=\mathcal{L}_{task}(Y^{S},y)+\lambda_{log}\sum_i\big(Y^{S}_i-\phi(Y^{B})_i\big)^2+\lambda_{sha}\sum_{l\in\text{shallow}}\big\|b^{l}-s^{l}M_{down}M_{up}\big\|_F^2+\lambda_{deep}\sum_{l\in\text{deep}}\sum_{i=1}^{N}m_i\big\|b^{l}_i-\mathcal{G}(\bar s^{l})_i\big\|^2,\ \ \bar s^{l}_i=\begin{cases}f_{mask}, & m_i=1\ (\text{mask ratio }\lambda)\\ s^{l}_i, & \text{otherwise}\end{cases};\ \ \text{frozen: backbone weights } \theta_0;\ \text{trained: per-block LayerNorm } (\gamma_l,\beta_l),\ W_B,\ \text{side network } \Theta,\ W_S,\ \text{bottlenecks } M_{down},M_{up},\ \mathcal{G},\ f_{mask};\ \ \text{inference: } \hat y=W_B\,\mathrm{GAP}\big(\Phi_{1:L}(x;\theta_0,\{\gamma_l,\beta_l\})\big)\ \text{(side network discarded)}",\text{training: } |\Theta|+\sum_l|\phi_l|\ (\approx(1+D_S+D_B)d_b+D_B\ \text{each})+|\mathcal{G}|+|f_{mask}|+|W_S|+|W_B|+2D_B\ \text{per backbone LayerNorm};\ \ \text{kept at inference: } 2D_B\ \text{per LayerNorm}+|W_B|,"training: a thin side network (widths divided by a reduction factor, initialised from pretrained weights) fed by the backbone's per-layer features, plus distillation bottlenecks and a generator; deployed: the LayerNorm affine parameters of every backbone block and a new task head (ViT-B on VTAB-1K, T5-base/large on GLUE, VSE-infinity, CLIP4Clip, CLIP-ViL and MDETR for vision-language tasks)","A training-only ladder side network serves as scaffolding and is discarded at inference. Two distillation paths couple it to the frozen backbone. In the feature path (backbone to side), each side layer is regressed onto the backbone's features: directly through a bottleneck \(\phi(s)=sM_{down}M_{up}\) in shallow layers, and in deep layers by regenerating the teacher features from masked student tokens with a small convolutional generator \(\mathcal{G}\) (two \(3\times3\) convolutions and a ReLU). In the logit path (side to backbone), the task-trained side head teaches a new backbone head \(W_B\). The paper states that the only trainable state left in the backbone is the per-block LayerNorm \((\gamma,\beta)\) plus \(W_B\), so the deployed model is a normalisation-tuned backbone plus head; the paper does not say what is tuned in its CNN backbones (ResNeXt-101 in VSE\(\infty\), ResNet-101 in MDETR), which have no LayerNorm, and T5's LayerNorm has no shift. The side network acts as an auxiliary teacher whose task knowledge is distilled into that selective subset.",yes,"The deployed model changes only normalisation affine parameters and adds a head, with no extra modules or tokens: the new \((\gamma,\beta)\) replace the pretrained values in place, and where a LayerNorm feeds only linear maps they could also be folded into those maps. The side network, the bottlenecks \(\phi\) and the generator \(\mathcal{G}\) are discarded.","Backbone features are unchanged at initialisation: \((\gamma_l,\beta_l)\) start at their pretrained values, and the side network does not feed back into the backbone. The task heads \(W_B,W_S\) are new, so the output layer is not identity-initialised.","Memory-efficient side-tuning keeps its side network at inference and pays for it in latency. MDPD instead uses the side network as a training-time teacher, mutually distilled with the frozen backbone. Its task knowledge ends up in the backbone's LayerNorm \((\gamma,\beta)\) and head, so it can be dropped at deployment.","On vision-language tasks MDPD improves accuracy over UniPT and SHERL at almost the same training memory and cuts SHERL's inference time by at least 25.2% (the abstract's figure; the contribution list says 22.5%). On VTAB-1K with ViT-B its mean of 78.3 is the best among the compared PETL and METL methods (HST 78.1, SHERL 77.9), at 2.1 GB training memory.",False,method,R-selective,Lin,"MDPD is LN-tuning reached through a different training signal. A side network (LST-type, an unpointed extension) is trained on the task and mutually distilled with the frozen backbone, and only the backbone's norm parameters and a head survive. The side network lives entirely on the cotangent side: it shapes the gradient that the selective block receives, which the deployed object cannot see.",zhang2026memory,R,Lin,regular,none,MonxGL,M1->,idempotent
riemannion,Riemannion,"Riemannion (RiemannLoRA): Muon on the fixed-rank manifold, with a locally optimal Riemannian-gradient initialisation (LOI)",LoRA meets Riemannion: Muon Optimizer for Parametrization-independent Low-Rank Adapters,Bogachev et al.,2025,ICLR 2026 (poster),2507.12142,https://arxiv.org/abs/2507.12142,,False,,optimizer-or-training-procedure,"X:=\Delta W\in\mathcal{M}_r=\{X\in\mathbb{R}^{d_{out}\times d_{in}}:\operatorname{rank}X=r\},\ X=UGV^{\top}\ (U^{\top}U=V^{\top}V=I_r);\ \ P_X(Z)=UU^{\top}Z+(I-UU^{\top})ZVV^{\top};\ \ G_t=P_{X_t}\big(\nabla_W\mathcal{L}(W'+X_t)\big)\ \text{(one backward pass of a rank-}2r\text{ LoRA: }\ \partial_{Z_1,Z_2}\mathcal{L}(W'+Z_1V^{\top}+UZ_2^{\top})\text{)};\ \ M_t=\beta\,P_{X_t}(M_{t-1})+G_t;\ \ \widetilde M_t=P_{X_t}\big(\mathrm{Ortho}_{2r}(M_t)\big),\ \mathrm{Ortho}_{2r}(M)=U_MV_M^{\top}\ \text{(singular values of the rank-}\le 2r\ M\text{ set to 1)};\ \ X_{t+1}=\mathrm{SVD}_r\big(X_t-\eta\,\widetilde M_t\big);\ \ \text{LOI: } X_0\in\arg\max_{X\in\mathcal{M}_r}\|P_X\nabla_W\mathcal{L}(W_0)\|_F^2,\ \text{used: } X_0=\alpha\,U_{1:r}V_{r+1:2r}^{\top}\ (\nabla_W\mathcal{L}(W_0)=U\Sigma V^{\top}),\ W'=W_0-X_0;\ \ h=(W'+X_t)\,x;\ \ \text{frozen: } W_0\ (\text{shifted to } W');\ \text{trained: the point } X\in\mathcal{M}_r\text{, stored as thin factors}","r(d_{in}+d_{out})\ \text{stored per adapted matrix (intrinsic dimension } r(d_{in}+d_{out}-r)\text{ of }\mathcal{M}_r\text{)};\ \text{heavy-ball momentum kept as a rank-}\le 2r\text{ tangent vector, } 2r(d_{in}+d_{out})","LoRA target matrices: attention and MLP projections of Llama-3-8B (commonsense reasoning); q, k, v and output projections of every attention layer of Stable Diffusion 2 (subject-driven generation)","The function class is LoRA's (an additive rank-\(r\) update \(\Delta W=X\)), but the optimisation variable is the point \(X\) on the fixed-rank manifold \(\mathcal{M}_r\), which is the quotient \((\mathbb{R}^{d_{out}\times r}_*\times\mathbb{R}^{d_{in}\times r}_*)/GL(r)\) of full-rank factor pairs under \((B,A)\sim(BS,S^{-1}A)\); every step is therefore independent of the factorisation gauge. The Riemannian gradient \(P_X(\nabla_W\mathcal{L})\) has rank \(\le 2r\) and is obtained without forming \(\nabla_W\mathcal{L}\), by differentiating \(\mathcal{L}(W'+Z_1V^{\top}+UZ_2^{\top})\) at \(Z_1=0\) (a rank-\(2r\) LoRA forward and backward pass). The Muon step is the linear-minimisation-oracle direction over the spectral-norm ball restricted to the tangent space, approximated by \(P_X(\mathrm{Ortho}_{2r}(M_t))\); the singular values of this direction stayed in \((0.9,1.1)\) in their runs. Momentum is moved by projection transport and the retraction is a thin truncated SVD (Algorithm 4 also applies a decoupled weight decay \(\gamma\) inside the retraction step), so a step costs \(O((d_{in}+d_{out})r^2+r^3)\) plus one backward pass, as for factor-wise Muon. LOI chooses the starting point whose tangent space captures most of the full gradient. Theorem 5.1 parametrises all maximisers by \(S\in GL_{2r}\) acting on the top-\(2r\) gradient singular pairs (assuming \(\sigma_{2r}\neq\sigma_{2r+1}\)); the experiments use \(S=\operatorname{diag}(\alpha I_r,I_r)\), i.e. \(X_0=\alpha U_{1:r}V_{r+1:2r}^{\top}\), computed by a randomised SVD with \(2(q+1)\) extra backward passes (about 0.25% of fine-tuning time). The paper writes the orthogonalisation as \(\mathrm{Ortho}_r\) although it sets the first \(2r\) singular values to 1; the formula here calls it \(\mathrm{Ortho}_{2r}\).",yes,"The trained update is a rank-\(r\) matrix in thin factored form, so \(W=W'+X_T\) (with \(W'=W_0-X_0\) under LOI) folds into one dense weight exactly as LoRA does.","Under LOI the frozen weight is shifted, \(W'=W_0-X_0\), so \(W'+X_0=W_0\) and the model is unchanged at step 0. \(\alpha\) is kept small, which is safe because no Gram matrix is inverted. A variant with LoRA-style zero initialisation is also reported.","Optimise the LoRA update as a point on the fixed-rank manifold \(\mathcal{M}_r\) rather than as two factors, so the step cannot depend on the \(GL(r)\) gauge \((B,A)\sim(BS,S^{-1}A)\), and take Muon's orthogonalised (spectral-norm steepest-descent) step inside the tangent space. A matching initialisation picks the rank-\(r\) point whose tangent space is best aligned with the full fine-tuning gradient.","On eight commonsense-reasoning tasks with Llama-3-8B at rank 16, Riemannion averages 88.1% versus 87.1% for AdamW-trained LoRA, 86.8% for Riemannian-preconditioned AdamW, 86.6% for DoRA, 84.5% for LoRA-RITE and 83.0% for factor-wise Muon.",False,method,R-additive,Cone*,"Riemannion changes the object and not only the metric: its parameter space is the fixed-rank manifold \(\mathcal M_r\), the quotient of LoRA's factor space by \(GL_r\), so \(\rho\) is an embedding and the gauge question disappears instead of being answered by a gauge-respecting cometric (scaled GD, Thm III.12(c)). LOI is a Type II pointing: the rank-\(r\) start \(\alpha U_{1:r}V_{r+1:2r}^\top\) in the gradient's top-\(2r\) frame with a compensated residual, the mirrored member of the family that contains LoRA-GA's start.",bogachev2025lora,R,Cone*,regular,none,OxO,M1,span
poet-x,POET-X,POET-X: scalable reparameterized training by orthogonal equivalence transformation (memory-efficient POET),POET-X: Memory-efficient LLM Training by Scaling Orthogonal Transformation,Qiu et al.,2026,"ICML 2026 (spotlight, oral presentation)",2603.05500,https://arxiv.org/abs/2603.05500,https://github.com/Sphere-AI-Lab/poet,False,,multiplicative-weight,"W_{RP}=R\,W_0\,P,\ \ W_0\in\mathbb{R}^{m\times n}\ (m=d_{in},\ n=d_{out};\ \text{fixed random initialisation, e.g. normalised Gaussian}),\ \ R\in O(m),\ P\in O(n);\ \ y=W_{RP}^{\top}x=P^{\top}W_0^{\top}R^{\top}x\ \ (\text{so in the }h=Wx\text{ convention }W=P^{\top}W_0^{\top}R^{\top}:\ R\text{ acts on the input side, }P\text{ on the output side});\ \ \text{round }k:\ R_k=\Psi_k^{\top}\operatorname{Diag}\big(\tilde G_k^{1},\dots,\tilde G_k^{\lceil m/b\rceil}\big)\Psi_k,\ P_k=\Phi_k^{\top}\operatorname{Diag}\big(\tilde H_k^{1},\dots,\tilde H_k^{\lceil n/b\rceil}\big)\Phi_k\ \ (\Psi_k,\Phi_k\text{ random permutations});\ \ \tilde G=(I+Q)(I+Q+Q^{2}+Q^{3})=I+2Q+2Q^{2}+2Q^{3}+Q^{4}\approx(I+Q)(I-Q)^{-1},\ Q=-Q^{\top}\in\mathbb{R}^{b\times b}\ \text{(Cayley--Neumann, }k=3\text{; only the strict upper triangle of }Q\text{ stored)};\ \ y=P_k^{\top}\big(W_{k-1}^{\top}(R_k^{\top}x)\big)\ \text{(input-centric: three matrix--vector products)};\ \ \text{every 400 steps (`POET reset gap'): }W_k=R_kW_{k-1}P_k,\ Q\leftarrow0,\ \text{new permutations};\ \ \text{frozen within a round: }W_{k-1};\ \text{trained: the skew blocks of }R_k,P_k\ (\text{embeddings, LM head and norms are trained directly})","\big(\lceil d_{in}/b\rceil+\lceil d_{out}/b\rceil\big)\tfrac{b(b-1)}{2}=\tfrac{(b-1)(d_{in}+d_{out})}{2}\ \text{per adapted matrix per round when }b\mid d_{in},d_{out};\ \text{Llama-3B }(d=2560,\ d_{ff}=7168,\ 32\text{ layers},\ \textstyle\sum(d_{in}+d_{out})=1{,}589{,}248):\ 127.5\times1{,}589{,}248=202.6\text{M }(b=256)\text{ or }255.5\times1{,}589{,}248=406.1\text{M }(b=512)\text{ POET parameters};\ \text{adding the }164.0\text{M embedding, LM-head and norm parameters reproduces the reported }366.64\text{M and }570.06\text{M of }2764.47\text{M};\ \text{the merged }W\text{ is a full matrix}","Linear layers of Llama-architecture LLMs trained from scratch on C4: Llama-3B for the perplexity tables (60B tokens; 10B for POET-XQ), Llama-8B for the wall-clock curves, and 8B and 13B in the memory and throughput benchmarks. \(W_0\) is a random initialisation, not a pretrained weight. The original POET was also used to fine-tune BART-large (its App. L).","Two-sided orthogonal equivalence: in the paper's convention \(W_0\in\mathbb{R}^{d_{in}\times d_{out}}\) and \(y=(RW_0P)^{\top}x\), so \(R\in O(d_{in})\) acts on the input side and \(P\in O(d_{out})\) on the output side, and the weight moves on the orbit \(\{RW_0P\}\) of the \(O(d_{in})\times O(d_{out})\) action, so with exact orthogonality its singular values equal those of \(W_0\) throughout training (the Cayley--Neumann truncation makes this approximate). OFT is the one-sided case \(P=I\). Large orthogonal matrices are reached by stochastic primitive optimisation: each round trains only permutation-conjugated block-diagonal factors \(\Psi^{\top}\operatorname{Diag}(\tilde G^{j})\Psi\) with \(b\times b\) blocks, merges them into the weight after a fixed number of steps (merge-then-reinitialise; 400 steps in the reported runs) and redraws the permutations, so the accumulated transform \((R_K\cdots R_1)W_0(P_1\cdots P_K)\) can range over the full groups. POET-X keeps this algorithm and changes how it is computed: an input-centric order \(P^{\top}(W^{\top}(R^{\top}x))\), so no transformed weight is stored for backpropagation; batched per-block products instead of materialised block-diagonal matrices; permutations as index maps, with two of the four folded into the frozen weight once per round; skew blocks stored as \(b(b-1)/2\) parameters; fused Triton kernels for the Cayley--Neumann forward and backward; and a recomputation variant (POET-X\(_{\text{mem}}\)) that also allows low-bit frozen weights (POET-XQ).",yes,"\(R_kW_{k-1}P_k\) is a dense matrix of the original shape. Merging into the weight happens periodically by design and at the end of training, so inference uses one ordinary matrix with no overhead.","\(Q=0\) gives \(\tilde G=I\), hence \(R_k=P_k=I\) and \(W=W_{k-1}\) at the start of every round (and \(W=W_0\) at the start of training).","Learn each weight as an orthogonal equivalence transform \(W=RW_0P\) of a fixed matrix, which pins its spectrum, and make this trainable at LLM scale by optimising only permuted block-diagonal orthogonal factors that are periodically merged. POET-X's contribution is the implementation: an input-centric, kernel-fused computation that brings POET's memory down to LoRA-like levels and its speed close to AdamW.","Pretraining Llama-3B on 60B C4 tokens, POET-X with \(b=512\) (570M trainable parameters) reaches validation perplexity 12.05 versus 12.69 for AdamW and 11.45 for Muon, using 68.5 GB of GPU memory versus 81.0 GB and 70.9 GB.",False,method,B,Orb,"POET-X is the multiplicative twin of ReLoRA, run on both sides of the weight: a rebasing scheme whose per-round shape is a two-sided block-orthogonal orbit, with redrawn random permutations doing the work that butterfly factors do in BOFT, connecting the block hypergraph across rounds (Thm V.3(c)). Its spectrum-preservation property holds for exactly orthogonal factors only: with the released Cayley–Neumann map each merge is a contraction in the operating regime, so over many merges the spectrum drifts downward rather than staying fixed.",qiu2026poet,B,Orb,regular,none,MonxMon,M1,schedule
lora-mixer,LoRA-Mixer,"LoRA-Mixer: mixture of LoRA experts routed into the attention/SSM projections, with a Routing Specialization Balance Loss (RSL)",LoRA-Mixer: Coordinate Modular LoRA Experts Through Serial Attention Routing,Li et al.,2025,ICLR 2026 (poster),2507.00029,https://arxiv.org/abs/2507.00029,https://github.com/hustcselwb/LoRA-Mixer,False,,composition-or-routing,"h=W_0x+\sum_{e\in\operatorname{TopK}(p(x))}p_e(x)\,B_eA_ex,\ \ p(x)=\operatorname{softmax}\big(G(x)\big)\in\Delta^{E-1},\ B_e\in\mathbb{R}^{d_{out}\times r},\ A_e\in\mathbb{R}^{r\times d_{in}}\ \ (\text{soft fusion over all } E\text{ experts while training the router; sparse top-}K\text{ at inference});\ \ \mathcal{L}_{total}=\mathcal{L}_{task}+\alpha\,\mathcal{L}_{RSL}+\beta\sum_{i\in\mathcal{C}}\|\theta_i-\theta_i^{(0)}\|^{2},\ \ \mathcal{L}_{RSL}=\alpha\sum_{i}\bar p_i\bar f_i-\lambda\,\mathbb{E}_x\big[\mathcal{H}(p(x))\big];\ \ \text{frozen: } W_0\text{ (and public or pre-trained experts in the plug-and-play regime); trained: the router } G\text{ (and optionally the experts)}","E\,r(d_{in}+d_{out})\ \text{experts}+\text{a router per adapted projection (about }0.04\%\text{ of LLaMA3-8B in total)};\ 3.88\%\text{ of LLaMA3-8B with six trained experts; router only when frozen public LoRAs are composed}","Linear projections that feed and read out the token mixer: the q/k/v/o attention projections of LLaMA3-8B and Mistral-7B, and the projection layers of the Falcon-Mamba-7B mixer (App. A.11 describes the in-, out-, x- and dt-projections without saying exactly which are adapted). Plug-and-play routing over public LoRAHub LoRAs is shown on Flan-T5, and the LoRA-LEGO comparison uses LLaMA2-7B. The abstract contrasts this with methods that 'primarily' target FFN blocks.","Token-level mixture of \(E\) low-rank deltas on a frozen projection, \(\Delta W(x)=\sum_ep_e(x)B_eA_e\), placed on the attention (or SSM) input and output projections, so the routed update passes through the token mixer in series instead of acting as a parallel branch or an FFN switch. Experts come from three sources: public LoRAs (e.g. LoRAHub modules) kept frozen, independently trained LoRAs, or experts trained jointly with deterministic hard routing by domain label. The router is then trained on a small mixed set (about 2k examples) with soft fusion; inference uses sparse top-\(K\) fusion, and accuracy rises from \(K=1\) to \(K=3\) and then falls in their ablation. RSL adds an entropy term to the Switch-style load-balancing loss. As printed, \(\mathcal{L}_{RSL}\) subtracts \(\lambda\mathbb{E}[\mathcal{H}(p)]\), which rewards high routing entropy and matches the paper's strong-convexity argument, while other passages describe the term as lowering entropy to sharpen routing. A quadratic anchor keeps selected experts near their first-stage weights. The router architecture is not specified beyond its size. The paper writes each expert as \(\Delta W^{(e)}=A^{(e)}B^{(e)}\) with \(A^{(e)}\in\mathbb{R}^{d_{out}\times r}\); formula_latex uses \(B_eA_e\) with \(B_e\in\mathbb{R}^{d_{out}\times r}\), the same product with the letters swapped.",no,"The routing weights \(p(x)\) change with every token, so \(\sum_ep_e(x)B_eA_e\) has no single static form to fold into \(W_0\); only a fixed, input-independent expert choice could be merged.","Not identity when composing trained LoRAs: the frozen experts act from the first step and only the router is learned. The paper does not state the initialisation of experts trained from scratch, and the official repository contains only a README.","Put a routed mixture of LoRA experts into the projections that feed and read out attention or the SSM, so expert outputs pass through the token mixer, and train the router with a load-balance-plus-entropy loss that needs little data. Off-the-shelf LoRAs can then be composed plug-and-play, on Transformers and Mamba alike.","On LLaMA3-8B with six experts (3.88% trainable parameters, 48% of MixLoRA's 8.08%), LoRA-Mixer beats MixLoRA on all seven tasks of the main table, for example 65.53 vs 64.44 on GSM8K and 57.32 vs 55.49 on HumanEval.",False,method,F_T,Fun,"LoRA-Mixer is an \(X\)-point of a top-\(K\) LoRA mixture placed on the projections that feed and read out the token mixer, so the routed update passes through attention or the SSM scan in series. Fibrewise it is a rank-\(Er\) LoRA whose blocks are weighted by the routing scores; what is new is the locus and the balance-plus-entropy loss, not the object.",li2025lora,F_T,Fun,unpointed,GL,GLxGL,Minf,
in-place-ttt,In-Place TTT,In-Place Test-Time Training: the MLP down-projection as chunk-wise fast weights with an LM-aligned target,In-Place Test-Time Training,Feng et al.,2025,ICLR 2026 (oral),2604.06169,https://arxiv.org/abs/2604.06169,https://github.com/ByteDance-Seed/In-Place-TTT,False,,selective,"Z=\phi(HW_{gate}^{\top})\odot(HW_{up}^{\top})\in\mathbb{R}^{n\times d_{ff}},\ \text{split into chunks } Z_{[i]}\in\mathbb{R}^{C\times d_{ff}};\ \ O_{[i]}=Z_{[i]}\big(W_{down}^{(i)}\big)^{\top};\ \ \hat V=\operatorname{Conv1D}(X_0)\,W_{target}\in\mathbb{R}^{n\times d};\ \ W_{down}^{(i+1)}=W_{down}^{(i)}+\eta\,\hat V_{[i]}^{\top}Z_{[i]}\ \ \big(\text{one gradient step on } -\langle Z_{[i]}W^{\top},\hat V_{[i]}\rangle_F\big);\ \ W_{down}^{(0)}=W_0\in\mathbb{R}^{d\times d_{ff}}\ \text{(pretrained), reset at document boundaries};\ \ \text{equivalently } W_{down}^{(i)}=W_0+\eta\textstyle\sum_{j<i}\hat V_{[j]}^{\top}Z_{[j]}\ \text{(a prefix sum, so chunks run in parallel)};\ \ \text{slow weights (all, plus new } W_{target}\in\mathbb{R}^{d\times d}\text{ and a depthwise kernel-5 Conv1D) trained by continual LM training; fast weights updated in closed form at inference}","\text{outer loop: the whole model (continual training, AdamW, lr } 5\times10^{-6}\text{) plus } d^{2}+5d\text{ new parameters per TTT layer } (W_{target},\ \text{depthwise Conv1D});\ \text{inner loop: a fast-weight state } d\times d_{ff}\text{ per TTT layer, changed by rank-}\le C\text{ increments, with no gradients stored}","Down-projection \(W_{down}\) of the gated MLP in a subset of layers (every sixth layer, \([0,6,\dots,36]\), in the released long-context Qwen3 config): Qwen3-4B-Base, LLaMA-3.1-8B and Qwen3-14B-Base as a drop-in, and 0.5B to 4B models trained from scratch.","At inference the only parameters that change are the MLP down-projections of the TTT layers. Each change is the closed-form gradient step of a linear (negative inner-product) loss, so the delta added after chunk \(i\) is the rank-\(\le C\) outer-product sum \(\eta\hat V_{[i]}^{\top}Z_{[i]}\) between the MLP's intermediate activations and an LM-aligned target. The target mixes nearby future-token embeddings through a short convolution and a learned \(d\times d\) map, so the fast weight stores associations from keys to the tokens that follow them; an induction-head argument shows that the next-token target raises the correct logit while a reconstruction target does not. Apply-then-update keeps the scheme causal: chunk \(i\) is processed with \(W_0+\eta\sum_{j<i}\Delta_j\), so the convolution may look ahead inside a chunk. The released code uses a centred depthwise kernel of size 5 confined to each chunk and, by default, the normalised MLP input rather than the token embedding as the target source. Large chunks give parallelism (\(C=512\) to \(1024\) is best in the ablation, 4096 in the released config, whose inner rate is \(\eta=3\)), and inference clips each \(\|\Delta_i\|_F\) to \(\tau\) (\(\tau=10^{-5}\) for all reported Qwen3-4B evaluations). The slow weights, including the new target modules, are learned by ordinary continual pretraining through the unrolled updates.",no,"The fast-weight delta \(\eta\sum_{j<i}\hat V_{[j]}^{\top}Z_{[j]}\) depends on the current context and is reset at every document boundary, so there is nothing static to fold; the small target modules stay as extra parameters at inference.","The Conv1D kernel is zero-initialised (and \(W_{target}\) is a small random diagonal), so \(\hat V=0\) and every fast-weight delta vanishes when continual training starts: the warm-started model computes exactly the pretrained function. At test time each document starts from \(W_{down}^{(0)}=W_0\).","Turn an existing MLP's down-projection into test-time-training fast weights instead of adding a new recurrent layer, update it once per large chunk with a closed-form step, and point the update at next-token information rather than a reconstruction of the current token. Test-time weight adaptation then becomes a drop-in upgrade of a pretrained LLM that is compatible with context parallelism.","After identical continual training of Qwen3-4B-Base, In-Place TTT raises RULER accuracy at 64k, 128k and 256k from 74.3, 74.8 and 41.7 to 78.7, 77.0 and 43.9, with near-equal scores at 4k to 32k.",False,method,F_T,Fun,"In-Place TTT is a context-indexed section of 'fine-tune \(W_{down}\) only': a causal fast-weight memory written by one closed-form gradient step per chunk, i.e. a chunked linear-attention branch living inside an existing MLP box. Per (document, chunk) fibre it is a LoRA on \(W_{down}\) whose \(A\) factor is the activations of the earlier chunks and whose \(B\) factor is the generated targets, pointed at \(B=0\) by the zero convolution.",feng2025place,F_T,Fun,neutral,torus,GLxCO,Minf,
fzoo,FZOO,FZOO: Fast Zeroth-Order Optimizer (batched one-sided Rademacher estimates with a loss-std-normalised step),FZOO: Fast Zeroth-Order Optimizer for Fine-Tuning Large Language Models towards Adam-Scale Speed,Dang et al.,2025,ICLR 2026 (poster),2506.09034,https://arxiv.org/abs/2506.09034,https://github.com/DKmiyan/FZOO,False,,optimizer-or-training-procedure,"l_0=\mathcal{L}(\theta_t;\mathcal{B}_t),\ \ l_i=\mathcal{L}(\theta_t+\epsilon u_i;\mathcal{B}_t),\ u_i\overset{iid}{\sim}\operatorname{Unif}\{\pm1\}^{D}\ (i=1,\dots,N);\ \ g_t=\frac{1}{\epsilon N}\sum_{i=1}^{N}(l_i-l_0)\,u_i;\ \ \sigma_t^{2}=\frac{1}{N-1}\sum_{i=1}^{N}\Big(l_i-\frac1N\sum_{j}l_j\Big)^{2};\ \ \theta_{t+1}=\theta_t-\eta_t\,\frac{g_t}{\sigma_t};\ \ \mathbb{E}\sigma_t^{2}=\epsilon^{2}\|\nabla\mathcal{L}\|^{2}+O(\epsilon^{3}),\ \mathbb{E}\|g_t\|^{2}=\tfrac{N+D-1}{N}\|\nabla\mathcal{L}\|^{2}+O(\epsilon)\ \Rightarrow\ g_t/\sigma_t\approx c\,g_t/\|g_t\|;\ \ N+1\text{ forward passes per step, no backpropagation; } \theta\text{ = all } D\text{ weights or a PEFT subset}","\text{all } D\text{ parameters (full fine-tuning) or a PEFT subset (prefix-tuning in the paper); inference-level memory, as for MeZO}","All parameters (full-parameter) or the parameters of a PEFT module (prefix-tuning) of RoBERTa-large, the OPT family (125M to 66B; the abstract says 350M to 66B, and OPT-125M is used for the F1 and speed experiments), Phi-2 and Llama-3 (8B)","A zeroth-order gradient estimate built from \(N\) one-sided finite differences that share one unperturbed loss; to first order it is the rank-\(N\) random projection \(\frac1N\sum_iu_iu_i^{\top}\nabla\mathcal{L}\). The step is divided by the empirical standard deviation of the \(N\) perturbed losses, which estimates \(\epsilon\|\nabla\mathcal{L}\|\), so the update is a zeroth-order normalised-SGD step: large in flat regions, small in steep ones. Rademacher signs turn the perturbed matrix products into additions and subtractions, so the \(N\) perturbed forward passes are fused into one batched kernel (\(1.92\times\) faster on OPT-125M with \(N=8\)). The FZOO-R variant reuses half of the previous batch's losses when estimating \(\sigma_t\).",conditional,"FZOO only changes how updates are computed. In full-parameter mode it edits the model's own weights in place, so there is nothing to merge; in FZOO (prefix) the trained parameters are a prefix, which stays in the input and cannot be folded into the weights.",Trivial: there is no reparameterisation and training starts from \(\theta_0\).,"Make MeZO-style fine-tuning converge in far fewer forward passes by averaging several one-sided Rademacher probes per step and dividing the step by the spread of their losses, which turns the update into a normalised-SGD step at inference-level memory.","Across RoBERTa-large, OPT (350M to 66B), Phi-2 and Llama-3 on 11 tasks, the abstract reports that FZOO beats MeZO by +3% in accuracy with 3x fewer forward passes, and by +5.6% with 18x fewer forward passes on RoBERTa-large (the unit is not stated; in Table 1, \(k=16\), the averages are 71.4 vs 67.4).",False,method,B,Lin,"FZOO is MeZO with an \(N\)-dimensional random slice per step instead of a line, and a step length set by the observed loss spread. The change of probe law from Gaussian to Rademacher shows up in the classification: it trades MeZO's rotation covariance in law for signed-permutation covariance, the price of turning the perturbed matrix products into additions.",dang2025fzoo,B,Lin,regular,none,MonxMon,,schedule
ld-mole,LD-MoLE,"LD-MoLE: Learnable Dynamic routing for Mixture of LoRA Experts (Sparsegen router with a predicted, token-wise sparsity factor)",LD-MoLE: Learnable Dynamic Routing for Mixture of LoRA Experts,Zhuang et al.,2025,ICLR 2026 (poster),2509.25684,https://arxiv.org/abs/2509.25684,https://github.com/eshentw/LD-MoLE,False,,composition-or-routing,"h_t=W_0x_t+\frac{\alpha}{r}\sum_{i=1}^{E}p_{t,i}\,B_iA_ix_t\ \ (\alpha/r=16/8=2\text{ in the released code; the paper's Eq. 7 has no scale}),\ \ B_i\in\mathbb{R}^{d_{out}\times r},\ A_i\in\mathbb{R}^{r\times d_{in}};\ \ u_t=W_{gate}x_t\in\mathbb{R}^{E};\ \ \lambda_t=f(x_t)<1\ \text{(an MLP shared by all modules with the same } d_{in}\text{; in the code } f(x)=\mathrm{LogSigmoid}(\mathrm{MLP}(x))+1-\epsilon,\ \epsilon=10^{-2})\text{;}\ \ p_t=\arg\min_{p\in\Delta^{E-1}}\|p-u_t\|_2^{2}-\lambda_t\|p\|_2^{2}\ \Rightarrow\ p_{t,i}=\Big[\frac{u_{t,i}-\tau_t}{1-\lambda_t}\Big]_+,\ \tau_t=\frac{U_k-1+\lambda_t}{k},\ k=\max\{k:1-\lambda_t+k\,u_{(k)}>U_k\},\ U_k=\textstyle\sum_{j\le k}u_{(j)};\ \ \mathcal{L}=\mathcal{L}_{LM}+\alpha_{lb}\,E\sum_i\mathcal{F}_i\mathcal{P}_i+\beta\,\mathrm{ReLU}\big(\lambda_{lower}(k^{\star})-\lambda_t\big),\ \lambda_{lower}(k)=1-\big(U_k-k\,u_{(k+1)}\big);\ \ \text{frozen: } W_0;\ \text{trained: the experts, } W_{gate}\text{ and } f","E\,r(d_{in}+d_{out})+E\,d_{in}\ \text{per adapted matrix } (E=8,\ r=8)+\text{one shared }\lambda\text{-MLP per distinct } d_{in}\ (64\,d_{in}+129\text{ in the released code});\ 2.33\%\text{ to }4.23\%\text{ of the base model in the paper}","Every linear projection (q, k, v, o, gate, up, down) of Qwen3-1.7B, Llama-3.2-3B and an 8B Llama-3 model","A mixture of \(E\) LoRA deltas per projection with token-wise sparse weights, \(\Delta W(x_t)=\frac{\alpha}{r}\sum_ip_{t,i}B_iA_i\). TopK is replaced by Sparsegen: the Euclidean projection of the gate logits onto the simplex with a quadratic bonus \(\lambda\|p\|^2\), equivalently sparsemax applied to \(u/(1-\lambda)\). It is piecewise linear, differentiable almost everywhere, and always keeps at least one expert, unlike ReLU routing. A small MLP predicts \(\lambda_t\) from the token, so the number of active experts varies by token and by layer. Because \(\lambda\) fixes the support analytically, a target count \(k\) becomes the closed-form \(\lambda\)-interval of Proposition 2, enforced by a hinge on \(\lambda\) (the main results use \(\beta=0\)). In the released code \(f\) is a two-layer MLP (hidden width 64, output bias initialised to \(-2.5\)) ending in a LogSigmoid, to which \(1-\epsilon\) with \(\epsilon=10^{-2}\) is added, so \(\lambda_t\in(-\infty,0.99)\), and the denominator \(1-\lambda_t\) is clamped at \(\epsilon\); the gate has no bias; all experts are evaluated densely and then weighted; and every \(B_i\) starts at zero. The paper writes each expert as \(\Delta W_i=A_iB_i\) with \(A_i\in\mathbb{R}^{d_{out}\times r}\); formula_latex uses \(B_iA_i\) with the letters swapped.",no,"\(p_t\) changes from token to token, so the mixture cannot be folded into a static \(W_0\).","Not discussed in the paper. The released code zero-initialises every \(B_i\), so \(\Delta W(x)=0\) and the model starts at the frozen base.","Replace TopK routing in mixture-of-LoRA fine-tuning with a closed-form, differentiable Sparsegen projection whose sparsity \(\lambda\) is predicted per token by a shared MLP, so the number of experts per token and per layer is learned rather than fixed. The closed form also yields an analytic \(\lambda\)-interval for exactly \(k\) active experts, used as a sparsity loss.","On Llama-3.2-3B, LD-MoLE averages 82.05 over nine benchmarks versus 81.42 for ReLU-routed ReMoLE and 78.72 for the best TopK MoLA configuration, with eight rank-8 experts on every projection (3.28% trainable parameters).",False,method,F_T,Fun,"LD-MoLE is a LoRA mixture whose router is a Euclidean projection onto the simplex with a learned quadratic bonus, so the number of active experts is a per-token output and the routing is continuous. Fibrewise it is LoRA\(_{Er}\) with token-dependent block weights, pointed at \(B=0\).",zhuang2025ld,F_T,Fun,neutral,GL,GLxGL,Minf,
ar1-zo,AR1-ZO,AR1-ZO: Alternating Rank-1 Zeroth-Order optimisation of LoRA with topology-aware scaling,AR1-ZO: Topology-Aware Rank-1 Zeroth-Order Queries for High-Rank LoRA Fine-Tuning,Chen et al.,2026,NeurIPS 2026,2605.19767,https://arxiv.org/abs/2605.19767,,False,,optimizer-or-training-procedure,"h=W_0x+\tfrac{\gamma}{r}BAx=W_0x+\alpha\sum_{k=1}^{r}b_k a_k^{\top}x,\ \ \gamma=\alpha r,\ \ B=[b_1,\dots,b_r]\in\mathbb{R}^{d_{out}\times r},\ A=[a_1,\dots,a_r]^{\top}\in\mathbb{R}^{r\times d_{in}};\ \ \text{step } t:\ k(t)=1+(t\bmod r)\ (\text{same atom index in every adapted matrix}),\ \ z_t=(z_b,z_a)\sim\mathcal{N}(0,I_{d_{out}+d_{in}}),\ \ \ell_{\pm}=\mathcal{L}(\theta_t\pm\mu P_tz_t),\ \ \hat g_t=\frac{\ell_+-\ell_-}{2\mu}\,z_t=(\hat g_{b,t},\hat g_{a,t}),\ \ b_{k(t)}\leftarrow b_{k(t)}-\eta_t\hat g_{b,t},\ \ a_{k(t)}\leftarrow a_{k(t)}-\eta_t\hat g_{a,t};\ \ \text{frozen: } W_0 \text{ and every atom } j\neq k(t) \text{ (shared by both endpoints)};\ \text{trained: all } r \text{ atoms, one per step, from two forward passes and no backpropagation}",r(d_{in}+d_{out})\ \text{stored per adapted matrix } (r=64 \text{ in the main runs});\ \text{only } d_{in}+d_{out} \text{ coordinates are perturbed and updated per step},LoRA-adapted linear layers of OPT-2.7B/13B and Qwen3-1.7B/32B. The mechanism diagnostics use the 28 v_proj matrices of Qwen3-1.7B; the target modules of the main runs are not listed.,"The stored object is an ordinary rank-\(r\) LoRA delta \(\Delta W=\alpha\sum_k b_ka_k^{\top}\). AR1-ZO changes only how a two-point zeroth-order oracle measures it. Each query perturbs one matched rank-1 atom \((b_k,a_k)\), a block of dimension \(q=d_{out}+d_{in}\). Lemma 4.1 shows that, for nonzero factors, this is the smallest complete LoRA-native block: one-sided blocks miss part of the first-order variation \(\delta b_k a_k^{\top}+b_k\delta a_k^{\top}\). The estimator's dimension term is therefore \(q\), not \(rq\). The second ingredient is scale. Under the canonical coefficient \(\gamma/r=\alpha/r\), the active finite-difference signal is \(\Theta(1/r)\). Against a rank-independent evaluation-noise floor its SNR is \(\Theta(1/r^2)\), and \(\mathbb{E}\cos(\hat\nabla_k\mathcal{L},\nabla_k\mathcal{L})\to0\) once \(r\gg r_c=\Theta(\alpha\mu\|g\|/\sigma_\xi)\). The paper calls this directional collapse. Setting \(\gamma=\alpha r\) gives every queried atom the rank-free coefficient \(\alpha\). In forward-map terms, the method is LoRA with scale \(\alpha\) (instead of \(\alpha/r\) or \(\alpha/\sqrt r\)) trained by cyclic block-coordinate ZO over rank-1 atoms. Rank then appears only as coverage: over a cycle the stationarity measure is \(\tfrac1r\sum_k\|\nabla_k\mathcal{L}\|^2\). The convergence bound (Theorem 4.4(ii)) separately assumes a stable represented-adapter scale, which the paper uses to rule out output inflation. This matters because under \(\gamma=\alpha r\) the joint output scale \(\alpha\sum_kb_ka_k^{\top}\) is no longer normalised by \(r\) (this last point is the entry's reading, not the paper's wording). A rank-\(m\) block query uses \(\gamma=\alpha r/m\) and has dimension \(mq\).",yes,The trained adapter is a plain additive delta \(\Delta W=\alpha BA\) and folds into \(W_0\) exactly like LoRA. The atom schedule and \(\gamma=\alpha r\) affect training only.,"Yes. \(B\) is initialised at zero and \(A\) at random (Appendix B.1), so \(\Delta W=\alpha\sum_k b_ka_k^{\top}=0\) at step 0.","In zeroth-order LoRA, rank should set storage and coverage, not the dimension of each query or the signal it measures. AR1-ZO perturbs one complete rank-1 atom \((b_k,a_k)\) per two-forward-pass query and gives it the coefficient \(\gamma/r=\alpha\) instead of \(\alpha/r\). This removes the \(1/r^2\) decay of the finite-difference SNR that makes naive atomwise ZO collapse at high rank.","With \(r=64\) and \(\alpha=16\) on OPT-2.7B (Table 1), AR1-ZO beats MeZO-LoRA on all six tasks, e.g. SQuAD F1 77.8 vs 64.6 and DROP 27.8 vs 23.9. The same atom schedule with canonical \(\alpha/r\) scaling (ZO-Alt-naive) collapses to 19.2 and 6.3.",False,method,R-additive,Cone,"AR1-ZO is LoRA rescaled by \(r\) and trained one rank-1 atom at a time from two forward passes; as an object it is LoRA, by an isomorphism of the rsLoRA kind. Its content is in the trained-method data: each query has dimension \(d_{in}+d_{out}\) and the coefficient \(\alpha\) keeps the finite-difference signal independent of the rank, so rank becomes coverage rather than query dimension.",chen2026ar1,R,Cone,apex,GL,GLxGL,M1,span
pico,Pico,Pico: Pre-merge interference calibration in output-space,Crowded in B-Space: Calibrating Shared Directions for LoRA Merging,Tang and Yang,2026,NeurIPS 2026,2604.16826,https://arxiv.org/abs/2604.16826,,False,,composition-or-routing,"\text{per layer and target module, with LoRAs } \Delta W_t=B_tA_t\ (t=1,\dots,T;\ \text{scale absorbed into } B_t):\ \ B_{\text{all}}=[B_1,\dots,B_T]=U\Sigma V^{\top},\ \ s_j=\frac{\sigma_j^2}{\sum_k\sigma_k^2},\ \ \alpha_j=\frac{1}{1+(T-1)s_j},\ \ S=I_{d_{out}}+U\,\mathrm{diag}(\alpha-\mathbf{1})\,U^{\top},\ \ \tilde B_t=SB_t;\ \ \Delta W_{\text{calib}}=\mathcal{M}\big(\tilde B_1A_1,\dots,\tilde B_TA_T\big)\ \ (\mathcal{M}\in\{\text{TA},\text{TIES},\text{TSV-M},\dots\}),\ \ \Delta W_{\text{Pico}}=\gamma\,\Delta W_{\text{calib}},\ \ \gamma=\frac{\tfrac1T\sum_t\|B_tA_t\|_F}{\|\Delta W_{\text{calib}}\|_F};\ \ W=W_0+\Delta W_{\text{Pico}};\ \ \text{frozen: } W_0 \text{ and all } A_t,B_t;\ \text{nothing is trained and no data is used}",0\ \text{(data-free post-hoc merge); per adapted matrix: one SVD of the } d_{out}\times Tr \text{ stack plus } T \text{ left multiplications},"Every LoRA-adapted matrix (q_proj and v_proj in the experiments) of Llama-3.1-8B, and of Qwen3-4B-Base in an appendix. Four domain LoRAs (math, code, finance, medical) of rank 8 to 64.","Pico left-multiplies each output factor, before merging, by one layer-wise operator \(S=U\,\mathrm{diag}(\alpha)\,U^{\top}+(I-UU^{\top})\). \(S\) is symmetric positive definite: its eigenvalues are \(\alpha_j\in[1/T,1]\) on \(\mathrm{col}(B_{\text{all}})\) and 1 on the orthogonal complement. It therefore shrinks output directions that carry a large share of the stacked \(B\) energy. The strongest shrinkage, \(\alpha_j\to1/T\) as \(s_j\to1\), undoes the \(T\)-fold counting that a summed (Task Arithmetic) merge gives a direction used equally by all \(T\) tasks. A single scalar \(\gamma\) then restores the mean source Frobenius norm. \(A_t\) is untouched; in the ablation, calibrating \(A\) or the full \(BA\) instead lowers accuracy. Two consequences are derived here. (i) Task Arithmetic is linear, so \(\mathcal{M}(SB_tA_t)=S\,\mathcal{M}(B_tA_t)\) and Pico-TA equals the post-merge output-space reshaping \(\gamma S\Delta W_{\text{TA}}\); applying \(S\) before merging matters only for non-linear mergers such as TIES and TSV-M. (ii) \(s_j\) is a direction's share of the stacked spectrum, only a proxy for cross-task sharing, so a direction dominated by one task's energy is shrunk too. \(U\) is the left singular basis of the concatenated \(B\)'s. It is the same output basis Core Space builds (\(U_B\)). KnOTS instead takes the SVD of the stacked products \([B_1A_1,\dots,B_TA_T]\). Its left singular vectors span the same column space only when every \(A_t\) has full row rank, and they form a different basis.",yes,"The output is one additive delta per layer, \(\Delta W_{\text{Pico}}=\gamma\,\mathcal{M}(\{SB_tA_t\})\), of rank at most \(Tr\) for TA. It folds into \(W_0\) like any merged LoRA.","Nothing is trained. With a single adapter (\(T=1\)), every \(\alpha_j=1\), so \(S=I\) and the calibration step is the identity. Under Task Arithmetic, \(\gamma\) then cancels any merge weight and \(\Delta W_{\text{Pico}}=B_1A_1\) exactly; under TIES, the merger's own trimming still changes the single adapter.","Across independently trained LoRAs, the output factors \(B_t\) reuse a few shared directions: pairwise overlap \(O_B\gg O_A\), and the effective rank of \(B\) is about 3 at LoRA rank 64. A linear merge counts these directions \(T\) times. Pico shrinks them before merging with the spectral weights \(\alpha_j=1/(1+(T-1)s_j)\) and then restores the update norm.","On Llama-3.1-8B with four rank-16 domain LoRAs, Pico raises the eight-benchmark average from 0.4093 to 0.4430 under Task Arithmetic, from 0.3859 to 0.4328 under TIES and from 0.3473 to 0.4305 under TSV-M. Pico+TA (0.4430) also beats a jointly trained multi-task LoRA (0.3688).",False,method,P,–,"Pico is a spectral reweighting of the shared output space before merging: under task arithmetic it is the post-merge map \(\Delta W\mapsto\gamma S\Delta W\), so its effect on nonlinear mergers comes only from applying \(S\) first. Because \(S\) is read off the \(B\) factors rather than the adapters, it depends on how each LoRA's scale is split between \(B\) and \(A\), which is what the design rule 'combine on products, or after a joint gauge fixing' (Prop V.4) warns about.",tang2026crowded,P,,unpointed,,OxO,M1,
frameft,FrameFT,FrameFT: fine-tuning with sparse coefficients in tight fusion frames,Fine-Tuning of Transformer models with Frames,Adepu et al.,2026,ICML 2026,2608.26430,https://arxiv.org/abs/2608.26430,https://github.com/vsingh-group/FrameFT,False,,additive-weight,"W=W_0+\Delta W,\ \ \Delta W=\frac{\alpha}{\sqrt{d_{out}d_{in}}}\,P_{out}\,C\,P_{in}^{\top}=\frac{\alpha}{\sqrt{d_{out}d_{in}}}\sum_{i=1}^{k}P_{out,i}\,C_i\,P_{in,i}^{\top};\ \ P_{out}=[P_{out,1},\dots,P_{out,k}]\in\mathbb{R}^{d_{out}\times k\rho_{out}},\ P_{in}=[P_{in,1},\dots,P_{in,k}]\in\mathbb{R}^{d_{in}\times k\rho_{in}}\ \ \text{(Parseval tight fusion frames from Spectral Tetris, } \textstyle\sum_iP_{\cdot,i}P_{\cdot,i}^{\top}=I\text{)};\ \ C=\mathrm{blockdiag}(C_1,\dots,C_k),\ C_i\in\mathbb{R}^{\rho_{out}\times\rho_{in}},\ \ \mathrm{supp}(C)=\Omega,\ |\Omega|=n_c \text{ random and shared by all layers};\ \ \text{(paper form; the released code sets the block size of } C \text{ independently of } \rho\text{: } 4\times4 \text{ for Llama-2-7B, } 40\times40 \text{ for Llama-2-13B, one full block for Gemma-2-2B, 128 blocks for Gemma-2-9B and Llama-3.1-8B)};\ \ \text{frozen: } W_0,\ P_{out},\ P_{in},\ \Omega;\ \text{trained: the } n_c \text{ entries } C_{\Omega} \text{ of each adapted matrix}","n_c\ \text{per adapted matrix } (n_c=1000 \text{ for RoBERTa, } 5000 \text{ for the 2B--13B LLMs, i.e. } 320\text{K in total on Llama-2-7B } W_q,W_v);\ \text{frames and support are regenerated from } (d,\rho) \text{ and a seed, so neither is stored}","\(W_q\) and \(W_v\) in every Transformer block (RoBERTa-base/large, Llama-2-7B/13B, Gemma-2-2B/9B, Llama-3.1-8B, ViT-B/L)","A fixed two-sided frame expansion with a sparse block-diagonal core. \(\Delta W=\sum_iP_{out,i}C_iP_{in,i}^{\top}\) couples the \(i\)-th output subspace only with the \(i\)-th input subspace, and only \(n_c\) core entries are free. Rank is not capped by a small \(r\): \(\mathrm{rank}\,\Delta W\le\mathrm{rank}\,C\le n_c\). The general definition allows redundant frames (\(k\rho>d\)), but every reported experiment uses \(k\rho=d\) with Parseval normalisation. The main GLUE, instruction-tuning and ViT runs use \(\rho=2\), and the Appendix D ablation varies \(\rho\) from 2 to 256, still with \(k\rho=d\). Then \(\sum_iP_iP_i^{\top}=I\) with ranks summing to \(d\) forces the subspaces to be mutually orthogonal, so \(P_{out}\) and \(P_{in}\) are square orthogonal matrices and the frame is not redundant. Running the released construct_real_tff confirms this: the matrix is orthogonal to \(10^{-5}\) to \(10^{-4}\) (float32) for \(d=768\) to \(4096\), and its non-zero fraction is about \(2/\rho\) (99.6 to 99.9% at \(\rho=2\), about 50% at \(\rho=4\), about 25% at \(\rho=8\)). At \(\rho=2\) the Spectral Tetris unit-norm tight frame in \(\mathbb{C}^1\) is all ones, so the modulated frame is the realified \((d/2)\)-point DFT basis: each 2-D subspace is the realification of one conjugated DFT row. In this regime FrameFT is FourierFT-like: sparse coefficients in a fixed DFT-type basis on both sides. The block-sparse frames that the paper credits for throughput appear only at \(\rho\ge4\). The released code also decouples the coefficient blocks from \(\rho\). Llama-2-7B uses \(4\times4\) blocks, Llama-2-13B \(40\times40\), Gemma-2-2B one full block (no block-diagonal constraint, so a random sparse support over the whole two-sided realified-DFT basis), and Gemma-2-9B and Llama-3.1-8B 128 blocks. Four of the twelve released GLUE scripts use \(\rho=4\) (tff_l 4), although the paper states \(\rho=2\) for GLUE. Lemma 3.1: if \(f(W)\) is \(L\)-smooth, the reparameterised loss \(f(C)\) is \(LB_{out}B_{in}\)-smooth, unlike LoRA's factored \((A,B)\) landscape. Gradient descent with \(\eta\le1/\tilde L\) therefore gets the standard \(O(1/T)\) stationarity rate (Theorem 3.2).",yes,"\(\Delta W\) is a dense additive matrix computed from the frames and the sparse core. The released tuner's merge() adds it to \(W_0\), so inference cost is unchanged.","Depends on the configuration. The released instruction-tuning scripts set init_std 0, so \(C=0\) and \(\Delta W=0\) at step 0. The GLUE scripts do not pass init_std, so the default 1.0 (GLUE/args.py and the FrameConfig default) applies: the \(n_c\) coefficients start as \(\mathcal{N}(0,1)\) samples and \(\Delta W\neq0\) at initialisation, as in FourierFT. The tuner's reset_frame_parameters, which would zero the coefficients, is defined but never called. The paper's Algorithm 1 only says 'Init'.","Replace LoRA's learned factor subspaces with fixed, algorithmically generated Parseval fusion frames, shared by all layers of the same width, and learn only a sparse block-diagonal coefficient matrix between them. Storage drops to \(n_c\) scalars per matrix, and the coefficient-space loss inherits the smoothness of the weight-space loss.","Instruction-tuned on Alpaca with 320K trainable parameters, Llama-2-7B averages 63.62 on eight LM-eval-harness tasks, against 63.18 for LoRA (16.7M) and 63.22 for FourierFT (320K) (Table 3). LoRA stays 0.2 to 0.7 points ahead on Llama-2-13B, Gemma-2-9B and Llama-3.1-8B. On GLUE, FrameFT averages 86.1 (RoBERTa-base, 24K parameters) and 88.7 (RoBERTa-large, 48K) (Table 1).",False,method,R-additive,Lin,"FrameFT is a SHiRA-type coordinate mask transported by a fixed two-sided frame \(X\mapsto P_{out}XP_{in}^\top\), which in all reported settings is a realified DFT on both sides; the transport is \(\theta_0\)-independent, unlike SVFT's. It is a FourierFT relative that couples each output frequency block only with the matching input block, through a dense \(\rho\times\rho\) core.",adepu2026fine,R,Lin,regular,none,Pi,M1,idempotent
prefixmemory-tuning,PrefixMemory-Tuning,PrefixMemory-Tuning (PMT; titled Prefix-Tuning+ in arXiv v1 and v2),PrefixMemory-Tuning: Modernizing Prefix-Tuning by Decoupling the Prefix from Attention,Wang et al.,2025,ICLR 2026,2506.13674,https://arxiv.org/abs/2506.13674,,False,,architectural-insertion,"\text{for each layer } l \text{ and attention head } h:\ \ o_i^{\top}=\frac{\sum_{j\le i}\mathrm{sim}(q_i,k_j)\,v_j^{\top}}{\sum_{j\le i}\mathrm{sim}(q_i,k_j)}+\phi(q_i)^{\top}M,\ \ q_i=W_Qx_i,\ k_j=W_Kx_j,\ v_j=W_Vx_j,\ \ \mathrm{sim}(q,k)=\exp\!\big(q^{\top}k/\sqrt{d_K}\big),\ \ \phi\in\{\mathrm{elu},\mathrm{gelu}\}\ \text{elementwise } (d_\phi=d_K),\ \ M\in\mathbb{R}^{d_\phi\times d_V}\ (\text{per head; the paper's single-head notation writes } M\in\mathbb{R}^{d_\phi\times d});\ \ \text{derived from prefix-tuning with prefix } s_1,\dots,s_\ell \text{ by (i) taking the prefix out of the softmax with a fixed weight } \lambda,\ \text{(ii) linearising } \mathrm{sim}(\cdot,\cdot)\approx\phi(\cdot)^{\top}\phi(\cdot),\ \text{(iii) replacing } \textstyle\sum_{j\le\ell}\phi(W_Ks_j)(W_Vs_j)^{\top} \text{ by a free } M \text{, dropping the normaliser and absorbing } \lambda;\ \ \text{frozen: all base weights};\ \text{trained: } \{M_{l,h}\}","L\cdot H\cdot d_\phi d_V\ \text{per model } (=L\,d\,d_K \text{ for multi-head attention with elementwise } \phi):\ 16.91\text{M } (0.25\%) \text{ on LLaMA2-7B-Chat, } 9.51\text{M } (0.31\%) \text{ on Qwen2.5-3B-Instruct};\ \text{both reported counts exceed } LHd_Kd_V \text{ by exactly } L\cdot d\text{, consistent with one extra } d\text{-vector per layer that the text does not describe (it equals } Hd_\phi\text{, the size of one Eq.-(6) normaliser } N\in\mathbb{R}^{d_\phi} \text{ per head; suggestive, not confirmed)}","Every attention head of every layer: a query-conditioned branch added to each head's output before \(W_O\) (LLaMA2-7B-Chat, Qwen2.5-3B-Instruct, Qwen2.5-Math-7B)","An additive, query-conditioned bias outside the softmax: \(o_i\mapsto o_i+M^{\top}\phi(q_i)\). Unlike a prefix, it is not renormalised against the input's attention mass. Prefix-tuning gives \(o^{pt}_i=(1-\alpha_i)o_i+\sum_{j\le\ell}\alpha_{ij}W_Vs_j\), where \(\alpha_i\) depends on the input and prefix lengths; this is the paper's tradeoff argument. In PMT the input path keeps weight 1 and the memory path is independent of length. A structural reading, derived here: through the frozen output projection, each layer gains the parallel branch \(\sum_hW_O^{(h)}M_h^{\top}\phi(W_Q^{(h)}x_i)\). That is a parallel adapter whose down-projection is the frozen query projection \(W_Q\) (width \(d_K\) per head and \(Hd_K=d\) in total for both LLaMA2-7B and Qwen2.5-3B, so it is not a bottleneck), whose nonlinearity is elu or gelu, and whose trained map is block-diagonal (one \(M_h^{\top}\in\mathbb{R}^{d_V\times d_K}\) per head), read out through the frozen \(W_O\). It is the linear-kernel counterpart of He et al.'s view of prefix-tuning as a gated parallel adapter. Memory capacity scales with \(d_\phi\times d_V\) rather than with prefix length. Remark 1 notes that a trainable \(\phi_W(x)=\mathrm{ReLU}(Wx+b)\) would turn the branch into a one-hidden-layer MLP; Table 2 reports such an 'MLP Kernel' variant, better than elu on some tasks and worse on others. The paper does not say whether \(q_i\) is taken before or after RoPE; after RoPE the branch would depend on position.",no,"\(\phi(q_i)^{\top}M\) is a non-linear (elu/gelu) function of the query, so the branch cannot be folded into \(W_Q,W_K,W_V\) or \(W_O\) and stays at inference. It costs about one extra \(d_K\times d_V\) product per head per token and does not grow the KV cache.","Not stated, and the linked code repository is empty. With \(M=0\) the branch vanishes and \(o^{PMT}_i=o_i\) exactly. Prefix-tuning has no such parameter value: any prefix with \(\ell\ge1\) takes softmax mass \(\alpha_i>0\) from the input.","Prefix-tuning underperforms on deep LLMs because the prefix shares each head's softmax normaliser with the input, so prefix influence and input specificity trade off with sequence length. PMT moves the prefix out of the softmax, linearises it with a kernel feature map \(\phi\), and replaces the prefix key-value sum with a free memory matrix \(M\), giving \(o_i=\mathrm{Attn}_i+\phi(q_i)^{\top}M\).","With one training example per class, PMT reaches 71.2% on BigBench with LLaMA2-7B-Chat and 76.6% with Qwen2.5-3B-Instruct, above LoRA (\(r=64\)), prefix-tuning and full fine-tuning.",False,method,E,Fun,"PMT turns prefix tuning's renormalised prompt contribution into an ungated kernel-feature memory: by Thm VI.5(b) a prefix rescales content attention by \(1-\lambda_q\), while PMT keeps the content path at weight 1 and adds \(M^\top\phi(q)\). That buys a neutral point (as LLaMA-Adapter's gate does) and makes the method a parallel branch around attention whose down-projection is the frozen \(W_Q\), whose activation is \(\phi\) (elu or gelu) and whose up-projection is \(W_O\) times a trained block-diagonal map. Because \(\phi\) is not ReLU, this is not the catalogued (ReLU) parallel adapter, so no arrow into it is recorded.",wang2025prefixmemory,E,Fun,neutral,none,GLxGL,Minf,
fourtune,FourTune,FourTune: fully 4-bit (W4A4G4) LoRA post-training with a frozen low-rank numerical stabilizer,FourTune: Towards Fully 4-Bit Efficient Post-Training for Diffusion Models,Xue et al.,2026,ICML 2026,2607.05711,https://arxiv.org/abs/2607.05711,,False,,additive-weight,"W_0\approx R+L_{\text{stab}},\ \ L_{\text{stab}}=L_1L_2\ \text{(low-rank outlier branch from the SVDQuant decomposition, kept in high precision)},\ \ R \text{ quantised offline to NVFP4 with } 16\times16 \text{ block scales};\ \ h=\mathrm{GEMM}_{4\text{bit}}\big(Q(R),Q(x)\big)+L_{\text{stab}}\,x+BA\,x;\ \ \frac{\partial\mathcal{L}}{\partial x}=\mathrm{GEMM}_{4\text{bit}}\big(Q(R)^{\top},Q(g)\big)+L_{\text{stab}}^{\top}g+(BA)^{\top}g,\ \ g=\frac{\partial\mathcal{L}}{\partial h}\ \text{(4-bit gradients through the backbone; block scales let } Q(R)^{\top} \text{ be used without requantising)};\ \ \frac{\partial\mathcal{L}}{\partial B}=g\,(Ax)^{\top},\ \ \frac{\partial\mathcal{L}}{\partial A}=B^{\top}g\,x^{\top};\ \ \text{frozen: } R,\ L_{\text{stab}};\ \text{trained: } B\in\mathbb{R}^{d_{out}\times r},\ A\in\mathbb{R}^{r\times d_{in}}","r(d_{in}+d_{out})\ \text{per adapted matrix } (r=64 \text{ in the experiments});\ \text{also frozen: the high-precision rank-}k \text{ stabilizer, } k(d_{in}+d_{out}) \text{ entries (} k \text{ not stated), and the 4-bit residual}","Linear layers (GEMMs) of the diffusion backbone: the FLUX.1-dev (12B) and Qwen-Image (20B) DiTs, plus SDXL in Appendix B. The MLP's FC1 GEMM is fused with the FC2 quantisation kernel.","A QLoRA-type composite with three parallel branches on each linear layer. The first is a frozen 4-bit residual GEMM (W4A4). The second is a frozen high-precision low-rank stabilizer \(L_{\text{stab}}\) that absorbs the quantisation-sensitive outlier directions of \(W_0\); this is SVDQuant's decomposition, reused here during training. The third is a trainable rank-\(r\) LoRA \(BA\). The trainable update is the ordinary additive \(BA\); what changes is the arithmetic. QLoRA dequantises and computes in W4A16G16, while FourTune runs the forward and input-gradient GEMMs in 4-bit (W4A4G4). Its \(16\times16\) block-wise scales let the transposed weight be used in the backward pass without requantisation. The LoRA down-projection, the stabilizer and activation quantisation share one fused kernel, and the 4-bit GEMM is fused with the up-projections. The block granularity is \(16\times16\) instead of the usual \(1\times16\) groups (Table 5: LPIPS 0.227 vs 0.203 for reconstruction). An INT4 variant on an RTX 4090 is reported in Appendix B. Without the stabilizer, naive W4A4G4 training shows gradient explosion in the distillation runs (Fig. 8). The stabilizer and the LoRA have the same algebraic form (high-precision low-rank maps of \(x\)), so the trained LoRA can be concatenated into the stabilizer branch: \([L_1\ B][L_2;A]\).",conditional,"\(BA\) can be concatenated into the high-precision low-rank branch, \(L_{\text{stab}}+BA=[L_1\ B]\,[L_2;A]\) (rank \(k+r\)), which keeps the trained function exactly in a W4A4 inference engine. Folding it into the 4-bit residual \(R\) requires requantisation. Folding it into a BF16 \(W_0\) gives \(W_0+BA\), which differs from the training-time function by the quantisation error of \(R\).","Not stated. Under standard LoRA initialisation (\(BA=0\)) the model starts at the quantised base \(Q(R)Q(x)+L_{\text{stab}}x\approx W_0x\), not exactly at \(W_0x\).","FourTune aims to make PEFT faster than BF16 LoRA, not only smaller, by running the whole frozen backbone in native 4-bit for weights, activations and gradients. A frozen high-precision low-rank stabilizer \(L_{\text{stab}}\) carries the outlier directions. \(16\times16\) block scales and fused LoRA and MLP kernels keep the 4-bit backward pass efficient.","In end-to-end FLUX.1-dev customization training, FourTune uses 14.51 GB against 29.35 GB for BF16 LoRA. A step takes 0.86 s on an RTX 5090, 2.27x faster than BF16 LoRA and 2.79x faster than NF4 QLoRA, at matched generation quality.",False,method,R-additive,Cone,"FourTune is QLoRA over a different base change: the quantiser is SVDQuant's split into a high-precision low-rank part plus a 4-bit residual, kept frozen during training, and both passes run in 4-bit arithmetic. As an object it is LoRA at the translate \(Q(R)+L_{stab}\). The stabiliser and the adapter have the same algebraic form, which is why the trained LoRA can be absorbed exactly into the low-rank branch, but not into the 4-bit weight.",xue2026fourtune,R,Cone,defect,GL,MonxMon,Mq,span
gradfix,GradFix,GradFix: gradient-sign masking for task-vector transport across pre-trained models,Gradient-Sign Masking for Task Vector Transport Across Pre-Trained Models,Rinaldi et al.,2025,ICLR 2026,2510.09658,https://arxiv.org/abs/2510.09658,https://github.com/fillo-rinaldi/GradFix,False,,composition-or-routing,"\tau_A=\theta_A^{ft}-\theta_A\ \ (\text{per matrix } \Delta W_A=W_A^{ft}-W_A);\ \ \hat s_i=\mathrm{sign}\Big(-\sum_{(x_n,y_n)\in\mathcal{D}_s}\mathrm{sign}\big(\nabla_\theta\ell(f_{\theta_B}(x_n),y_n)\big)_i\Big)\ \ (\text{majority vote over } N=|\mathcal{D}_s| \text{ labelled target examples});\ \ m_i=\mathbb{1}\{\mathrm{sign}(\tau_{A,i})=\hat s_i\},\ \ \theta_B^{\text{trans}}=\theta_B+\alpha\,(m\odot\tau_A);\ \ \text{full-data form: } g=\nabla_\theta\mathcal{L}(\theta_B),\ \ g^{\top}\big(\alpha\,m\odot\tau_A\big)=-\alpha\textstyle\sum_im_i|g_i||\tau_{A,i}|\le0;\ \ \text{frozen: } \theta_A,\ \theta_A^{ft},\ \theta_B;\ \text{nothing is trained; } \alpha \text{ is chosen on a validation set}","0\ \text{(training-free); each transport builds one binary mask } m\in\{0,1\}^{|\theta|} \text{ from } N \text{ per-sample target gradients, plus the scalar } \alpha","All parameters covered by the source task vector: the CLIP ViT-B/16 and ViT-L/14 image encoders (text encoder frozen), and T5-base for language tasks (T5 v1.1 as source, FLAN-T5 as target).","A coordinatewise Hadamard filter on a task vector, in parameter coordinates. The transported delta keeps \(\tau_A\) on the sign-agreement set \(\{i:\mathrm{sign}\,\tau_{A,i}=\mathrm{sign}(-g_i)\}\) unchanged and zeros it elsewhere. This makes it a base-change map: a displacement measured at base point \(\theta_A\) is projected onto the target's local descent orthant at \(\theta_B\), with no permutation alignment and no parameter updates. The first-order descent property \(g^{\top}\delta\le0\) holds by construction for the full-data gradient, so the update lowers the loss for sufficiently small \(\alpha\). With few samples the paper's lemma is per coordinate: under an independence assumption and \(p_i>1/2\), \(\Pr[\hat s_i=\mathrm{sign}(-g_i)]\ge1-e^{-2N(p_i-1/2)^2}\) (Hoeffding). A guarantee for the whole vector would need a union bound that the paper does not state. The filter acts on coordinates, not on functions, so it depends on the basis. One consequence, derived here: for a factored adapter, \(m\odot(BA)\) is in general full-rank, so a LoRA task vector would be transported as a masked dense matrix, not as low-rank factors. The paper's experiments use full fine-tuning task vectors. For multi-task merging, merge-then-mask with a consensus target-sign mask works best; for several sources fine-tuned on one task, mask-then-merge works best. Magnitude-weighted masks underperform, which the paper reads as directions transferring across pre-trainings while magnitudes do not.",yes,"The result is a single additive weight delta \(\alpha\,m\odot\tau_A\) on \(\theta_B\). It composes with Task Arithmetic and TIES (mask-then-merge or merge-then-mask) and adds no inference overhead.","Nothing is trained. \(\alpha=0\), or an empty mask, returns the target base \(\theta_B\) exactly.","A task vector trained on an old base \(\theta_A\) transfers to a new release \(\theta_B\) once its coordinates whose sign disagrees with the target's anti-gradient are removed. A few target gradients, combined by a majority vote of signs and with no update steps, rebase \(\tau_A\) onto \(\theta_B\) with a first-order descent guarantee \(g^{\top}\delta\le0\).","With one labelled example per class, transporting a DataComp-XL CLIP ViT-B/16 EuroSAT task vector to a LAION-2B ViT-B/16 gives 61.94%. Naive task-vector addition gives 49.58%, zero-shot 49.41%, and few-shot fine-tuning on the same samples 56.61%.",False,method,P,Lin,"GradFix is a base-change map for task vectors: a displacement measured at \(\theta_A\) is projected, coordinate by coordinate, onto the descent orthant \(\{\delta:\delta_ig_i\le0\}\) of the loss at \(\theta_B\), which is exactly its first-order guarantee. Being coordinatewise it is monomial-natural, not rotation-natural, and it would turn a LoRA task vector into a masked dense matrix.",rinaldi2025gradient,P,Lin,regular,none,MonxMon,M1,idempotent
coa-lora,CoA-LoRA,CoA-LoRA: Configuration-Aware LoRA (a hypernetwork maps each layer's quantisation configuration to an \(r\times r\) adjustment of that layer's LoRA),On-the-Fly Adaptation to Quantization: Configuration-Aware LoRA for Efficient Fine-Tuning of Quantized LLMs,Ye et al.,2025,ICLR 2026 (poster),2509.25214,https://arxiv.org/abs/2509.25214,https://github.com/rG223/CoA-LoRA,False,,hybrid,"h=\big(\widetilde W^{(i)}_{\mathbf C}+L_{1,i}\,(I_r+U_\theta(Q_i))\,L_{2,i}\big)x,\quad U_\theta(Q_i)=\gamma\cdot\mathrm{reshape}_{r\times r}\Big(\mathrm{MLP}_\theta\big(\mathrm{LN}[\,e(b_{0,i}),e(b_{1,i}),e(b_{2,i}),e(B_{0,i}),e(B_{1,i}),e(\text{module}_i),e(\text{block}_i)\,]\big)\Big)\in\mathbb{R}^{r\times r};\ \ \mathbf C=\{c_i\}_{i=1}^{N},\ c_i=[b_{0,i},b_{1,i},b_{2,i},B_{0,i},B_{1,i}]\ (\text{NormalFloat bit-widths and block sizes of layer } i);\ \ W_0^{(i)}-\widetilde W^{(i)}_{\mathbf C}\approx U\Sigma V^{\top}\Rightarrow L_{1,i}=U_r\Sigma_r^{1/2}\in\mathbb{R}^{d_{out}\times r},\ L_{2,i}=\Sigma_r^{1/2}V_r^{\top}\in\mathbb{R}^{r\times d_{in}};\ \ \min_\theta\ \mathbb{E}_{\mathbf C\in\mathcal C}\,\mathcal L\big(\{\widetilde W^{(i)}_{\mathbf C}+L_{1,i}(I_r+U_\theta(Q_i))L_{2,i}\}_{i=1}^{N};\mathcal D\big),\ \ \mathcal C\ \text{refined by Pareto/EHVI search};\ \ \text{frozen: quantised base } \widetilde W_{\mathbf C};\ \text{trained: mapper } \theta\ (\text{embeddings, LayerNorm, 2-layer MLP, scalar }\gamma);\ \text{the released code also trains one LoRA pair } (L_1,L_2)\ \text{shared by all configurations}","|\theta|=129\,r^{2}+O(10^{4})\ \text{per model, shared by all } N \text{ adapted matrices and all configurations }(2{,}121{,}265\text{ to }2{,}121{,}281 \text{ at } r=128,\ 0.03\text{--}0.5\%\ \text{of the base, Table A.1};\ \approx 0.54\text{M at the main-experiment rank } r=64);\ \text{plus } r(d_{in}+d_{out})\ \text{per adapted matrix for the LoRA factors (SVD-initialised; frozen in the paper's Eq. (3), trained once and shared in the released code)}","Every LoRA-targeted linear layer of a NormalFloat-quantised model, each with its own per-layer configuration: query, key, value, output.dense and intermediate.dense of RoBERTa-Large; q/k/v/o/gate/up/down projections of Qwen2.5-1.5B, Qwen2.5-3B and LLaMA-2-7B","A family of additive rank-\(r\) updates indexed by the discrete space of per-layer NormalFloat configurations \(\mathbf C=\{c_i\}_{i=1}^{N}\), with \(c_i\in\{2,3,4,8\}^2\times\{\text{bf16},\text{fp16},\text{fp32}\}\times\{16,32,64\}\times\{16,64,256\}\) (432 choices per layer, \(432^{N}\) per model). One small hypernetwork \(\theta\) maps a layer's configuration embedding, plus its module-type and block-index embeddings, to an \(r\times r\) core \(I_r+U_\theta(Q_i)\) placed between the LoRA factors: \(\Delta W_i(\mathbf C)=L_{1,i}(I_r+U_\theta(Q_i))L_{2,i}\). The core acts only on the rank space. When it is invertible, the update keeps column space \(\mathrm{col}(L_{1,i})\) and row space \(\mathrm{row}(L_{2,i})\), so the configuration moves the update only inside a fixed \(r\times r\) coordinate window, as in LoRA-XS. In the paper's Eq. (2) the factors \(L^{(\mathbf C)}_{1,i},L^{(\mathbf C)}_{2,i}\) are the rank-\(r\) SVD of the quantisation residual \(W_0-\widetilde W_{\mathbf C}\) for that configuration, so a new configuration also needs \(W_0\) for the residual SVD. In the released GLUE code (run_glue.py, lorasync mode), one LoRA pair initialised from a single configuration's residual SVD is trained jointly with \(\theta\) and loaded into every configuration's model, so in practice one adapter is shared and only the core varies. The training set \(\mathcal C\) is itself optimised. It starts from 50 configurations of 2.25 to 7.25 average bits chosen by an integer program, then alternates training \(\theta\) with a search step: a Gaussian-process surrogate of accuracy, an expected-hypervolume-improvement acquisition maximised by finite-difference coordinate moves, and Pareto filtering inside 40 bit-width segments.",conditional,"For a fixed configuration \(\mathbf C\), the generated update \(L_{1,i}(I_r+U_\theta(Q_i))L_{2,i}\) is a static rank-\(r\) matrix, computed with one mapper forward pass per layer and kept beside the quantised weights. Folding it into \(\widetilde W_{\mathbf C}\) needs dequantisation, and requantising would change the configuration, as with QLoRA. The mapper \(\theta\) has to be kept to serve other configurations.","Not identity relative to the quantised base. In the code, the last MLP layer starts with \(\mathcal N(0,(10^{-3})^2)\) weights and zero bias, so \(I_r+U_\theta\approx I_r\). The LoRA factors start as the rank-\(r\) SVD of \(W_0-\widetilde W_{\mathbf C}\), so the initial model \(\widetilde W_{\mathbf C}+L_1L_2\) is the best rank-\(r\) correction of the quantisation error. It approximates \(W_0\), not \(\widetilde W_{\mathbf C}\).","The quantisation configuration becomes a conditioning input. A hypernetwork of about 2M parameters turns each layer's bit-width and block-size choice into an \(r\times r\) adjustment \(I_r+U_\theta(Q_i)\) of that layer's LoRA, so one training run serves any per-layer configuration instead of one QLoRA or LQ-LoRA run per configuration. The configurations used for training are chosen by a Pareto search over accuracy and average bit-width.","On four GLUE tasks with RoBERTa-Large, one training run of about an hour covers 50 configurations from 2.5 to 6.25 bits, with accuracy comparable to or better than QLoRA and LQ-LoRA, which need 20-40 minutes of fine-tuning per configuration.",False,method,F_T,Cone*,"CoA-LoRA is a section of LQ-LoRA over the space of per-layer quantisation configurations: one hypernetwork turns each configuration into an \(r\times r\) move inside a fixed pair of column and row spaces, as NaRA does over noise levels. Every fibre lives in a different translate of LoRA's cone, one per quantised base, and is pointed only up to that configuration's attained residual.",ye2025fly,F_T,Cone*,defect,GL,MonxMon,Mq,
low-rank-ternary-adaptation,Low-Rank Ternary Adaptation,Ternary multiplicative adaptation: a Kronecker-factorised ternary keep/zero/flip mask applied elementwise to ternary weights,Low-Rank Ternary Adaptation for Fine-Tuning Transformers,Manolache et al.,2026,ECCV 2026 (poster),2608.24469,https://arxiv.org/abs/2608.24469,https://github.com/alexmanoo/ternary_adaptation,False,,multiplicative-weight,"W_0=\mathrm{diag}(s)\,W_{\text{tern}},\ W_{\text{tern}}\in\{-1,0,1\}^{d_{out}\times d_{in}};\ \ h=\mathrm{diag}(s)\big(W_{\text{tern}}\odot\Delta_{\text{tern}}\big)x,\quad \Delta_{\text{tern}}=A\otimes B,\ \ A=\mathrm{Tern}(\bar A)\in\{-1,0,1\}^{p_1\times q_1},\ B=\mathrm{Tern}(\bar B)\in\{-1,0,1\}^{p_2\times q_2},\ \ p_1p_2=d_{out},\ q_1q_2=d_{in};\ \ \mathrm{Tern}:\ \text{entrywise threshold set from the mean absolute value of each factor, gradients passed to the real proxies } \bar A,\bar B \text{ by a straight-through estimator};\ \ W_{\text{merged}}=W_{\text{tern}}\odot(A\otimes B)\in\{-1,0,1\}^{d_{out}\times d_{in}};\ \ \text{frozen: } W_{\text{tern}}\ \text{and its scales } s;\ \text{trained: } \bar A\in\mathbb{R}^{p_1\times q_1},\ \bar B\in\mathbb{R}^{p_2\times q_2}","p_1q_1+p_2q_2\ \text{per adapted matrix}\ (p_1p_2=d_{out},\ q_1q_2=d_{in});\ 2d\ \text{for a square } d\times d \text{ layer only when } d \text{ is a perfect square } (p_i=q_i=\sqrt d);\ \text{Llama-3.2-1B's } 2048\times 2048 \text{ layers use } (32\times32,\ 64\times64)=5120=2.5d,\ 512\text{-wide k/v use } 2560,\ \text{MLP layers } 10240;\ \approx 7.4\times10^{5}\ \text{in total} \approx 0.06\%\ \text{of Llama-3.2-1B (Table 5)}","All self-attention and feed-forward linear layers of ternary Transformers, output head excluded: SpinQuant-ternarised Llama-3.2-1B/3B, the pre-trained ternary BitNet b1.58 2B4T and Falcon-E-1B/3B-Instruct, and the ternary ViT-B/16 encoder of TernaryCLIP","A Hadamard (entrywise) action of the multiplicative monoid \(\{-1,0,1\}\) on ternary weights. Each mask entry keeps (\(+1\)), zeroes (\(0\)) or flips (\(-1\)) the corresponding weight. \(\{-1,0,1\}\) is closed under multiplication and \(\odot\) commutes with the row scaling \(\mathrm{diag}(s)\), so adapted and merged weights stay ternary with unchanged scales. The mask is constrained to a Kronecker product \(A\otimes B\) of two small ternary factors, so \(\mathrm{rank}(A\otimes B)=\mathrm{rank}(A)\,\mathrm{rank}(B)\) is bounded by \(\min(p_1,q_1)\min(p_2,q_2)\) and reaches \(\min(d_{out},d_{in})\) for the balanced factor shapes of Table 5, with only \(p_1q_1+p_2q_2\) proxies. Despite the title, the update is neither low-rank nor additive. Written additively it is \(\Delta W=\mathrm{diag}(s)\,\big(W_{\text{tern}}\odot(A\otimes B-\mathbf 1\mathbf 1^{\top})\big)\). Because \(0\cdot\Delta_{ij}=0\), zero weights can never be reactivated (zero-locking). The weight-transition analysis confirms that no weight leaves 0 and that gains come from sign changes of nonzero weights. The 'balanced' and 'normalized' initialisations draw signed factors and pre-compensate the base, \(W_{\text{tern}}\leftarrow(\mathrm{sign}\bar A\otimes\mathrm{sign}\bar B)\odot W_{\text{tern}}\). A \(\pm1\) mask is an involution under \(\odot\), so the step-0 forward weights equal the pretrained ones.",yes,"The merged weight \(W_{\text{tern}}\odot(A\otimes B)\) lies again in \(\{-1,0,1\}^{d_{out}\times d_{in}}\) with the original scales. It replaces the base layer with no dequantisation, requantisation, extra parameters or latency, and the proxies \(\bar A,\bar B\) are discarded.","Yes, by construction. All-ones factors give \(A\otimes B=\mathbf 1\mathbf 1^{\top}\) and \(W'_{\text{tern}}=W_{\text{tern}}\). The balanced and normalized schemes used in the main experiments have signed factors but pre-multiply the base by \(\mathrm{sign}\bar A\otimes\mathrm{sign}\bar B\), so the step-0 forward weights are again the pretrained ternary weights.","Additive LoRA updates leave the ternary domain, so the update is made multiplicative: a ternary keep/zero/flip mask applied entrywise to ternary weights. The mask is parameterised as a Kronecker product \(A\otimes B\) of two small ternary matrices, trained through real-valued proxies with a straight-through estimator. The fine-tuned model merges into a strictly ternary model with no dequantisation.","On SpinQuant-ternarised Llama-3.2-3B fine-tuned on Alpaca, the merged ternary model raises the 9-task zero-shot average from 31.9 to 38.3 and cuts WikiText-2 perplexity from 45.6 to 22.3, ahead of QLoRA merged and requantised to ternary (37.5 and 22.9).",False,method,R-Hadamard,Orb,"Ternary adaptation replaces the additive update, which leaves the ternary grid, by a monoid action that preserves it. The merge is type-preserving by construction, so the quantised-type obstruction of Prop V.2(d) disappears, and so does any gain from merge-and-restart, since the masks form a submonoid. The Kronecker constraint is what makes a sign-flip mask cheap, and it is also an imposed structure.",manolache2026low,R,Orb,regular,nonlinear,Pi,M1,idempotent
adarank,AdaRank,AdaRank: Adaptive Rank Pruning (test-time learned binary masks on the singular components of task vectors),AdaRank: Adaptive Rank Pruning for Enhanced Model Merging,Lee et al.,2025,ICLR 2026 (poster),2503.22178,https://arxiv.org/abs/2503.22178,https://github.com/david3684/AdaRank,False,,composition-or-routing,"\tau_i^{l}=W_i^{l}-W_0^{l}=U_i^{l}\Sigma_i^{l}V_i^{l\top}\ (i=1,\dots,T);\quad W^{l}(B)=W_0^{l}+\lambda^{l}\sum_{i=1}^{T}U_i^{l}\,\mathrm{diag}(B_i^{l})\,\Sigma_i^{l}\,V_i^{l\top},\ \ B_i^{l}\in\{0,1\}^{\min(d_{out},d_{in})};\ \ B_{i,r}^{l}=\mathbf 1\{\sigma(\tilde b_{i,r}^{l}/T_{\text{temp}})\ge 0.5\}\ \ (\text{straight-through estimator},\ T_{\text{temp}}=10);\ \ \min_{\tilde b,\lambda}\ \sum_{i=1}^{T}\sum_{x\in\mathcal D_i^{\text{test}}}H\big(f(W(B),x)\big)\ \ (\text{output entropy on unlabeled test inputs});\ \ \text{frozen: } W_0 \text{ and all } (U_i,\Sigma_i,V_i);\ \text{optimised at test time: mask logits } \tilde b \text{ and layer coefficients } \lambda^{l}","T\cdot\min(d_{out},d_{in})\ \text{mask logits per weight matrix (one per singular component per task), plus one } \lambda^{l}\ \text{per layer; all discarded after merging}","Every weight matrix of the task vectors of models fine-tuned from one backbone: CLIP ViT-B/32 and ViT-L/14 image encoders (8, 14 and 20 tasks), and RoBERTa and GPT-2 (7 NLP tasks)","Merging in the SVD basis of each task matrix with a learned 0/1 selection of singular triplets: \(\Delta W^{l}=\lambda^{l}\sum_{i}\sum_{r}B^{l}_{i,r}\sigma^{l}_{i,r}u^{l}_{i,r}v^{l\top}_{i,r}\). Each layer's mask set \(\{0,1\}^{T\times\min(d_{out},d_{in})}\) contains top-\(k\) truncation (\(B_{i,r}=\mathbf 1[r\le k]\), as in SVD merging and TSV-M) and full-rank Task Arithmetic (\(B=\mathbf 1\)) as special points. The kept rank and the kept indices can vary by task and layer, and need not be the top ones. AdaRank plugs into a base merger. With Task Arithmetic \(\tau_i=W_i-W_0\); with CART \(\tau_i=W_i-\bar W\) around the average weight; with TSV-M the concatenated \(U\) and \(V\) are whitened before masking; Iso-CTS is a fourth base merger in the experiments. Masks start at the base method's best setting and are optimised AdaMerging-style, by straight-through estimation of an entropy objective on unlabeled test batches. The motivation is that adding a top singular component of one task often raises the total multi-task loss.",yes,"After test-time adaptation the masks are frozen and the output is one static weight set of the backbone's size. No masks, routers or per-task parameters are kept at inference, unlike router-based merging.","Not applicable as an adapter. The masks start by reproducing the base merger: \(B=\mathbf 1\) with \(\lambda=0.3\) is Task Arithmetic, the top 16\% of components for CART, and top-\(k\) for TSV-M. Setting all \(B=0\) recovers \(W_0\) (or \(\bar W\) for CART).","When merging, the top-\(k\) singular components of a task vector are not always the right ones to keep: large components of one task can raise the other tasks' losses, and the useful rank varies by task and layer. AdaRank instead learns a binary keep/prune mask on every singular component by test-time entropy minimisation, replacing the fixed top-\(k\) rule of SVD-based merging.","Added to Task Arithmetic on 8-, 14- and 20-task vision merging, AdaRank raises average accuracy by 18.6% (ViT-B/32) and 11.1% (ViT-L/14), outperforming all static merging baselines.",False,method,P,Cone,"AdaRank enlarges task arithmetic's coefficient line to a union of lines indexed by subsets of singular triplets: top-\(k\) truncation (SVD merging, TSV-M) and full task arithmetic are two of its points, and test-time entropy picks another. It is a spectral-coordinate analogue of DARE and TIES, with a learned mask instead of a random or magnitude-based one.",lee2025adarank,P,Cone,defect,torus,OxO,M1,span
slao,SLAO (Merge before Forget),SLAO: Single LoRA continual learning with Orthogonal initialization via continual merging,Merge before Forget: A Single LoRA Continual Learning via Continual Merging,Qiao et al.,2025,ICLR 2026 (poster),2512.23017,https://arxiv.org/abs/2512.23017,,False,,additive-weight,"h=\big(W_0+B^{t}_{\text{merge}}A^{t}_{\text{merge}}\big)x,\ \ B\in\mathbb{R}^{d_{out}\times r},\ A\in\mathbb{R}^{r\times d_{in}};\ \ \text{task }1:\ B^{1}_{\text{merge}}=B_{\text{ft},1},\ A^{1}_{\text{merge}}=A_{\text{ft},1}\ (\text{standard LoRA});\ \ \text{task } i\ge 2:\ Q_iR_i=\mathrm{QR}(A_{\text{ft},i-1}^{\top}),\ Q_i\leftarrow Q_i\,\mathrm{sign}(\mathrm{diag}R_i),\ \ A^{(0)}_{\text{ft},i}=Q_i^{\top}\ (A^{(0)}A^{(0)\top}=I_r),\ \ B^{(0)}_{\text{ft},i}=B_{\text{ft},i-1};\ \ (B_{\text{ft},i},A_{\text{ft},i})=\text{fine-tune on }\mathcal D_i;\ \ A^{i}_{\text{merge}}=A_{\text{ft},i},\ \ B^{i}_{\text{merge}}=B^{i-1}_{\text{merge}}+\lambda(i)\big(B_{\text{ft},i}-B^{i-1}_{\text{merge}}\big),\ \ \lambda(i)=1/\sqrt{i};\ \ \text{frozen: } W_0;\ \text{trained per task: one LoRA pair } (B_{\text{ft},i},A_{\text{ft},i})","r(d_{in}+d_{out})\ \text{per adapted matrix, independent of the number of tasks } T\ (\text{storage: the merged LoRA plus the current fine-tuned LoRA, } 2r(d_{in}+d_{out}))","LoRA on the query and value projections of every attention layer (Appendix B), fixed rank 8: Llama-2-7B/13B-chat, Llama-3.2-3B, Qwen2.5-3B/7B; a rank ablation over 4, 8 and 16 on Llama-2-13B-chat finds 8 best on the standard CL benchmark and 4 best on the large-number-of-tasks benchmark","A constant-memory recursion on one LoRA pair over a task stream, in three steps. (1) \(A\) is rebased: \(A^{(0)}_{\text{ft},i}=Q_i^{\top}=R_i^{-\top}A_{\text{ft},i-1}\) with \(\mathrm{diag}R_i>0\). This moves the previous task's \(A\) inside its own row space to the representative with orthonormal rows. (2) \(B\) is warm-started from the previous fine-tuned \(B\) without the compensating factor \(R_i^{\top}\). The starting product \(B_{\text{ft},i-1}R_i^{-\top}A_{\text{ft},i-1}\) therefore differs from the previous adapter unless \(R_i=I_r\). (3) After training, \(A\) is overwritten (\(A^{i}_{\text{merge}}=A_{\text{ft},i}\)) and only \(B\) is averaged, with weight \(1/\sqrt i\) taken from the OPCM continual-merging schedule. The deployed update is \(B^{t}_{\text{merge}}A_{\text{ft},t}=\sum_{i}c^{(t)}_{i}B_{\text{ft},i}A_{\text{ft},t}\) with \(c^{(t)}_{i}=\lambda(i)\prod_{j=i+1}^{t}(1-\lambda(j))\), so every past \(B\) is paired with the latest \(A\). This is only approximately coherent: each \(A^{(0)}_{\text{ft},i}\) spans the row space of \(A_{\text{ft},i-1}\), and training moves it by the small drift bounded below. The paper's Theorem 1, a Flora-style small-step analysis with \(A^{(0)}A^{(0)\top}=I_r\), writes \(A^s=A^{(0)}+\eta A^{(0)}f_A(s)\) with \(\|f_A(s)\|_2\le\eta L^2/(1-\eta^2L^2)\), so \(A\) drifts by at most \(\eta^2L^2/(1-\eta^2L^2)\), i.e. \(O(\eta^2L^2)\), while \(\Delta B_i\approx-\eta\big(\sum_s\nabla_W\mathcal L_i^{s}\big)A^{(0)\top}_i\) accumulates each task's gradient in the current \(A\) basis. An NTK-regime forgetting/intransigence bound in \(\|B_tA_t-B_iA_i\|_F\) motivates keeping \(\|A_t-A_i\|_F\) small and merging \(B\) rather than \(A\).",yes,"After any task, the deployed object is one LoRA \(B^{t}_{\text{merge}}A^{t}_{\text{merge}}\) that can be folded into \(W_0\), or kept as a side adapter while the stream continues. There are no per-task modules and no router.","Only for the first task (standard \(B=0\), Gaussian \(A\)). Later tasks start training from \(B_{\text{ft},i-1}R_i^{-\top}A_{\text{ft},i-1}\ne 0\), and the merged LoRA is never zero after task 1.","Continual learning becomes sequential merging inside one LoRA. Each new task starts from an orthonormal-row rebasing of the previous \(A\) together with the previous \(B\). After training, \(A\) is replaced and \(B\) is averaged with weight \(1/\sqrt i\), exploiting the asymmetry that \(B\) carries task-specific, near-orthogonal updates. Memory stays at one LoRA however many tasks arrive.","On the standard CL, large-number-of-tasks and SuperNI benchmarks with Llama-2-7B-chat, the paper reports that SLAO outperforms all data-free baselines, including O-LoRA, InfLoRA, CorDA, MagMax, KnOTS, LoRA-LEGO and OPCM; its own discussion notes that MagMax is comparable on the standard CL benchmark. SAPT-LoRA, which replays generated pseudo-samples, is not data-free and is excluded from that claim.",False,method,R-additive,Cone,"SLAO is continual merging carried out inside one LoRA: the stream is a schedule of re-pointings within a fixed cone, each a non-gauge move (QR rebasing of \(A\), warm start of \(B\)) followed by a factor-level average of \(B\). It works to the extent that every \(A\) descends from one row space, which is the shared-factor condition under which factor-wise merging is exact (Prop V.4(b)). Memory stays constant because the rank never grows.",qiao2025merge,R,Cone,defect,GL,GLxGL,M1,span
rain-merging,RAIN-Merging,RAIN-Merging: Reasoning-Aware Instruction-attention guided Null-space projection Merging,RAIN-Merging: A Gradient-Free Method to Enhance Instruction Following in Large Reasoning Models with Preserved Thinking Format,Huang et al.,2025,ICLR 2026 (oral),2602.22538,https://arxiv.org/abs/2602.22538,https://github.com/K1nght/RAIN-Merging,False,,composition-or-routing,"\Delta_I^{k}=W_I^{k}-W_B^{k}\ (\text{instruction-model task vector of module } k\in\{Q,K,V,O,\text{FFN}\}\text{ in every layer});\ \ H_k=[h^{k}_t]_{t\in\Omega_{\text{think}}}\in\mathbb{R}^{d_{in}\times|\Omega|}\ (\text{inputs of module } k \text{ in the reasoning model at the thinking-marker positions, 150-sample reasoning calibration set});\ \ \Delta_I^{\perp,k}=\Delta_I^{k}\big(I-H_k(H_k^{\top}H_k)^{+}H_k^{\top}\big)\ \Rightarrow\ \Delta_I^{\perp,k}h^{k}_t=0\ \ \forall t\in\Omega_{\text{think}};\ \ g^{\tilde k}=\mathbb{E}_x\big[a^{\tilde k}-\rho\,u^{\tilde k}\big],\ \tilde H^{\tilde k}=1+\mathbb{E}_x[u^{\tilde k}],\ \alpha^{\tilde k}_\star=\mathrm{clip}_{[0,1]}\big(g^{\tilde k}/\tilde H^{\tilde k}\big)\ \ (a,u:\ \text{mean attention from instruction-constrained / unconstrained response tokens to instruction tokens, 365 IFEval-style samples});\ \ \theta_\star=\theta_R+\lambda\bigoplus_{k}\alpha^{k}_\star\,\Delta_I^{\perp,k};\ \ \text{frozen: } \theta_R,\theta_I,\theta_B;\ \text{nothing is gradient-trained}","0\ \text{gradient-trained; computed in closed form: one coefficient } \alpha^{\tilde k} \text{ per attention head (FFN modules use the layer mean) and one global } \lambda\ (\text{grid search over } [0,1.5])","Q, K, V, O and FFN weight matrices of an R1-style reasoning model: DeepSeek-R1-Distill-Qwen-1.5B/7B/14B/32B and DeepSeek-R1-Distill-Llama-8B. The instruction task vector \(\theta_I-\theta_B\) comes from Qwen2.5-1.5B/7B/14B/32B-Instruct or Llama-3.1-8B-Instruct and their bases. For 1.5B and 7B the reasoning model was distilled from Qwen2.5-Math, so it does not share the instruction model's base.","A two-stage, data-dependent but gradient-free transformation of a full task vector before it is added to a different model, the reasoning model \(\theta_R\), rather than to the base \(\theta_B\) it was computed from (for the 1.5B and 7B pairs \(\theta_R\) is not even fine-tuned from \(\theta_B\): it descends from Qwen2.5-Math). Stage 1 right-multiplies each module's task matrix by the orthogonal projector onto the complement of the span of that module's inputs at the thinking special tokens. This is the matrix form of the paper's vectorised Eq. (4), since \(\Phi=H^{\top}\otimes I\). The merged module then reproduces the reasoning model's outputs exactly on those inputs. Proposition 1 bounds the logit change at the marker tokens by \(C_1\|\Phi\,\mathrm{vec}(\Delta)\|_2+C_2\|\Delta\|_2^2\), so after projection only the second-order term remains; the paper states the resulting KL bound as \(O(\|\Delta\|_2^2)\), although its own inequalities give \(O(\|\Delta\|_2^4)\). Algorithm 1 uses the ridge version \(I-\Phi^{\top}(\Phi\Phi^{\top}+I)^{-1}\Phi\), which in matrix form is \(\Delta\mapsto\Delta(I+HH^{\top})^{-1}\). The released code (nullspace_merge_qkvo_ffn.py) uses a ridge of \(10^{-4}\) solved by conjugate gradient, on positions within 5 tokens after <think> and before </think>. It also relaxes the constraint set: Q and K are constrained through linearised attention logits between each marker and its neighbours, and V, O and the three FFN matrices through projections of the output change onto two random unit readout directions per position. The full \(\Delta h=0\) is not imposed. Stage 2 builds a diagonal quadratic model of an attention proxy (alignment minus \(\rho=10\) times leakage), with coefficients \(g\) and \(\tilde H\) measured at \(\alpha=\mathbf 1\). After dropping the \(\alpha_{(0)}\) offset, its maximiser is \(\mathrm{clip}_{[0,1]}(g/\tilde H)\), not the Newton step \(\mathbf 1+g/\tilde H\). This gives per-head scalings. The result is a block-wise rescaling of a projected task vector: the same algebraic class as task arithmetic with per-module coefficients.",yes,The output is one static weight set \(\theta_\star\) with the reasoning model's architecture. Projectors and calibration statistics are used only offline.,"Not an adapter. With \(\lambda=0\) (or all \(\alpha=0\)) the result is the reasoning model \(\theta_R\). Stage 2 expands around \(\alpha=\mathbf 1\), the plain projected merge.","The goal is to add instruction following to a reasoning model by task arithmetic without breaking its <think>...</think> format. The instruction task vector is first projected onto the null space of the reasoning model's module inputs at the thinking-marker tokens, so those positions compute exactly as before. It is then rescaled per attention head by a closed-form score that rewards attention from instruction-constrained output tokens to the instruction span and penalises leakage.","Merging Qwen2.5-7B-Instruct into DeepSeek-R1-Distill-Qwen-7B, RAIN-Merging outperforms all merging baselines (Task Arithmetic, SLERP, Karcher, TIES, DARE, ACM, LEWIS, AIM) and SFT on the same calibration data on instruction-following, mathematical-reasoning and general-capability benchmarks, while trailing the instruction model slightly on instruction following.",False,method,P,Lin,"RAIN-Merging is task arithmetic across bases with a null-space constraint: Stage 1 makes the added vector vanish on the thinking-marker activations, so the merged modules compute exactly as \(\theta_R\) there, and Stage 2 is a closed-form per-head reweighting. The family is still a line through \(\theta_R\) along one projected, block-rescaled vector, so the content is in the choice of vector, not in the family.",huang2025rain,P,Lin,regular,none,GLxCO,M1,idempotent
smartfed-more,SmartFed (MoRE + EEQA),SmartFed: Mixture of Rank-Wise Experts (MoRE) with Elastic Expert Quota Allocation (EEQA) for reusing existing LoRAs in federated fine-tuning,Elastic Mixture of Rank-Wise Experts for Knowledge Reuse in Federated Fine-Tuning,Wu et al.,2025,ICML 2026 (spotlight),2512.00902,https://arxiv.org/abs/2512.00902,,False,,composition-or-routing,"\{(B_n,A_n)\}_{n=1}^{N}\ \text{retrieved pre-trained LoRAs (frozen)},\ \ E_m(x)=b_m a_m^{\top}x,\ \ b_m=(B_n)_{:,i}\in\mathbb{R}^{d_{out}},\ a_m^{\top}=(A_n)_{i,:}\in\mathbb{R}^{1\times d_{in}},\ \ m=1,\dots,M,\ M=\sum_n r_n;\ \ g=\mathrm{softmax}(W_{\text{router}}x),\ W_{\text{router}}\in\mathbb{R}^{M\times d_{in}};\ \ \tilde g=g\odot\mathbf m,\ \mathbf m=\mathrm{TopK}_{q_j}(g)\in\{0,1\}^{M};\ \ h=W_0x+\sum_{m=1}^{M}\tilde g_m\,b_m a_m^{\top}x;\ \ s_{E_m}=1-\cos(x,E_m(x)),\ S^{\text{Sum}}_j=\sum_m\tilde g_m s_{E_m},\ \alpha_j=\mathrm{softmax}_j(S^{\text{Sum}}_j),\ q_j=\mathrm{EEQA}\big(\alpha;\ \textstyle\sum_j q_j=KJ,\ q_j\le M\big);\ \ \text{frozen: } W_0 \text{ and every LoRA expert};\ \text{trained (federated, FedAvg): the routers } W_{\text{router}}","M\,d_{in}=\big(\textstyle\sum_n r_n\big)d_{in}\ \text{per adapted matrix (router only)};\ 64\,d_{in}\ \text{in the paper's setting (two rank-32 LoRAs on } W_q,W_v)","Query and value projections of every attention layer, where the reused LoRAs sit, in LLaMA2-7B/13B and Qwen2-7B; one router per adapted matrix","A library of frozen LoRAs is split into a pool of rank-one experts \(\{b_ma_m^{\top}\}_{m=1}^{M}\) per matrix and recombined per token by a softmax router with top-\(q_j\) sparsification: \(\Delta W(x)=\sum_m\tilde g_m(x)\,b_ma_m^{\top}=\widehat B\,\mathrm{diag}(\tilde g(x))\,\widehat A\), with \(\widehat B=[B_1|\cdots|B_N]\in\mathbb{R}^{d_{out}\times M}\) and \(\widehat A=[A_1;\cdots;A_N]\in\mathbb{R}^{M\times d_{in}}\). This is an input-dependent diagonal core in the concatenated LoRA basis. It avoids the cross terms \(B_1A_2,\ B_2A_1\) that factor averaging creates (the paper's Eq. 5), and it is finer than MoLE's one gate per LoRA. The kept gates are not renormalised after top-\(K\) masking. EEQA redistributes a fixed total budget \(KJ\) of active experts over the \(J\) adapted matrices, in proportion to softmax-normalised importance (gate-weighted cosine deviation between a matrix's input and its experts' outputs), capped at \(M\) per matrix and topped up greedily. Only router weights and importance scores travel between devices and server.",no,"The gates \(\tilde g(x)\) depend on each token through a softmax and a top-\(K\) mask, so \(\Delta W(x)\) changes per token and cannot be folded into \(W_0\). The full expert pool must be kept. Fixing the gates to constants \(c\) would give a static merge \(\widehat B\,\mathrm{diag}(c)\,\widehat A\), but that is not what is trained.","No. The experts are pre-trained nonzero LoRAs, so at initialisation the model already applies a gated mixture of their rank-one components; it is not the bare base model.","Instead of training LoRA from scratch on each device, SmartFed reuses existing task LoRAs. Each LoRA is split into its rank-one components, and a federated-trained router sparsely mixes them per token. A budget allocator gives more active experts to the matrices whose experts change representations most.","Across three skill-composition tasks on LLaMA2-7B/13B and Qwen2-7B, SmartFed reports up to 10.21% higher average performance, 3.95x faster convergence, 31.47x lower communication cost and 3.61x lower energy use than existing federated and LoRA-reuse methods.",False,method,F_T,Fun,"MoRE is MoLE moved down from whole LoRAs to their rank-one atoms: per token it is a point of LoRA\(_M\) with frozen concatenated factors and a routed diagonal core, which avoids the cross terms of factor averaging. Splitting a LoRA into atoms is not a function of its product \(BA\), so the expert pool, and hence the method, depends on the representative in which each library LoRA was stored.",wu2025elastic,F_T,Fun,unpointed,none,GLxGL,Minf,
rotmole,RotMoLE,RotMoLE: Rotatable Mixture of Low-rank Experts (MoE-LoRA with a rotation gate),RotMoLE: Enhancing Mixture of Low-Rank Experts through Rotational Gating Mechanism,Sun et al.,2026,NeurIPS 2026 (poster),2605.25565,https://arxiv.org/abs/2605.25565,,False,,composition-or-routing,"h=W_0x+\sum_{i\in\mathrm{TopK}(g(x))}g_i(x)\,B_i\,R_i(x)\,A_i\,x,\quad g(x)=\mathrm{softmax}(W_gx),\ \ \theta(x)=2\pi\,\sigma(W_\theta x)-\pi\in(-\pi,\pi)^{n};\ \ r=2:\ R_i=\begin{pmatrix}\cos\theta_i&-\sin\theta_i\\ \sin\theta_i&\cos\theta_i\end{pmatrix};\ \ r>2:\ e_{1,i}=\frac{A_ix}{\|A_ix\|},\ e_{2,i}=\frac{q_i-(q_i^{\top}e_{1,i})e_{1,i}}{\|q_i-(q_i^{\top}e_{1,i})e_{1,i}\|},\ R_i=[e_{1,i}\ e_{2,i}]\begin{pmatrix}\cos\theta_i&-\sin\theta_i\\ \sin\theta_i&\cos\theta_i\end{pmatrix}[e_{1,i}\ e_{2,i}]^{\top},\ \text{so } R_iA_ix=\cos\theta_i\,A_ix+\sin\theta_i\,\|A_ix\|\,e_{2,i};\ \ B_i\in\mathbb{R}^{d_{out}\times r},\ A_i\in\mathbb{R}^{r\times d_{in}},\ W_g,W_\theta\in\mathbb{R}^{n\times d_{in}},\ q_i\in\mathbb{R}^{r};\ \text{frozen: } W_0;\ \text{trained: } \{A_i,B_i,q_i\}_{i=1}^{n},\ W_g,\ W_\theta","n\,r(d_{in}+d_{out})+2n\,d_{in}+n\,r\ \text{per adapted matrix } (n \text{ experts, scaling gate } W_g,\ \text{rotation gate } W_\theta,\ \text{centres } q_i;\ \text{the } nr \text{ term is absent when } r=2);\ \text{overhead over a plain MoE-LoRA: } n\,d_{in}\,(+\,n\,r)","The query, key, value and output projections of only the first quarter of the layers (layers 0-6 of the 28-layer Llama-3.2-3B, 0-8 of the 36-layer Qwen-2.5-3B, 0-9 of the 40-layer GLM-4-9B); experiments use \(r\in\{2,3,4,6\}\), \(n\in\{2,3,4,5\}\) experts and top-\(k\) with \(k\in\{2,3\}\), trained with SGD (learning rate \(3\times10^{-4}\), linear decay)","Per-token mixture of \(n\) LoRA experts in which the router returns, for each selected expert, a scale \(g_i(x)\) and a rotation \(R_i(x)\in SO(r)\) that acts in that expert's rank space, between \(A_i\) and \(B_i\). For \(r>2\) the rotation is a single planar (Givens-type) rotation by \(\theta_i(x)\) in \(\mathrm{span}(A_ix,q_i)\). It turns the code \(A_ix\) towards or away from a learned per-expert centre \(q_i\) and preserves \(\|A_ix\|\). The printed \(R_i=[e_1\,e_2]\,\mathrm{Rot}(\theta_i)\,[e_1\,e_2]^{\top}\) is a rank-2 matrix. Because \(A_ix\) lies in that plane, it acts on \(A_ix\) exactly like the full rotation \(I_r+(\cos\theta_i-1)(e_1e_1^{\top}+e_2e_2^{\top})+\sin\theta_i(e_2e_1^{\top}-e_1e_2^{\top})\). Gauge reading (derived here): a constant \(R\) placed between \(B\) and \(A\) would be absorbed by the LoRA gauge, \((B,A)\mapsto(BR,A)\), and add nothing. RotMoLE's \(R_i\) depends on \(x\), both through \(\theta_i(x)\) and through the plane, which contains \(A_ix\). The expert map \(x\mapsto B_iR_i(x)A_ix\) is therefore a nonlinear, norm-preserving reshaping of each expert's code, and it enlarges the function class. The construction uses the Euclidean norm and Gram-Schmidt in rank space. Each expert is therefore invariant under \((B_i,A_i,q_i)\mapsto(cB_iO,\,c^{-1}O^{\top}A_i,\,O^{\top}q_i)\) for \(O\in O(r)\) and \(c>0\), with \(R_i\mapsto O^{\top}R_iO\) (the unit vector \(e_1\) does not see the scale \(c\)), but not under a general \(G\in GL(r)\): the residual gauge group of each expert shrinks from \(GL(r)\) to the similarity group \(\mathbb{R}_{>0}\times O(r)\). For \(r=2\) the fixed-basis rotation commutes with \(\mathbb{R}_{>0}\times SO(2)\); a reflection additionally needs \(W_\theta\mapsto-W_\theta\). Top-\(k\) selection uses only \(g\). The paper does not treat the degenerate case \(q_i\parallel A_ix\).",no,"The scales \(g_i(x)\), the angles \(\theta_i(x)\) and the plane \(\mathrm{span}(A_ix,q_i)\) all depend on the token. \(\sum_i g_iB_iR_i(x)A_i\) is therefore not a fixed matrix and cannot be folded into \(W_0\).","Yes. \(B_i=0\) (the LoRA convention, stated in Appendix B) gives \(\Delta W x=0\). \(W_\theta=0\) gives \(\theta_i=0\), so \(R_iA_ix=A_ix\) and the model starts as a conventional MoE-LoRA. The centres \(q_i\) are Kaiming-uniform initialised.","A scalar gate can only rescale an expert's output along a fixed direction. LoRA experts have an \(r\)-dimensional bottleneck, so an input-dependent rotation of the code \(A_ix\) costs only \(n\,d_{in}+n\,r\) extra parameters. Each selected expert can then also be turned, which lets a few shared experts serve several tasks differently.","On a jointly trained CSQA/OBQA/SIQA mixture with Qwen-2.5-3B (\(r=6\), \(n=4\), \(k=2\)), RotMoLE averages 45.82% accuracy, against 41.42 for AdaMoLE, 35.66 for MoLA and 34.57 for MoCLE; AdaMoLE is better on CSQA (49.39 vs 43.00). Against the plain MoE-LoRA baseline on the QA mixture, RotMoLE has the higher average in all 8 configurations and the higher accuracy on every task in 7 of them (the exception is OBQA with Llama-3.2-3B, \(r=3\), \(n=4\), \(k=2\)). On the SST-2/MRPC/QNLI mixture the gains are small (75.87 to 76.03 and 73.19 to 73.42 average).",False,method,F_T,Fun,"RotMoLE gives each routed LoRA expert an input-dependent rotation inside its rank space. A constant rotation there would be absorbed by LoRA's \(GL_r\) gauge and add nothing; a token-dependent one cannot be absorbed, and because it uses the Euclidean structure of the code space it cuts the residual gauge down to the similarity group.",sun2026rotmole,F_T,Fun,neutral,GL,GLxGL,Minf,
scalora,ScaLoRA,ScaLoRA: Optimally Scaled Low-Rank Adaptation (with the intermittent variant ScaLoRA-I),ScaLoRA: Optimally Scaled Low-Rank Adaptation for Efficient High-Rank Fine-Tuning,Zhang et al.,2025,ICML 2026 (poster),2510.23818,https://arxiv.org/abs/2510.23818,,False,,optimizer-or-training-procedure,"W_t=W_0^{(t)}+B_tA_t,\ B_t\in\mathbb{R}^{d_{out}\times r},\ A_t\in\mathbb{R}^{r\times d_{in}}\ (\text{paper: } \mathbf A=B,\ \mathbf B^{\top}=A);\ \text{every step (ScaLoRA) or every } I \text{ steps (ScaLoRA-I)}:\ \tilde B_t=B_t\,\mathrm{diag}(\alpha_t),\ \tilde A_t=\mathrm{diag}(\beta_t)\,A_t,\ \ W_0^{(t)}\leftarrow W_0^{(t)}+B_tA_t-\tilde B_t\tilde A_t\ (\text{merge and freeze; } W_t \text{ unchanged}),\ \ (B_{t+1},A_{t+1})=\mathrm{AdamW}(\tilde B_t,\tilde A_t)\ \text{with moments carried over as } m(\nabla_{\tilde B})=m(\nabla_B)\mathrm{diag}(\beta_t),\ v(\nabla_{\tilde B})=v(\nabla_B)\mathrm{diag}(\beta_t)^{2},\ m(\nabla_{\tilde A})=\mathrm{diag}(\alpha_t)m(\nabla_A),\ v(\nabla_{\tilde A})=\mathrm{diag}(\alpha_t)^{2}v(\nabla_A);\ \ (\alpha_t,\beta_t)=\arg\min_{\alpha,\beta\in\mathbb{R}^{r}}\Big\|\tfrac{1}{L}G_t-\eta\,B_t\mathrm{diag}(\alpha)^{2}B_t^{\top}G_t-\eta\,G_tA_t^{\top}\mathrm{diag}(\beta)^{2}A_t\Big\|_F^{2},\ G_t=\nabla\ell(W_t);\ \text{if } \big[(S_{out}^{\top}S_{out})\odot(S_{in}^{\top}S_{in})\big]v=\lambda,\ S_{out}=[B_t,\ G_tA_t^{\top}],\ S_{in}=[G_t^{\top}B_t,\ A_t^{\top}],\ \lambda=\big[\|(B_t^{\top}G_t)_{i,:}\|^{2};\ \|(A_tG_t^{\top})_{i,:}\|^{2}\big]_{i=1}^{r},\ \text{has a solution } v\ge0:\ [\alpha_t;\beta_t]=\pm(L\eta)^{-1/2}v^{\circ1/2},\ \text{else the closed-form scalar scaling } (\alpha_t\mathbf 1,\beta_t\mathbf 1);\ \text{frozen between re-splits: } W_0^{(t)};\ \text{trained: } B,A;\ L \text{ (Lipschitz constant) is a tuned hyperparameter}","r(d_{in}+d_{out})\ \text{per adapted matrix, as in LoRA, with AdamW moments for the factors only. The base matrix is rewritten at every re-split, so the deliverable is the dense merged } W_T \text{, not a detachable adapter}","LoRA on the query, key and value projections, output.dense and intermediate.dense of DeBERTaV3-base (GLUE, \(r=4\), scaling 8, AdaLoRA protocol); on the q, k, v, up and down projections of LLaMA2-7B and LLaMA3-8B (commonsense reasoning, \(r=8\), scaling 16, setup of Lion et al. 2025) and of Gemma-3-12B-pt (MetaMathQA, \(r=8\)). ScaLoRA-I uses \(I=10\) in the commonsense runs","Rebasing inside a single LoRA run. Before each step the current product is re-split as \(W_t=\tilde W_0^{(t)}+\tilde B_t\tilde A_t\) with column- and row-scaled factors. The difference \(B_t\,\mathrm{diag}(\mathbf 1-\alpha_t\circ\beta_t)\,A_t\) is merged into the frozen weight. The summed increments therefore no longer telescope to \(B_TA_T\), and \(W_T-W_0\) can reach high rank: average rank 54 at \(r=4\) on RTE, and 1,347 to 3,703 singular values above 0.005 at \(r=8\) on LLaMA2-7B across the eight commonsense tasks (ScaLoRA-I falls to 20 on ARC-e and ARC-c). Gauge reading (derived here): where \(\alpha\circ\beta>0\), write \(\alpha=c\circ s\) and \(\beta=c^{-1}\circ s\) elementwise. The move is then a diagonal (maximal-torus) gauge transformation \((B,A)\mapsto(B\,\mathrm{diag}(c),\mathrm{diag}(c)^{-1}A)\), which leaves \(W\) fixed but changes the next step because LoRA's gradient descent is not gauge-invariant. It is followed by a per-direction rescaling \(\mathrm{diag}(s^{\circ2})\) of the adapter, whose complement is merged. Only diagonal scalings are used, because they are the transformations under which Adam's moment estimates transform in closed form (Lemmas 3.3 and 3.6); a full-matrix or row-wise transform is intractable. The unrestricted optimum of the same surrogate (Theorem 3.2) takes \(\tilde B\) and \(\tilde A^{\top}\) from \(2r\) top singular vectors of \(G_t\), split into two sets of \(r\), each up to an \(O(r)\) factor. LoRA-GA's initialisation is the \(t=0\), identity-rotation case. In the paper's printed Theorem 3.7, the second block matrix lists \(\mathbf B_t\) before \(\mathbf A_t^{\top}\nabla\ell\) and needs a transpose. The pairing given in formula_latex, \(S_{in}=[G^{\top}B,\ A^{\top}]\), is the one consistent with the stated \(\lambda\) and objective (re-derived here). The paper's 'fixed subspace' remark is the telescoping identity \(\sum_t\Delta W_t=B_TA_T\), i.e. a rank-\(r\) bound on vanilla LoRA's cumulative update.",yes,"The adapter is merged into the base at every re-split, and the final model is the dense \(W_T\). Because \(W_0^{(t)}\) itself changes, \(W_T-W_0\) is high-rank and cannot be shipped as a rank-\(r\) adapter. The paper states this as a limitation: ScaLoRA stores the entire merged matrix.","Yes. Standard LoRA initialisation has one zero factor; the paper puts the Gaussian on the \(d_{out}\times r\) factor and zeros on the \(d_{in}\) side. This gives \(W_0^{(0)}+B_0A_0=W_0\), and every later re-split preserves \(W_t\) exactly.","Vanilla LoRA's increments telescope, \(\sum_t\Delta W_t=B_TA_T\), so the cumulative update never exceeds rank \(r\). ScaLoRA merges and re-factors at every step and rescales Adam's moments to match, so it accumulates a high-rank update with no restarts. The column scaling of the current factors is chosen in closed form to minimise a smoothness upper bound on the next loss, which is the same as best matching the full fine-tuning step \(-G_t/L\).","With \(r=8\), ScaLoRA-I averages 74.75 on eight commonsense tasks with LLaMA2-7B and ScaLoRA averages 77.85 with LLaMA3-8B. Both are above LoRA (73.63/76.83), ReLoRA, LoRA-GA, MoRA and HiRA, and above rank-32 LoRA (74.52/77.54). On GLUE with DeBERTaV3-base (\(r=4\)) ScaLoRA averages 88.98 against 88.13 for LoRA. On LLaMA3-8B it needs about 0.01 GB more memory than LoRA (MoRA 1.08 GB, HiRA 7.83 GB), but ScaLoRA, like MoRA and HiRA, takes 50% or more extra fine-tuning time; ScaLoRA-I is close to LoRA.",False,method,B,Cone*,"ScaLoRA is ReLoRA without restarts: every step is a merge-and-restart, but the restart lands at a rescaled copy of the current factors, a split smooth point, instead of the apex, and the optimizer state is transported instead of reset. Its one degree of freedom per re-split is a diagonal rescaling, the largest family under which Adam's moments transform in closed form, chosen to best match a full fine-tuning step.",zhang2025scalora,B,Cone*,regular,GL,GLxGL,M1,schedule
lora-s,"LoRA-S (AdamS, LRACS)",LoRA-S: Sylvester-equation horizontal-lift scheme for LoRA optimizers (Adam-Sylvester and LRACS),LoRA-S: An Efficient Low Rank Adaptation scheme via Sylvester equation,Zheng et al.,2025,ICLR 2026 (poster),,https://openreview.net/forum?id=Guo2XGgxZA,,False,,optimizer-or-training-procedure,"W=W_0+BA,\ B\in\mathbb{R}_*^{d_{out}\times r},\ A\in\mathbb{R}_*^{r\times d_{in}}\ (\text{paper: } M=B,\ N=A^{\top},\ X=MN^{\top});\ G_t=\nabla_W\mathcal L;\ \text{matrix-space direction } \dot X_t=-\eta\,\tilde X_t:\ \text{AdamS: } m_t=\beta_1m_{t-1}+(1-\beta_1)G_t,\ v_t=\beta_2v_{t-1}+(1-\beta_2)G_t^{\odot2},\ \tilde X_t=m_t/\sqrt{v_t};\ \text{LRACS: } \tilde X_t=\mathrm{Diag}(m_q^{t})^{-1/2}\,G_t\,\mathrm{Diag}(m_s^{t})^{-1/2}\ (\text{row and column statistics, as in RACS});\ \text{Sylvester: } (B^{\top}B)(AA^{\top})K_t+K_t(B^{\top}B)(AA^{\top})=B^{\top}\dot X_tA^{\top};\ \text{lift: } \dot B=(\dot X_tA^{\top}-BAA^{\top}K_t)(AA^{\top})^{-1},\ \ \dot A=(B^{\top}B)^{-1}(B^{\top}\dot X_t-K_tB^{\top}BA);\ \ (B,A)\leftarrow(B+\dot B,\ A+\dot A);\ \text{frozen: } W_0;\ \text{trained: } B,A\ (\text{no weight decay})",r(d_{in}+d_{out})\ \text{per adapted matrix (plain LoRA factors). Optimizer state: } O(d_{out}d_{in}) \text{ matrix-space Adam moments for AdamS (the poster mentions a low-memory variant) and } O(d_{out}+d_{in}+1) \text{ for LRACS},"LoRA-adapted weights of transformer-based models. The poster reports Mix-of-Show image generation with LoRA ranks \(r=4,8,16\) and GPT-2 medium on E2E NLG (\(r=4\)); the poster does not name the base diffusion model.","Optimizer for plain LoRA factors, built on the quotient \((\mathbb R_*^{d_{out}\times r}\times\mathbb R_*^{r\times d_{in}})/GL(r)\cong\mathcal M_r\). The base optimizer (Adam or RACS) preconditions the full-matrix gradient in matrix space. An \(r\times r\) Sylvester equation and a horizontal lift then map the resulting direction \(\dot X\) to factor updates. Derived here from the poster's formulas: \(\dot BA+B\dot A=P_B\dot X+\dot XP_A-P_B\dot XP_A\), with \(P_B=B(B^{\top}B)^{-1}B^{\top}\) and \(P_A=A^{\top}(AA^{\top})^{-1}A\). So the first-order change of \(W\) is the orthogonal projection of \(\dot X\) onto the tangent space \(T_{BA}\mathcal M_r\). The Sylvester matrix \(K\) is exactly what removes the double-counted term \(P_B\dot XP_A\), which the \(K=0\) lift contains; that lift is scaled GD, i.e. Riemannian-preconditioned LoRA. Setting \(K=\epsilon I\) instead turns the \(K\) terms into \(-\epsilon B\) and \(-\epsilon A\), i.e. decoupled weight decay on both factors. This is the paper's reading of weight decay as a crude approximation of \(K\), and the reason it removes the decay hyperparameter. The update is equivariant under \((B,A)\mapsto(BR,R^{-1}A)\), with \(K\mapsto R^{\top}KR^{-\top}\), so the induced \(W\) update depends only on \(BA\). This is the poster's Theorem 1: transformation invariance plus the paper's 'efficient feature learning' condition. Each step costs \(\Omega(d_{out}d_{in}r)+O(r^{3}+(d_{out}+d_{in})r^{2})\).",yes,Only the optimizer changes. The trained adapter is a standard \(BA\) that folds into \(W_0\).,"Not specified in the material available. The lift needs \((AA^{\top})^{-1}\) and \((B^{\top}B)^{-1}\), i.e. full-rank factors in \(\mathbb R_*\), so LoRA's usual \(B=0\) start lies outside its domain. The paper presumably uses a nonzero or damped start, which the poster does not show.","Precondition in matrix space, then lift. Any matrix-space optimizer becomes a gauge-invariant LoRA optimizer once its direction is lifted to the factors through the quotient geometry, with an \(r\times r\) Sylvester solve fixing the correction term. The \(\epsilon I\) weight-decay term of factor optimizers is reinterpreted as a crude approximation of that Sylvester matrix and dropped.","According to the official ICLR poster, with rank-4 LoRA on GPT-2 medium (E2E NLG) LRACS reaches BLEU 70.4, against 69.3 for LoRA-RITE and 68.6 for AdamW. On Mix-of-Show image customisation, AdamS at rank 16 reaches CLIP 32.64 / FID 46.32, against 31.90 / 55.68 for LoRA-RITE.",False,method,R-additive,Cone,"LoRA-S is LoRA with a descending optimizer: any matrix-space preconditioner, followed by the orthogonal projection onto the fixed-rank tangent space and a horizontal lift. A zero Sylvester matrix gives scaled GD (Riemannian-preconditioned LoRA) and \(K=\epsilon I\) gives decoupled weight decay on both factors; as an object it is LoRA.",zheng2025lora,R,Cone,apex,GL,GLxGL,M1,span
diablo,DiaBlo,DiaBlo: fine-tuning only the diagonal blocks of weight matrices,DiaBlo: Diagonal Blocks Are Sufficient For Finetuning,Gurses et al.,2025,ICLR 2026 (poster),2506.03230,https://arxiv.org/abs/2506.03230,https://github.com/ziyangjoy/DiaBlo,False,,selective,"h=(W_0+D)\,x,\quad D=\mathrm{blockdiag}(D_1,\dots,D_N)=\bigoplus_{i=1}^{N}D_i,\ \ D_i\in\mathbb{R}^{\frac{d_{out}}{N}\times\frac{d_{in}}{N}};\ \ (Dx)_i=D_ix_i\ (\text{one batched matmul over the } N \text{ input and output slices});\ \ \nabla_{D_i}\mathcal L=\big(\nabla_W\mathcal L\big)_{ii};\ \ D=0 \text{ at init};\ \text{frozen: } W_0 \text{ (in particular every off-diagonal block)};\ \text{trained: } D_1,\dots,D_N","\frac{d_{in}d_{out}}{N}\ \text{per adapted matrix (typically } N\in\{32,64,128\}\text{; } N=64 \text{ is about 1.04\% of Llama2-7B with } q,k,v,\mathrm{up},\mathrm{down}\text{ adapted)}","Linear projections of the LLM: q, k, v, up and down (FP16 commonsense and MetaMathQA runs), or q, k, v, o, gate, up and down (BF16 commonsense, code, safety, MT-Bench and, according to Appendix A.4.5, the quantized runs), on Llama2-7B/13B, Llama3-8B, LLaMA-13B, Mistral-7B and Llama-3.2-3B (block-count ablation); all linear layers except embeddings and the LM head for T5-base (GLUE). Table 4's 70M trainable parameters for Llama2-7B at \(N=64\) match q, k, v, up and down rather than all seven projections, so the paper is internally inconsistent about the quantized runs' modules","A fixed block-diagonal sparsity pattern on \(\Delta W\): \(N\) independent dense blocks on the diagonal. Block \(i\) maps the \(i\)-th slice of \(d_{in}/N\) input coordinates to the \(i\)-th slice of \(d_{out}/N\) output coordinates, so \(\mathrm{rank}(\Delta W)\) can reach \(\min(d_{in},d_{out})\) with \(d_{in}d_{out}/N\) parameters. The update set is a linear subspace, not a product manifold. There is therefore no \(GL(r)\) gauge, the loss restricted to it is the original loss (convex in \(D\) whenever it is convex in \(W\)), and Adam on \(D\) is Adam on the masked entries of \(W\). With decoupled weight decay (the quantized runs use decay 1.0) AdamW shrinks \(D\), i.e. pulls \(W_{ii}\) towards \(W_{0,ii}\) rather than towards 0. The block structure is tied to the coordinate basis of the hidden units: it is not invariant to permuting or rotating them. Relative to neighbouring shapes, factoring each block at rank \(r/N\) gives MELoRA, a full \(N\times N\) grid of low-rank blocks gives GraLoRA, and choosing the blocks by gradient magnitude gives SMT. Linear least squares (Theorem 1): if the inputs \(X\) are generic of rank \(r\) and \(N\le d_{in}/r\), every DiaBlo minimiser is a full fine-tuning minimiser. This uses \(d_{in}d_{out}/N\ge d_{out}r\) parameters, against LoRA's \((d_{in}+d_{out})r\). Nonlinear case (Theorem 2): if \(X\) and \(g_Y\) are generic of ranks \(r_1\) and \(r_2\) and \(N\ge\lceil r_1N/d_{in}\rceil\lceil r_2N/d_{out}\rceil\), DiaBlo's stationary points are stationary for full fine-tuning. Sizes that \(N\) does not divide use blocks of \(\lceil d/N\rceil\) with zero padding.",yes,"\(D\) is a \(d_{out}\times d_{in}\) block-diagonal matrix added to \(W_0\). It can be folded in, or stored compactly as an \(N\times\frac{d_{out}}{N}\times\frac{d_{in}}{N}\) tensor. On a quantized base (the GPTQ-DiaBlo and MagR-DiaBlo runs), merging needs re-quantization.","Yes. \(D=0\), and since there is no product the gradient \(\nabla_{D_i}\mathcal L=(\nabla_W\mathcal L)_{ii}\) is nonzero from the first step. There is no LoRA-style zero-factor stall and no special initialisation.","Update a structured subset of the weights directly instead of a low-rank product. Training only the diagonal blocks keeps LoRA-like memory and speed, since the forward pass is one batched matmul. It removes the bilinear factorisation's sensitivity to initialisation and optimizer. Under low-rank activations and gradients it provably reaches full fine-tuning minimisers in the linear case, and full fine-tuning stationary points in general.","On commonsense reasoning DiaBlo reaches an 87.3 average with Llama3-8B (\(N=64\)), against 85.2 for DoRA \(r=32\) and 80.8 for LoRA \(r=32\). The paper lists this run as 1.04% of parameters, but q, k, v, up and down blocks at \(N=64\) come to about 0.89% of Llama3-8B by our count. On MetaMathQA with Llama2-7B (\(N=32\), 2.09%) it averages 43.4 on GSM8K/MATH, against 43.2 for full fine-tuning. Training speed matches LoRA \(r=32\): 170 minutes per epoch on Commonsense-170k, against 480 for DoRA.",False,method,R-selective,Lin,"DiaBlo is a fixed-mask selective method whose mask is block-diagonal: the linear shape between MELoRA (each block factored at rank \(r/N\)) and full fine-tuning. Linearity is the point: it has no gauge and no apex, so the zero-factor stall and initialisation sensitivity of bilinear adapters do not arise, at the price of an imposed coordinate partition.",gurses2025diablo,R,Lin,regular,none,Pi,M1,idempotent
qzo,QZO,QZO: Quantized Zeroth-order Optimization (Q-SPSA with directional-derivative clipping),Fine-tuning Quantized Neural Networks with Zeroth-order Optimization,Shang et al.,2025,ICLR 2026 (poster),2505.13430,https://arxiv.org/abs/2505.13430,https://github.com/maifoundations/QZO,False,,hybrid,"\hat W=\Delta\odot\overline W,\ \ \overline W\ \text{frozen low-bit codes (GPTQ int4 with group size } g=128\text{, or AQLM 2-bit codebooks)},\ \ \Delta=S\otimes\mathbf 1_{1\times g},\ S\in\mathbb{R}_{\ge0}^{d_{out}\times d_{in}/g}\ (\text{channel-wise } S\in\mathbb{R}^{d_{out}} \text{ for AQLM});\ \ d=\frac{\mathcal L((\Delta+\epsilon z)\odot\overline W;\mathcal B)-\mathcal L((\Delta-\epsilon z)\odot\overline W;\mathcal B)}{2\epsilon},\ z\sim\mathcal N(0,I)\ \text{on the scale entries, regenerated from a seed};\ \ d'=\mathrm{clip}(d,-C,C);\ \ S\leftarrow\max(S-\eta\,d'z,\ 0);\ \text{frozen: the integer codes};\ \text{trained: the quantization scales (in the AQLM runs, non-quantized parameters are also updated by plain SPSA)};\ \text{no backward pass and no optimizer state}","\frac{d_{out}d_{in}}{g}\ \text{scales per quantized matrix } (g=128;\ 5.03\times10^{7}\ \text{for OPT-6.7B, about } 0.76\%);\ d_{out}\ \text{for channel-wise AQLM scales};\ \text{optimizer memory } O(1) \text{ (a seed and a scalar)}","Quantization scales of all quantized linear layers: GPTQ 4-bit (group size 128) OPT-6.7B, Llama-2-7B and Llama-3.1-8B; AQLM 2-bit (one 16-bit codebook) Llama-2-13B, with channel-wise scales plus the non-quantized parts trained by plain SPSA; the NF4-quantized (bitsandbytes) DiT of Stable Diffusion 3.5 Large","PEQA-type parametrisation trained with MeZO-style SPSA. The parametrisation is a group-wise multiplicative rescaling of frozen integer codes, \(\hat W=(S\otimes\mathbf 1_{1\times g})\odot\overline W\); per channel it is the left diagonal action \(\hat W=\mathrm{diag}(s)\,\overline W\). The gradient estimate is a rank-one random projection \(zz^{\top}\nabla_S\mathcal L\) of the scale gradient, computed from two forward passes of the quantized model. Weights are never de-quantized or re-quantized, and activations are not stored. Directional-derivative clipping caps the scalar \(d\) at \(C\) (100 in the paper), and the projection \(\max(\cdot,0)\) keeps the scales non-negative. Every code stays fixed, so the reachable set is \(\{(S\otimes\mathbf 1)\odot\overline W\}\), of dimension \(d_{out}d_{in}/g\). The paper's Theorem 1 states that the clipped estimate is unbiased. Its proof (Appendix A) passes from the clipped to the unclipped sum with only the remark that the two agree as \(\epsilon\to0\), which ignores that the clipping event depends on \(z\). In general a clipped SPSA estimate is biased. In the idealised case of a fixed batch, \(\epsilon\to0\) and Gaussian \(z\), \(\mathbb E[\mathrm{clip}(d)\,z]=c\,\nabla_S\mathcal L\) with \(c\in(0,1]\), a shrinkage along the true gradient (derived here). The second-moment bound \(\mathbb E\|d'z\|^{2}\le\mathbb E\|dz\|^{2}\) holds unconditionally. The paper's per-coordinate variance inequality is derived through Theorem 1 and is therefore not established in general.",yes,The trained parameters are the quantization scales themselves. The result is an ordinary GPTQ or AQLM model with the same codes and inference kernels.,"No adapter is added. Training starts from the post-training-quantized model, whose GPTQ/AQLM scales approximate but do not equal \(W_0\).","Zeroth-order training removes gradients and optimizer states, and quantization shrinks the weights. The two meet in the continuous quantization scales, which SPSA can perturb and update while the discrete codes stay fixed. Clipping the directional derivative keeps the noisy estimate stable.","On 4-bit GPTQ Llama-2-7B, QZO needs 5.0 GB, against 14.8 GB for 16-bit MeZO and 26.0 GB for 16-bit SGD fine-tuning, and beats MeZO on four of five tasks (for example SST-2 90.0 vs 83.5). On OPT-6.7B it trails MeZO on most tasks.",False,method,R-action,Lin,"QZO is PEQA's object, with EfficientQAT's group-wise scales, trained by MeZO's estimator: the continuous part of a quantised model is exactly the part a zeroth-order method can perturb without leaving the grid. The clipping belongs to the trained-method data; it biases the estimate towards a shrinkage along the gradient rather than leaving it unbiased.",shang2025fine,R,Lin,defect,none,Pi,M1,idempotent
perk,PERK,PERK: Parameter Efficient Reasoning over Knowledge (meta-learned test-time LoRA memory),PERK: Long-Context Reasoning as Parameter-Efficient Test-Time Learning,Chen et al.,2025,ICLR 2026 (poster),2507.06415,https://arxiv.org/abs/2507.06415,https://github.com/eric11eca/perk,False,,optimizer-or-training-procedure,"\phi^{(0)}=\theta_{\mathrm{adapter}}=\{(B_l,A_l)\},\ \ \phi^{(n+1)}=\mathrm{AdamW}_{\alpha_{l,n}}\big(\phi^{(n)},\ \nabla_{\phi}\mathcal L^{\psi}_{\mathrm{NLL}}(\phi^{(n)};\mathcal K)\big),\ n=0,\dots,N-1\ (N=4,\ \text{differentiable AdamW}),\ \ \mathcal L^{\psi}_{\mathrm{NLL}}(\phi;\mathcal K)=-\sum_{c\in\mathrm{chunks}(\mathcal K)}\sum_{t}w_\psi(c)_t\,\log p_{W_0,\phi}(c_t\mid c_{<t})\ (\approx256\text{-token chunks processed as one batch; } w_\psi \text{ a two-layer MLP token weighter}),\ \ \text{answer } q \text{ with } h=(W_0+B^{(N)}A^{(N)})x\ \text{and no context in the prompt};\ \ \min_{\theta_{\mathrm{adapter}},\{\alpha_{l,n}\},\psi}\ \mathbb{E}_{(\mathcal K,q,y)}\,\mathcal L_{\mathrm{reason}}\big(W_0,\phi^{(N)}(\theta_{\mathrm{adapter}},\mathcal K);q,y\big),\ \ \nabla_{\theta_{\mathrm{adapter}}}\mathcal L_{\mathrm{reason}}\approx\frac{\partial\mathcal L_{\mathrm{reason}}}{\partial\phi^{(N)}}\prod_{n=N-T}^{N-1}J^{(n)},\ J^{(n)}=\frac{\partial\phi^{(n+1)}}{\partial\phi^{(n)}}\ (=I-\alpha H^{(n)}\text{ for plain GD}),\ \ T\in\{1,2\}\ (\text{truncated unrolling});\ \text{frozen: } W_0;\ \text{meta-trained: the LoRA initialisation, per-layer-per-step inner learning rates } \alpha_{l,n},\ \text{token weighter } \psi;\ \text{test-time trained: the LoRA, once per context}","r(d_{in}+d_{out})\ \text{per adapted matrix with } r=256\ (\text{rsLoRA}),\ \text{on all linear modules of every layer for models up to 1B and of the top 4 layers for 7B/8B models};\ \text{plus } L\times N \text{ meta-learned inner learning rates and a two-layer MLP token weighter. The same adapter is re-trained for every new context}","All linear modules (attention and MLP): every layer of GPT-2, Qwen-2.5-0.5B and LLaMA-3.2-1B; only the top 4 layers of Qwen-2.5-7B and LLaMA-3.1-8B","Bi-level, MAML-style meta-learning over a LoRA. The inner loop is test-time training of \(\Delta W=BA\) by \(N=4\) differentiable AdamW steps on the token-weighted NLL of the context. The context is chunked into a parallel batch, which decouples its length from the native window; chunk order is kept only through 'Document i:' tags in the text. The outer loop optimises the adapter's initial state \((B_0,A_0)\), the inner learning rates and the token-weighting network, so that the post-adaptation model answers questions without seeing the context. Meta-gradients are truncated to the last \(T\in\{1,2\}\) inner steps, so meta-training on 8K-token contexts fits on one GPU. The LoRA serves as a fast-weight memory: the context is written into parameters by gradient descent, not by a hypernetwork forward pass. Gauge remark (derived here): the inner loop is plain adaptive gradient descent on the factors, which is not invariant under \((B,A)\mapsto(BR,R^{-1}A)\). The outer loop therefore selects a particular representative of the initial adapter's orbit, and its conditioning decides what four inner steps can write. The learned object is that representative, not just the product \(B_0A_0\).",conditional,"After adaptation \(B^{(N)}A^{(N)}\) is an ordinary low-rank delta and could be folded into \(W_0\). It is specific to one context, however, and is regenerated by test-time training for each new one, so it is kept as a swappable module.","Not identity by design. Inference starts from the meta-learned adapter \(\theta_{\mathrm{adapter}}\), which is generally nonzero, so the model differs from the base even before test-time training. The base weights stay frozen, so dropping the adapter recovers the base model. The LoRA initialisation at the start of meta-training is not stated beyond 'default' PEFT settings.","Treat a LoRA as a fast-weight memory written by a few gradient steps on the context at test time. Meta-learn the adapter's starting point, step sizes and token weights, MAML-style with truncated unrolling to fit 8K-token contexts, so that the written adapter supports reasoning over long inputs rather than in-context retrieval.","Trained on 8K-token contexts, PERK beats standard long-context fine-tuning (FT-ICR) on HotpotQA/TriviaQA by about 20 absolute points at the 0.5B scale and 15 at 7B. On BabiLong, PERK (Qwen-2.5-7B) leads FT-ICR by 23 points on average when extrapolating to 32K tokens.",False,method,F_T,Cone,"PERK is a gradient-based amortiser: where Doc-to-LoRA or SHINE map a context to a LoRA by one hypernetwork pass, PERK maps it by four unrolled optimizer steps from a learned start. Because Adam sees only a finite shadow of the gauge, the meta-learned quantity includes a choice of factorisation, which is part of what the four steps can write.",chen2025perk,F_T,Cone,defect,GL,GLxGL,M1,
vapt,VAPT,Visual Adaptive Prompt Tuning,Revisit Visual Prompt Tuning: The Expressiveness of Prompt Experts,Le et al.,2025,ICLR 2026 (poster),2501.18936,https://arxiv.org/abs/2501.18936,https://github.com/Minhchuyentoancbn/VAPT,False,,input-or-activation-augmentation,"\tilde X^{(l)}=[x^{(l)}_1,\dots,x^{(l)}_N]^{\top}\in\mathbb{R}^{N\times d}\ \mapsto\ X^{(l)}_{\text{img}}\in\mathbb{R}^{H\times W\times d};\ \ X^{(l)}_{\text{conv}}=F^{(l)}*X^{(l)}_{\text{img}}\in\mathbb{R}^{H'\times W'\times d}\ \ (F^{(l)}\in\mathbb{R}^{K\times K}\text{ shared by all }d\text{ channels});\ \ G^{(l)}_j=\sum_{k=1}^{H'W'}\alpha^{(l)}_{j,k}\,x^{\text{conv},(l)}_k;\ \ p^{(l)}_j(\tilde X^{(l)})=W^{(2)}\sigma\big(W^{(1)}G^{(l)}_j\big),\ j=1,\dots,\ell;\ \ \tilde h_{m}=\mathrm{Attn}\Big(\begin{bmatrix}\tilde X^{(l)}\\P^{(l)}(\tilde X^{(l)})\end{bmatrix}W^{Q}_m,\begin{bmatrix}\tilde X^{(l)}\\P^{(l)}(\tilde X^{(l)})\end{bmatrix}W^{K}_m,\begin{bmatrix}\tilde X^{(l)}\\P^{(l)}(\tilde X^{(l)})\end{bmatrix}W^{V}_m\Big)\ \text{(prompt-position outputs discarded)};\ \ \text{frozen: all ViT weights};\ \text{trained: }\alpha^{(l)}\in\mathbb{R}^{\ell\times H'W'},\ F^{(l)},\ \text{a per-block LayerNorm},\ W^{(1)}\in\mathbb{R}^{r\times d},W^{(2)}\in\mathbb{R}^{d\times r}\ (\text{one feature projector shared by all blocks}),\ \text{head}","L\,\ell\,H'W'+L\,K^{2}+2rd\ \text{per model (token-wise projectors, channel-shared kernels, shared feature projector; paper Eq. (15)), plus per-block LayerNorm and the head; e.g. }0.36\%\text{ of ViT-B/16 on average over the 24 FGVC/VTAB tasks (VPT-Deep: }L\ell d\text{). Released code: block 1 keeps }\ell d\text{ static VPT prompts and each token-wise projector also has an }\ell\text{-vector bias}","input token sequence of every ViT block (VPT-Deep insertion point), with each block's prompts generated from that block's own patch tokens; paper: ViT-B/16 (supervised ImageNet-21K, MAE, MoCo v3), ViT-L/H, SETR-PUP on ADE20K, the CLIP ViT-B/32 image encoder","Input-conditioned deep prompts. At block \(l\) the \(N\) patch tokens are laid out as an \(H\times W\times d\) map, convolved with one \(K\times K\) kernel \(F^{(l)}\) reused across all \(d\) channels, and pooled by \(\ell\) learned token-wise weightings \(\alpha^{(l)}_{j,\cdot}\in\mathbb{R}^{H'W'}\). Each pooled vector \(G^{(l)}_j\) passes through a bottleneck MLP \(g(u)=W^{(2)}\sigma(W^{(1)}u)\) with \(r\ll d\) that is shared by all blocks. Because convolution and pooling are linear, \(G^{(l)}_j=W_jX\) for some \(W_j\in\mathbb{R}^{d\times Nd}\), so each prompt expert is \(f_{N+j}(X)=W_m^{V\top}W^{(2)}\sigma(W^{(1)}_jX)\) with \(W^{(1)}_j=W^{(1)}W_j\). It is therefore a one-hidden-layer function of the whole sequence, where VPT's expert \(W_m^{V\top}p_j\) is a constant. The prompts are re-generated at every block from \(\tilde X^{(l)}\), not from the first-layer input or a [CLS] query, and their attention outputs are dropped as in VPT-Deep. In the released code the first block keeps ordinary static VPT prompts (VPT_DEPTH=1). The token-wise projector also carries a bias and is zero-initialised, and the shared projector is residual, \(p=G+W^{(2)}\sigma(W^{(1)}G)\), a detail not in the paper's Eq. (12).",no,"The prompts are extra tokens that depend on the current input \(\tilde X^{(l)}\). They lengthen the attention sequence to \(N+\ell\) and cannot be folded into \(W^{Q},W^{K},W^{V}\). Inference keeps the generator, at most about 0.6% more FLOPs than VPT (0.08-0.59% on the five FGVC datasets, Appendix E.7).","No. In the released code the token-wise projectors (weight and bias) are zero-initialised and the shared projector is bias-free and residual, so the generated prompts start as zero vectors. A zero prompt token is not inert: the pre-norm ViT block maps it through LayerNorm to the LayerNorm bias, and the key and value projections (with their biases) then give it a non-zero key and value, so it still takes softmax mass from the real tokens. The first block also uses randomly initialised static prompts. The paper describes no zero-output mechanism.","In the attention-as-mixture-of-experts reading, VPT adds prompt experts \(W_m^{V\top}p_j\) that are constant in the input, while the pretrained experts \(W_m^{V\top}x_j\) are linear in it. VAPT makes each prompt a cheap nonlinear function of the current block's tokens (channel-shared convolution, then token pooling, then a shared bottleneck MLP). This uses fewer parameters than VPT because \(H'W'<d\), and least-squares prompt estimation reaches the optimal \(\mathcal{O}_P([\log n/n]^{1/2})\) rate for prompts fitted by a single atom (\([\log n/n]^{1/4}\) when several fitted atoms crowd one true prompt).","On ViT-B/16 pretrained on ImageNet-21K, VAPT reaches 72.91% mean VTAB-1K and 89.58% FGVC accuracy, 7.34 and 1.04 points above full fine-tuning, while tuning 0.36% of backbone parameters.",False,method,F_T,Fun,"VAPT makes each deep prompt an \(X\)-dependent function of the current block's tokens, so in the attention-as-mixture reading the prompt experts become one-hidden-layer functions of the sequence instead of constants. Fibrewise over inputs it is VPT-Deep: every image runs VPT with its own prompts, which is also why no single static prompt reproduces it.",le2025revisit,F_T,Fun,unpointed,torus,GLxGL,Minf,
adapad,AdaPaD,Adaptive Parallel Deflation,AdaPaD: Adaptive Parallel Deflation for PEFT with Self-Correcting Rank Discovery,Su et al.,2026,arXiv preprint,2605.10741,https://arxiv.org/abs/2605.10741,,False,,additive-weight,"\Delta W_i=s\sum_{k=1}^{r_i}b_{i,k}a_{i,k}^{\top},\ \ b_{i,k}\in\mathbb{R}^{d_{out}},\ a_{i,k}\in\mathbb{R}^{d_{in}};\ \ \text{bilinear model (theory): } Y_{k,\ell}=Y-\sum_{k'<k}b_{k',\ell-1}a_{k',\ell-1}^{\top}X,\ \ (a_{k,\ell},b_{k,\ell})=\mathrm{Rank1}\big(Y_{k,\ell},X,T;\ \text{warm start }(a_{k,\ell-1},b_{k,\ell-1})\big)\approx\arg\min_{a,b}\|Y_{k,\ell}-ba^{\top}X\|_F^2\ \ \text{for all active }k\le\ell\text{ in parallel};\ \ \text{deep net: every }\Delta\text{ steps snapshot }\{\bar b_{i,k'},\bar a_{i,k'}\};\ \text{component }k\text{ trained on }\mathcal{L}\big(W_{0,i}+s\sum_{k'<k}\bar b_{i,k'}\bar a_{i,k'}^{\top}+s\,b_{i,k}a_{i,k}^{\top}\big);\ \ \text{growth: } r_i\leftarrow r_i+1\text{ for the top-}h\text{ modules by }\bar S_iU_i\ (r_i<r_{\max})\text{ until }\textstyle\sum_i r_i\ge B,\ \ S_i=\|\theta_i\|_2^{-1/2}\sum_{p\in\theta_i}|p\,\nabla_p\mathcal{L}|;\ \ \text{frozen: }W_0;\ \text{trained: rank-1 pairs (plus one privately warmed reserve per module)}","r_i(d_{in}+d_{out})\ \text{per adapted matrix, plus one reserve }(d_{in}+d_{out})\text{ per module while growing};\ \ 1\le r_i\le r_{\max},\ \textstyle\sum_i r_i\le B\ \text{(GLUE, DeBERTaV3-base: }B=144\text{ over 72 modules, }r_{\max}=4\text{, }0.34\text{M trainable parameters in Table 3, against }0.32\text{-}0.47\text{M for the baselines; Qwen3-0.6B SQuAD: 196 modules, }r_{\max}=8\text{, average-rank budget }\bar r\in\{4,6\}\text{, }1.93\text{-}2.30\text{M)}","all linear layers: \(W_q,W_k,W_v,W_o,W_{f1},W_{f2}\) of every DeBERTaV3-base layer (72 modules); the seven attention and MLP projections \(W_q,W_k,W_v,W_o,W_{gate},W_{up},W_{down}\) of every Qwen3-0.6B layer (196 modules)","The deployed object is an ordinary additive update \(\Delta W_i=s\sum_{k\le r_i}b_{i,k}a_{i,k}^{\top}\) whose rank \(r_i\) differs per module. What changes is how the rank-1 terms are trained. Component \(k\) is fitted to a deflation target that removes only its predecessors, \(k'<k\), using their latest estimates. All components are refined in parallel, and each worker's target is refreshed every round. Sequential (Hotelling-style) deflation, of which the paper counts ReLoRA as an instance, freezes earlier errors into every later residual. Here the mismatch \(\|Y_{k,\ell}-Y_k^{\star}\|_F\) vanishes as rounds proceed (self-correction, Proposition 2). Activation is staggered (worker \(k\) starts at round \(k\)), and before activation a component is trained privately against its current target (advance learning). In the network the target is implicit: component \(k\) is trained with the task loss through a forward pass containing the round-start snapshot of components \(0,\dots,k-1\) and itself, with later components absent. Per-module rank grows from 1 with IncreLoRA's importance-times-uncertainty score under a shared budget, so the rank profile is an output. On CoLA it settles at 16/44/8/4 modules with rank 1/2/3/4. The theory covers a single bilinear layer \(Y=W^{\star}X+\mathcal{E}\) under a spectral-gap assumption. The total error obeys \(G_{k,\ell}\le 3\mathcal{R}_k(\ell-s_k+2)m_k^{\ell-s_k+1}\), and the weight-recovery bound splits into a vanishing algorithmic term plus a statistical floor. Two practical details depart from the analysed algorithm. The Frobenius-ball projection \(\Pi_Q\) that the theory needs is switched off (\(Q=\infty\)) in all experiments. On GLUE an optional IncreLoRA orthogonality penalty \(\lambda_{\text{orth}}(\|A^{\top}A-I\|_F+\|BB^{\top}-I\|_F)/(2n_{\text{layers}})\) is added, with \(\lambda_{\text{orth}}\) up to 0.5 per task; it is disabled on SQuAD.",yes,"After training \(\Delta W_i=s\sum_k b_{i,k}a_{i,k}^{\top}\) is a fixed matrix of rank at most \(r_i\) that folds into \(W_{0,i}\), as with LoRA.","Not exact. Each module starts with one committed component whose \(a\) and \(b\) are both drawn from \(\mathcal{N}(0,0.02)\), so \(\Delta W_i=s\,b_{i,1}a_{i,1}^{\top}\) is small but non-zero. Components added later arrive pre-trained by advance learning, not at zero.","Treat a LoRA update as a sum of rank-1 deflation steps, but train all steps at once, each against a target rebuilt from its predecessors' current estimates. Errors in early components are then corrected over rounds instead of being frozen into later residuals. In the single-layer bilinear model, individual rank-1 directions converge nearly linearly (exponential decay with a linear prefactor). On top of this, ranks grow per module under a global budget, so the rank allocation is an output.","On GLUE with DeBERTaV3-base, AdaPaD with 0.34M trainable parameters (baselines 0.32-0.47M) has the highest average (89.34), ahead of AdaLoRA (89.03) and a reproduced IncreLoRA (88.99). On Qwen3-0.6B SQuAD/SQuAD v2 it matches fixed-rank LoRA F1 with adapters 15.9-44.3% (mean 30.7%) smaller.",False,method,R-additive,Cone,"AdaPaD keeps LoRA's object and changes how its rank-one terms are fitted: all at once, each against a deflation target refreshed every round, so early errors are corrected instead of being frozen into later residuals as in sequential deflation (which the paper identifies with ReLoRA). The rank profile is an output, so the deployed object is a point of the rank filtration rather than a fixed level.",su2026adapad,R,Cone,defect,GL,GLxGL,M1,span
lora-da,LoRA-DA,LoRA-DA: Data-Aware initialization for Low-Rank Adaptation,LoRA-DA: Data-Aware Initialization for Low-Rank Adaptation via Asymptotic Analysis,Zhang et al.,2025,ICML 2026,2510.24561,https://arxiv.org/abs/2510.24561,https://github.com/zqy0126/LoRA-DA,False,,additive-weight,"h=(W_0+BA)x,\ \ B\in\mathbb{R}^{d_{out}\times r},\ A\in\mathbb{R}^{r\times d_{in}},\ AA^{\top}=I_r;\ \ \text{on }|\mathcal{S}|=256\text{ target samples: } G=\nabla_W\mathcal{L}(W_0),\ Z_F=\mathbb{E}[xx^{\top}]\in\mathbb{R}^{d_{in}\times d_{in}},\ Y_F=\mathbb{E}[\nabla_h\ell\,\nabla_h\ell^{\top}]\in\mathbb{R}^{d_{out}\times d_{out}}\ \text{(K-FAC)};\ \ \widehat{\Delta}=-D\,G\,Z_F^{-1},\ D=\mathrm{Diag}\big([Y_F^{-1}]_{11},\dots,[Y_F^{-1}]_{d_{out}d_{out}}\big)\ \ (\text{Fisher-gradient estimate of }W_{\text{tgt}}-W_0);\ \ \Omega=\frac{\mathrm{tr}(Y_F^{-1})}{N}Z_F^{-1}-\widehat{\Delta}^{\top}\widehat{\Delta}\in\mathbb{R}^{d_{in}\times d_{in}};\ \ A_0=\arg\min_{AA^{\top}=I_r}\mathrm{tr}(A\,\Omega\,A^{\top})\ (\text{the }r\text{ smallest-eigenvalue eigenvectors of }\Omega\text{, via LOBPCG}),\ \ B_0=\widehat{\Delta}A_0^{\top}\ \Rightarrow\ B_0A_0=\widehat{\Delta}A_0^{\top}A_0;\ \ \text{frozen: }W_0;\ \text{trained: }A,B\ (\text{or }B\text{ only in the LoRA-FA setting})",r(d_{in}+d_{out})\ \text{per adapted matrix }(rd_{out}\text{ with frozen }A),"any linear layer; paper: Q, K, V, O, Gate, Up, Down of LLaMA-2-7B and Q, K, V of LLaMA-2-13B (\(r=8\), \(\alpha=16\))","Plain LoRA with a closed-form, data-dependent starting point. The derivation is done in the frozen-\(A\) (LoRA-FA) setting with \(A\) row-orthonormal. It minimises \(\mathbb{E}\|\hat W-W_{\text{tgt}}\|_F^2\) for the constrained MLE under \(\|W_{\text{tgt}}-W_0\|_F=O(N^{-1/2})\). The bound reduces to the quadratic \(\mathrm{tr}(A\Omega A^{\top})\), whose Initialization Guidance Matrix \(\Omega\) has two parts. The variance part is the diagonal \(d_{in}\times d_{in}\) blocks of the inverse Fisher of \(\mathrm{vec}(W)\), summed over outputs, divided by \(N\). Under K-FAC this is \(\tfrac{1}{N}\mathrm{tr}(Y_F^{-1})Z_F^{-1}\). The bias part is \(-\widehat{\Delta}^{\top}\widehat{\Delta}\), with the displacement estimated by a block-diagonal natural-gradient step \(\widehat{\Delta}=-DGZ_F^{-1}\). This is not the full K-FAC step \(-Y_F^{-1}GZ_F^{-1}\), since only the diagonal of \(Y_F^{-1}\) is kept. \(A_0\) takes the \(r\) bottom eigenvectors of \(\Omega\), and \(B_0=\widehat{\Delta}A_0^{\top}\) makes \(W_0+B_0A_0\) the projection of the estimated target onto that row space. Two limits are informative. Dropping the variance term and using the raw gradient (\(\widehat{\Delta}\to-G\)) gives \(A_0=V_r^{\top}\) and \(B_0A_0=-U_rS_rV_r^{\top}\), the LoRA-One/LoRA-GA gradient-SVD choice (Remark 4.3). Keeping only the variance term gives the top eigenvectors of \(Z_F\), the principal input-activation directions an EVA-type init uses (our observation, not in the paper). The released code adds three implementation details: \(\widehat{\Delta}\) is normalised by its top singular value, the variance term is down-weighted (\(\beta=0.03\)), and both factors are scaled by \(1/\sqrt{\gamma}\) with \(\gamma=1024\). The released config also enables rsLoRA scaling (\(\alpha/\sqrt{r}\)), which the paper's hyperparameter table does not mention.",yes,Only the starting point changes. The trained \(BA\) is an ordinary rank-\(r\) delta that folds into \(W_0\).,"No. \(B_0A_0=\widehat{\Delta}A_0^{\top}A_0\neq 0\), so training starts at a projected Fisher-gradient step from \(W_0\) (in the paper's derivation, the projection of the estimated target). Like LoRA-One, the official code does not subtract \(B_0A_0\) from \(W_0\), although it does for other init modes. With the \(1/\sqrt{\gamma}\) factor scaling the initial offset is small.","Choose the LoRA subspace to minimise the expected distance between the fine-tuned and target weights. That distance splits into a bias term, the target's distance from the subspace estimated by a Fisher-preconditioned gradient, and a variance term from sampling noise through the inverse Fisher. Both enter one symmetric matrix \(\Omega\), and \(A_0\) is its bottom-\(r\) eigenspace. Gradient-SVD inits such as LoRA-One are recovered when the variance term is dropped and the Fisher is ignored.","With LLaMA-2-7B (\(r=8\)), LoRA-DA averages 84.3% on eight commonsense benchmarks against 84.0% for MiLoRA, the best baseline. After MetaMathQA-100K it reaches 55.0% GSM8K and 9.2% MATH, 1.0 point above LoRA-One on average.",False,method,R-additive,Cone,"LoRA-DA chooses LoRA's starting subspace by minimising an expected distance to the target weight, which splits into a Fisher-preconditioned bias term and an inverse-Fisher variance term. Its two limits are known pointings: the bias-only, raw-gradient limit is LoRA-One's gradient-SVD start, and the variance-only limit takes \(\mathrm{row}A_0\) from the top input-activation directions, an EVA-type frame. Without the residual subtraction it starts off \(\theta_0\), as LoRA-One does.",zhang2025lora,R,Cone,defect,GL,GLxGL,M1,span
wasi,WASI,Weight-Activation Subspace Iteration,Efficient Resource-Constrained Training of Transformers via Subspace Optimization,Nguyen et al.,2025,ICLR 2026 (oral),2510.09160,https://arxiv.org/abs/2510.09160,https://github.com/Le-TrungNguyen/ICLR2026-WASI,False,,hybrid,"\text{start: } W_0=U\Sigma V^{\top},\ K_i=\min\Big\{K:\tfrac{\sum_{j\le K}s_j^2}{\sum_j s_j^2}\ge\varepsilon\Big\},\ L=U_{K_i}\Sigma_{K_i}\in\mathbb{R}^{d_{out}\times K_i},\ R=V_{K_i}^{\top}\in\mathbb{R}^{K_i\times d_{in}};\ \ \text{forward: } h=L(Rx);\ \ \text{saved activation: } \tilde{\mathcal{A}}=\tilde{\mathcal{S}}\times_1\tilde U^{(1)}\times_2\tilde U^{(2)}\times_3\tilde U^{(3)}\ (\text{Tucker over batch, token, channel modes; ranks }\mathbf{r}_i\text{ chosen once by a perplexity-vs-memory search});\ \ \text{backward: } \widetilde{\nabla_W\mathcal{L}}=f_{\text{LR}}(\tilde{\mathcal{A}},\nabla_h\mathcal{L})\in\mathbb{R}^{d_{out}\times d_{in}},\ \ \nabla_x\mathcal{L}=R^{\top}L^{\top}\nabla_h\mathcal{L};\ \ \text{update: } W\leftarrow LR-\eta\,\widetilde{\nabla_W\mathcal{L}},\ \ R^{\top}\leftarrow W^{\top}L_{\text{prev}},\ \ L\leftarrow\mathrm{orth}(WR^{\top})\ (\text{one warm-started subspace-iteration step, rank }K_i\text{ fixed});\ \ \text{activation factors }\tilde U^{(m)}\text{ also refreshed by warm-started subspace iteration};\ \ \text{trained: all weights (and biases) of the selected layers; nothing added}","d_{out}d_{in}\ (+d_{out}\text{ bias})\ \text{per adapted matrix: the whole weight is updated with a dense gradient assembled from the compressed activation, but held and run as rank-}K_i\text{ factors with }K_i(d_{in}+d_{out})\text{ entries; no added parameters}","linear layers of the MLP blocks of ViT and Swin-T, both ImageNet-1K pretrained (the paper does not name the ViT size); all attention and MLP linear layers of ViT in an appendix ablation (Tab. 1); the last 1-5 decoder layers of TinyLlama (\(\varepsilon=0.1\)); the last 1-4 convolutions of MCUNet for the weight part (WSI) only","Compression-aware fine-tuning without an adapter. Each fine-tuned weight is replaced by its rank-\(K_i\) truncation, with \(K_i\) set once by an explained-variance threshold \(\varepsilon\) on \(W_0\)'s spectrum. Thereafter the factored weight \(LR\) is tracked across steps by one power/subspace-iteration step warm-started from the previous \(L\), not by fresh SVDs. This relies on the observed stability of layer ranks during fine-tuning (Fig. 3a). Forward and input-gradient passes cost \(O(K_i(d_{in}+d_{out}))\) per token. The weight gradient is formed from a Tucker/HOSVD compression of the stored input activation, whose mode factors are also warm-started by subspace iteration (the ASI method, here with a dynamic-programming rank search and 3-D/4-D activation support). The update is therefore a full-matrix step in weight space followed by re-projection onto a rank-\(K_i\) manifold, close to training a low-rank model in factored form. It is not a frozen-\(W_0\) plus \(\Delta W\) method. In the released code the dense weight remains the optimised parameter and \(L,R\) are recomputed from it at each forward pass; the paper's Eq. (11) writes the update directly on \(LR\). The method targets on-device transfer learning, where activation and weight memory dominate. Two further code-versus-paper details: the code starts from \(L=U_{K_i}\) (orthonormal) and \(R=\Sigma_{K_i}V_{K_i}^{\top}\), the reverse of Eq. (7), so \(L\) stays orthonormal as in later iterations. Eq. (11) is printed with \(+\eta\), whereas the code applies an ordinary descent step to the dense weight.",yes,"There is no side branch to merge: the trained model is the factored weight \(L_iR_i\) per layer. It can be multiplied out to a dense matrix or kept factored, which is cheaper at inference (about 1.4x faster than vanilla on a Raspberry Pi 5).","No. From the first step the forward pass uses the truncation \(U_{K_i}\Sigma_{K_i}V_{K_i}^{\top}\) of \(W_0\), not \(W_0\), so the starting function differs unless \(\varepsilon=1\), which recovers vanilla training. Activation compression also makes the first gradients approximate.","On edge devices the memory of backpropagation, not the trainable-parameter count, is the bottleneck. WASI keeps both the weights and the saved activations in fixed low-rank subspaces and follows those subspaces with warm-started subspace iteration instead of repeated SVDs. Training memory falls by up to 62x and FLOPs by about 1.5-2x, while the low-rank weights also speed up inference.","Fine-tuning Swin-T at \(\varepsilon=0.9\), WASI matches vanilla accuracy while cutting training memory by up to 62x and FLOPs by 1.5x; on a Raspberry Pi 5 it is about 1.4x faster than vanilla training for ViT on CIFAR-10.",False,method,R-additive,Cone*,"WASI is a low-rank reparametrisation of the whole box rather than an adapter: the image is the rank-\(K\) variety itself, whose vertex is the zero matrix, so \(\theta_0\) lies outside the image and the start is its nearest point. Training is a projected-gradient (retraction) scheme on \(\mathcal M_K\) with the gradient assembled from compressed activations, which is where the memory saving comes from.",nguyen2025efficient,R,Cone*,defect,GL,OxO,M1,idempotent
tera,TeRA,Vector-based random Tensor network for high-Rank Adaptation,TeRA: Vector-based Random Tensor Network for High-Rank Adaptation of Large Language Models,Gu et al.,2025,ACL 2026 (long),2509.03234,https://arxiv.org/abs/2509.03234,https://github.com/guyuxuan9/TeRA,False,,additive-weight,"\Delta\mathcal{W}(i_1,\dots,i_N)=\sum_{r_1=1}^{R_1}\cdots\sum_{r_N=1}^{R_N}\mathcal{G}(r_1,\dots,r_N)\prod_{n=1}^{N}d^{(n)}_{r_n}A^{(n)}(r_n,i_n),\ \ \Delta W=\mathrm{Unfold}_{[N;k]}(\Delta\mathcal{W})\in\mathbb{R}^{d_{out}\times d_{in}},\ \prod_{n\le k}I_n=d_{out},\ \prod_{n>k}I_n=d_{in};\ \ \text{equivalently } \Delta W=L\big(\mathcal{G}_{[N;k]}\odot uv^{\top}\big)M,\ L=\big(\textstyle\bigotimes_{n\le k}A^{(n)}\big)^{\top},\ M=\textstyle\bigotimes_{n>k}A^{(n)},\ u=\textstyle\bigotimes_{n\le k}d^{(n)},\ v=\textstyle\bigotimes_{n>k}d^{(n)};\ \ h=(W_0+\Delta W)x;\ \ \text{frozen and shared by all adapted layers: random core }\mathcal{G}\in\mathbb{R}^{R_1\times\cdots\times R_N}\text{ and factors }A^{(n)}\in\mathbb{R}^{R_n\times I_n};\ \text{trained per layer: }d^{(n)}\in\mathbb{R}^{R_n},\ n=1,\dots,N","\sum_{n=1}^{N}R_n\ \text{per adapted matrix; paper default }R_n=I_n\text{ with only one side split, e.g. a }4096\times4096\text{ matrix folded to }4096\times8\times8\times8\times8\text{ gives }4096+4\cdot8=4128\ (\approx0.0039\%\text{ of Llama-2-7B with }W_q,W_v\text{ adapted})","\(W_q\) and \(W_v\) of every attention layer (paper: Llama-2-7B, Llama-3-8B); any linear layer in principle, with one core and factor set sliced to each layer's shape","The update matrix is folded into an order-\(N\) tensor and written in Tucker form. The core and factor matrices are large, randomly initialised (the factors with Kaiming init, Appendix F), frozen and shared by every adapted layer. The trainable part is a set of \(N\) per-layer vectors \(d^{(n)}\) acting as diagonal matrices on the core's modes. After unfolding, \(\Delta W=L\,\mathrm{diag}(u)\,\mathcal{G}_{[N;k]}\,\mathrm{diag}(v)\,M\), with \(u\) and \(v\) Kronecker products of the trained vectors. This is a VeRA-type double diagonal scaling of a frozen random matrix, except that the diagonals are rank-1 tensors and the outer projections are Kronecker-structured. The rank bound is \(\mathrm{rank}(\Delta W)\le\min(\prod_{n\le k}R_n,\prod_{n>k}R_n)\), so \(R_n=I_n\) permits full rank with only \(\sum_n I_n\le d_{in}+d_{out}\) parameters (Theorems 1-2). Measured updates are near full rank in every layer. Theorem 3 bounds the approximation error by the energy of \(W^{\star}\) outside \(\mathrm{span}(L)\otimes\mathrm{span}(M^{\top})\) plus a tensor-spectral-norm term that grows with the tensor order \(N\). By our derivation (the paper does not state this reduction), VeRA is the case \(N=2\) with \(A^{(1)}=I\), core equal to VeRA's \(B\), \(R_2=r\) and \(A^{(2)}\) equal to VeRA's \(A\), which gives \(\mathrm{diag}(d^{(1)})B\,\mathrm{diag}(d^{(2)})A\). In ablations, replacing the random factors by identities (\(\text{TeRA}_{iden}\)) or using unshared per-layer cores both hurt accuracy.",yes,"After training, \(\Delta W=\mathrm{Unfold}_{[N;k]}(\Delta\mathcal{W})\) is materialised once and added to \(W_0\) (\(W_{\text{final}}=W_0+\Delta W\)), so inference has no overhead. Training is slower because \(\Delta W\) is contracted from the core at every step.","Exact. All \(d^{(n)}\) are initialised as ones (0.1 in the released code) except one, which is zero, so \(\Delta W=0\).","Decouple rank from parameter count by putting the trainable parameters on the diagonal of a shared random Tucker tensor network. The frozen core and factors supply the high-rank directions, and each layer learns only \(\sum_n R_n\) mode-wise scalings. The result is near-full-rank updates at VeRA-level parameter counts.","On Commonsense170k with \(W_q\) and \(W_v\) adapted, TeRA averages 85.31% on Llama-3-8B (0.0033% trainable). That ties HiRA (\(r=32\), 0.1695%) with about 51x fewer trainable parameters and beats the parameter-matched LoRETTA (83.58%).",False,method,R-additive,Cone,"TeRA tensorises VeRA: the two diagonal scalings become Kronecker products of mode vectors acting on a frozen, shared random Tucker network, so the number of trained scalars stays near \(d_{in}+d_{out}\) while the rank ceiling rises to full. The cone is still toric and the start still an apex; what changes is the frozen frame, which now carries a tensor structure the network does not have.",gu2025tera,R,Cone,apex,torus,Pi,M1,span
hybrid-lora,Hybrid-LoRA,Hybrid-LoRA: score-based split of modules into full fine-tuning and LoRA,Hybrid-LoRA: Bridging Full Fine-Tuning and Low-Rank Adaptation for Post-Training,Zhang et al.,2026,arXiv preprint,2605.18822,https://arxiv.org/abs/2605.18822,,False,,hybrid,"\text{probe (500 warm-up steps, all }(l,m)\in\mathcal{U}=[L]\times\{W_q,W_k,W_v,W_o,W_{gate},W_{up},W_{down}\}\text{): } h=W_{0}x+b+\alpha_{l,m}B\,\mathrm{diag}(e_{l,m})A\,x;\ \ s^{(t)}_{l,m}=\tfrac{1}{r}\big\|e_{l,m}\odot\nabla_{e_{l,m}}[\mathcal{L}_{val}(\mathcal{B}_t;z^{(t)}_{-A})+\mathcal{L}_{val}(\mathcal{B}_t;z^{(t)}_{-B})]\big\|_1\ (\text{random complementary bipartition }\mathcal{U}=\mathcal{U}_A^{(t)}\cup\mathcal{U}_B^{(t)});\ \ H(l,m)=\mu_{l,m}\,\sigma_{l,m}\text{ over batches};\ \ \mathcal{S}_{fft}=\text{lowest-}H\text{ modules, added greedily while }\textstyle\sum_{\mathcal{S}_{fft}}P_{l,m}\le R_{fft}\sum_{\mathcal{U}}P_{l,m};\ \ \text{final (re-initialised from }W_0\text{): } W_{l,m}=W_{0,l,m}+\Delta W_{l,m}\ (\text{dense, trained})\ \text{for }(l,m)\in\mathcal{S}_{fft},\ \ W_{l,m}=W_{0,l,m}+BA\ (r=16)\ \text{for }(l,m)\in\mathcal{U}\setminus\mathcal{S}_{fft};\ \ \text{optimised with GRPO or GSPO}","\sum_{(l,m)\in\mathcal{S}_{fft}}d_{out}d_{in}+\sum_{(l,m)\in\mathcal{S}_{lora}}r(d_{in}+d_{out}),\ r=16,\ R_{fft}=10\%\ (\approx105\text{M of }1{,}544\text{M on Qwen2.5-1.5B},\ 449\text{M on Qwen2.5-7B})",the seven attention and MLP linear projections of every decoder layer of Qwen2.5-1.5B/3B/7B-Instruct; the fully fine-tuned modules concentrate in the attention projections of later layers,"The trainable locus is a union. A small set \(\mathcal{S}_{fft}\) of whole matrices receives dense updates, and every other candidate matrix receives a rank-\(r\) LoRA update. The partition is chosen once, before the real run. A probe attaches AdaLoRA-style SVD-form LoRA (\(B\,\mathrm{diag}(e)A\), scaled by a per-module architecture weight \(\alpha_{l,m}\)) to all modules and trains it briefly. Each module is then scored by the first-order sensitivity \(\tfrac1r\|e\odot\nabla_e\mathcal{L}_{val}\|_1\) of its LoRA coefficients. The score is measured under random complementary on/off masks of the other modules (Shapley-NAS style; \(K=20\) random partitions in the experiments) and aggregated as mean times standard deviation over batches. A low score is read as LoRA being insufficient for that module, so the lowest-scoring modules are fully fine-tuned up to the budget. Eq. (4) states the budget as a parameter fraction, while the experiments call it a 10% module ratio. The model is then re-initialised and trained with RLVR using separate learning rates (\(10^{-6}\) for dense modules, \(2.5\times10^{-5}\) for LoRA). Unlike rank-reallocation methods (AdaLoRA, AutoLoRA, SoRA), which stay inside the low-rank space, it upgrades a few whole modules to dense full-rank updates.",yes,"The dense modules are simply updated in place, and each \(BA\) folds into its \(W_0\). The result is a single dense model of the original shape with no inference overhead.","For the final stage, fully fine-tuned modules start exactly at \(W_0\). The LoRA modules presumably use standard \(B=0\) initialisation (not stated), giving \(h=W_0x\) at the start of RL. The probe's adapters are discarded.","Modules differ in how well a low-rank update can adapt them. Hybrid-LoRA measures this with a cheap LoRA probe and spends a small full-fine-tuning budget on the modules where LoRA's coefficients show the weakest sensitivity, keeping LoRA elsewhere. The aim is to close the LoRA-to-full-fine-tuning gap in RLVR post-training while tuning roughly 6-7% of the parameters (105M of 1,544M, 6.8%, at 1.5B; 449M, about 6%, at 7B).","On Qwen2.5-1.5B-Instruct with GRPO, Hybrid-LoRA (105M tunable of 1,544M) reaches 80.2 Math-500 pass@1, against 80.6 for full fine-tuning and 77.4 for the best module-selection baseline (AutoLoRA criterion).",False,recipe,R-additive,Cone,"Hybrid-LoRA is a fixed \(\oplus\)-word, full fine-tuning on selected boxes plus LoRA on the others. Its content is the selection rule: a first-order sensitivity of the probe's SVD-form LoRA coefficients, measured under random on/off masks of the other modules, with low sensitivity read as 'a low-rank update is not enough here'.",zhang2026hybrid,R,Cone,apex,GL,GLxGL,M1,span
dc-merge,DC-Merge,DC-Merge: directional-consistency model merging (energy smoothing + cover-space merging),DC-Merge: Improving Model Merging with Directional Consistency,Zhang et al.,2026,CVPR 2026,2603.06242,https://arxiv.org/abs/2603.06242,https://github.com/Tobeginwith/DC-Merge,False,,composition-or-routing,"\Delta_i\approx U_i\Sigma_iV_i^{\top}\ \ (\text{rank-}r\text{ truncated SVD of the task vector }\Delta_i=W_i-W_0\text{ or }\Delta_i=B_iA_i\in\mathbb{R}^{d_{out}\times d_{in}},\ i=1,\dots,T);\ \ \bar\Delta_i=U_i\bar\Sigma_iV_i^{\top},\ \text{where for LoRA inputs }\bar{\boldsymbol\sigma}_i=\Big(\tfrac1r\textstyle\sum_{j=1}^{r}\sigma_i^{j}\Big)\mathbf 1_r\ \text{(averaging) or }\bar{\boldsymbol\sigma}_i=\Big(\textstyle\sum_{j=1}^{r}\sigma_i^{j}\Big)\mathbf w,\ \mathbf w\text{ linearly decreasing},\ \textstyle\sum_j w_j=1,\ \tfrac{w_1}{w_r}=\min\!\big(\tfrac{\sigma_i^{1}}{\sigma_i^{r}},\rho\big)\ \text{(linear smoothing)},\ \text{and for full fine-tuning }\bar\Sigma_i=\Sigma_i\ \text{(truncation only)};\ \ U=[U_1,\dots,U_T]=PSQ^{\top}\ \Rightarrow\ \widetilde U=PQ^{\top}=U(U^{\top}U)^{-1/2}\in\mathbb{R}^{d_{out}\times k},\ \ \widetilde V\in\mathbb{R}^{d_{in}\times k}\text{ likewise from }[V_1,\dots,V_T],\ \ k=rT;\ \ M_i=\widetilde U^{\top}\bar\Delta_i\widetilde V\in\mathbb{R}^{k\times k};\ \ \widetilde M=\mathrm{Merge}(M_1,\dots,M_T)\ (\text{entry-wise; TIES after keeping the top }0.1\%\text{ of entries of each }M_i\text{ in all main experiments, TA in ablations});\ \ \Delta\widetilde W=\widetilde U\big(\widetilde M\odot\mathcal M\big)\widetilde V^{\top},\ \ \mathcal M=\mathrm{blockdiag}(\mathbf 1_{r\times r},\dots,\mathbf 1_{r\times r});\ \ W=W_0+\alpha\,\Delta\widetilde W;\ \ \text{frozen: }W_0\text{ and all task vectors; nothing is trained (}\alpha\text{ is picked on held-out validation data, fixed to }2\text{ on MM-MergeBench)}","0\ \text{(training-free; hyper-parameters: rank }r\ (=16=\text{LoRA rank for LoRA inputs};\ r=\lfloor\min(d_{out},d_{in})/T\rfloor\text{ for full fine-tuning}),\ \text{smoothing rule and }\rho=5\ \text{(LoRA inputs only)},\ \text{TIES trim fraction }10^{-3},\ \text{scale }\alpha)","Every 2-D weight matrix of \(T\) task-adapted copies of one base model: CLIP ViT-B/32, ViT-B/16 and ViT-L/14 visual encoders, either fully fine-tuned (8/14/20 tasks) or LoRA-tuned on the q, k, v and output projections at \(r=16\) (8/12/16 tasks), and LLaVA-v1.5-7B LoRA checkpoints (MM-MergeBench, 8 seen tasks plus 4 unseen). In the released full-fine-tuning code, non-matrix parameters (and the text projection) are simply averaged.","Training-free, layer-wise merge of \(T\) task matrices in three steps. (1) Energy smoothing: each task vector is truncated to rank \(r\), and for LoRA inputs its singular values are flattened (to their mean, or to a linear profile whose max/min ratio is at most \(\rho\)) while its singular directions \(U_i,V_i\) are kept. For full fine-tuning the paper and the released code only truncate to the top \(r=\lfloor\min(d_{out},d_{in})/T\rfloor\) components, which the paper calls implicit smoothing; explicit smoothing hurt in that setting (Appendix E.4, Fig. 10). (2) Cover space: the column-concatenated bases \(U=[U_1,\dots,U_T]\in\mathbb{R}^{d_{out}\times rT}\) and \(V\) are replaced by their polar (whitened) factors \(\widetilde U=PQ^{\top}\), \(\widetilde V\). These are the orthonormal matrices nearest to \(U\) and \(V\), the same orthogonalisation TSV-M uses. The paper motivates them as a near-optimal solution of a shared-dyadic-basis reconstruction problem (its Eqs. 7-8, 23-25). (3) Every smoothed task vector is written in the cover coordinates as a \(k\times k\) matrix \(M_i=\widetilde U^{\top}\bar\Delta_i\widetilde V\) (\(k=rT\le\min(d_{out},d_{in})\)). These matrices are combined entry-wise; all main experiments use TIES after keeping the top 0.1% of entries of each \(M_i\) (a \(10^{-3}\) fraction in both the LoRA and the full-fine-tuning code), and TA appears only in ablations. Only the \(T\) diagonal \(r\times r\) blocks are kept before mapping back, which gives one dense delta of rank at most \(rT\) per matrix. Because \(\mathrm{span}(\widetilde U)=\mathrm{span}(U)\supseteq\mathrm{col}(\bar\Delta_i)\) (and likewise for \(\widetilde V\) and the row space), the round trip \(\widetilde U M_i\widetilde V^{\top}=\bar\Delta_i\) is exact. With TA and no mask, the cover-space step therefore reduces to summing the smoothed task vectors. Its effect comes from the block-diagonal mask, which drops cross-task coordinates, and from coordinate-wise rules such as TIES applied in the cover basis. This follows from the construction and the paper does not state it. It is consistent with the ablations: for rank-16 LoRA inputs truncation is lossless, so the +6.40 points of 'TA + CSM' over vanilla TA in Table 6 can only come from the mask, and Table 5 shows the mask adding 0.3-1.4 points (LoRA) and 5.6-10.6 points (full fine-tuning) on top of TIES with smoothing. Diagnostic metric: \(\mathrm{DirSim}(\Delta_s,\Delta_t)=\tfrac{1}{\sqrt{nm}}\mathbf 1_n^{\top}R(s,t)\mathbf 1_m\) with \(R_{ij}=(u_s^{i\top}u_t^{j})(v_t^{j\top}v_s^{i})\). This is cosine similarity with every singular value set equal, and its projected version correlates with post-merge per-task normalized accuracy improvement (Pearson \(R=0.64\)).",yes,"The output is one static delta per matrix, \(W=W_0+\alpha\,\widetilde U(\widetilde M\odot\mathcal M)\widetilde V^{\top}\), folded into the base weights. The result is a single model with no adapters, routing or inference overhead. Merging LoRA inputs gives a dense rank-\(\le rT\) delta, not a rank-\(r\) LoRA.","Not applicable (training-free). \(\alpha=0\) recovers \(W_0\). For \(T=1\) with TA, \(\widetilde U=U_1\), \(\widetilde V=V_1\), \(M_1=\bar\Sigma_1\) and the mask is all ones, so the method returns \(U_1\bar\Sigma_1V_1^{\top}\). For LoRA inputs this is the energy-smoothed version of the task vector, not the task vector itself. For full fine-tuning \(r=\min(d_{out},d_{in})\) when \(T=1\) and there is no smoothing, so TA returns the task vector exactly (the default TIES step with top-0.1% trimming does not).","How much of each task survives merging depends on keeping the singular directions of its task vector, not the energy in its singular values. The paper measures this with an energy-blind directional similarity. DC-Merge therefore flattens each task's spectrum (for LoRA inputs; full fine-tuning uses truncation only) and then merges all tasks in one shared orthonormal cover basis \((\widetilde U,\widetilde V)\), keeping only the diagonal \(r\times r\) blocks so that each task's directions survive aggregation.","On LoRA-tuned (\(r=16\)) CLIP ViT-B/32, DC-Merge reaches 64.17/68.40/66.27% average absolute accuracy for 8/12/16 merged tasks, against 63.01/66.28/64.61% for the strongest baseline Iso-CTS (Table 1). It is best in all 9 LoRA settings and in 7 of the 9 full-fine-tuning settings (Iso-CTS wins ViT-B/16 and ViT-L/14 at 8 tasks, Table 2).",False,method,P,Lin,"DC-Merge merges in TSV-M's whitened cover basis with two extra moves: flattening each LoRA task's spectrum, so that directions rather than energies are merged, and a block-diagonal mask that drops cross-task coordinates. The cover basis contains every task's row and column spaces, so the round trip into it is exact; with task arithmetic inside and no mask the method is just the sum of the smoothed task vectors, and its effect lives in the mask and in rules applied in cover coordinates.",zhang2026dc,P,Lin,regular,none,OxO,M1,idempotent
malora-mamba,MaLoRA / MaRA,"MaLoRA: Mamba-modulated Low-Rank Adaptation, with the MaRA Mamba Retrieval Adapter",Selective State-Space Adaptation and Retrieval for Language Model Reasoning,Dokme and Heck,2026,EMNLP 2026 (main),2607.19326,https://arxiv.org/abs/2607.19326,https://github.com/atahandokme/malora-mara,False,,hybrid,"h_t=W_0x_t+\tfrac{\alpha}{r}\,\lambda_t\,BAx_t,\ \ A\in\mathbb{R}^{r\times d_{in}},\ B\in\mathbb{R}^{d_{out}\times r}\ (\text{the paper's Eq. 3 writes }(W_0+B\lambda_tA)x_t\text{ with the LoRA scale absorbed; released code: }\alpha/r=32/16=2);\ \ \lambda_t=\operatorname{softplus}\big(w_\phi^{\top}o_t+b_\phi\big)\in\mathbb{R}_{>0};\ \ (o_1,\dots,o_t)=\mathrm{Mamba}\big(Px_1,\dots,Px_t\big),\ P\in\mathbb{R}^{r\times d_{in}};\ \ \text{one Mamba-1 block of width }r\text{: }[u_t';z_t]=W_{\mathrm{up}}Px_t\in\mathbb{R}^{4r},\ u_t=\mathrm{SiLU}(\mathrm{conv}_4(u'_{1:t})_t),\ s_t=\bar A_t s_{t-1}+\bar B_t u_t,\ y_t=C_t s_t+D\odot u_t\ (\bar A_t,\bar B_t,C_t\text{ computed from }u_t;\ d_s=16),\ o_t=W_{\mathrm{dn}}\big(y_t\odot\mathrm{SiLU}(z_t)\big);\ \ \text{i.e. }\Delta W_t=\tfrac{\alpha}{r}\,\lambda(x_{1:t})\,BA;\ \ \text{frozen: }W_0;\ \text{trained jointly: }A,B,P,\text{ the Mamba block},w_\phi,b_\phi;\ B_0=0,\ b_\phi\approx\operatorname{softplus}^{-1}(1);\ \ \text{MaRA (separate stage, LM frozen): }H_i=\mathrm{LM}_{1:K}(Q\Vert C_i),\ p_i=\textstyle\sum_j\operatorname{softmax}_j\big(q_a^{\top}\tanh(W_kH_{i,j})\big)H_{i,j},\ (s_1,\dots,s_N)=\mathrm{Mamba}_{2\text{ layers}}(W_{in}p_1,\dots,W_{in}p_N),\ r_i=\mathbf w_\ell^{\top}s_i,\ \tilde{\mathbf r}=W_gs_N\ (\text{training only}),\ \text{keep the top-}k\text{ segments by }r_i","r(d_{in}+d_{out})\ (\text{LoRA})+r\,d_{in}\ (P)+6r^2+6r\,d_s+4r\lceil r/16\rceil+16r\ (\text{Mamba-1 block of width }r,\text{ expand }2,\text{ conv }4,\ d_s=16,\text{ plus the }r\to1\text{ readout and an }r\text{-vector bias of which one entry is used})\ \text{per adapted matrix}\ (=3{,}392\text{ beyond }P\text{ at }r=d_s=16);\ \text{totals: }42.45\text{M (Qwen-2.5-7B)},\ 44.58\text{M (Llama-3.1-8B; }44{,}582{,}912\text{ exactly as in the released metrics)},\ 56.79\text{M (Gemma-2-9B)},\ \text{mean }47.9\text{M vs }30.7\text{M for LoRA }(\approx+56\%);\ \text{MaRA: }\approx2.9\text{–}3.1\text{M per model}","q_proj, k_proj, v_proj, up_proj and down_proj of every decoder layer of Qwen-2.5-7B, Llama-3.1-8B and Gemma-2-9B (also Qwen-2.5-3B). Each projection in each layer has its own modulator, which reads that projection's input \(x_t\) and runs causally over the token sequence. MaRA reads the hidden states of the first \(K\) frozen layers (\(K=12\) to \(20\)) for each (query, paragraph) pair and acts on the context before generation.","A rank-\(r\) LoRA delta whose magnitude is a positive scalar gate that depends on the token history, \(\Delta W_t=\tfrac{\alpha}{r}\lambda(x_{1:t})BA\): the direction \(BA\) is static and only the strength changes per token. The gate is a causal, stateful function of the prefix: a selective state-space (Mamba/S6) recurrence of width \(r\) over the projected inputs \(Px_1,\dots,Px_t\), read out by a linear head and a softplus. It can therefore both suppress (\(\lambda<1\)) and amplify (\(\lambda>1\)) the update. The TopLoRA baseline instead inserts a stateless per-token diagonal \(\Lambda(x_t)=\mathrm{diag}(\exp(\mathrm{RMSNorm}(Px_t)))\). MaLoRA trades the diagonal for a scalar (a stateful diagonal variant gave no consistent gain, Appendix C) and gives the gate memory across tokens. READ and SSMLoRA also use recurrence, but across layers; MaLoRA's runs across tokens. At the token level, GRU and LSTM gates perform about the same as the Mamba gate, so recurrence itself is what matters there. The paper notes that with KV caching the recurrence is restarted at each generated position, so only the prompt is modulated with its full history. MaRA is a separate adapter at the retrieval level, not a weight update. It combines an attention pool over frozen early-layer states, a two-layer Mamba that runs over paragraphs rather than tokens, and linear local and global scoring heads. It selects the top-\(k\) paragraphs (\(k=12\) on MuSiQue, \(k=4\) on 2WikiMultihopQA) over \(N_p=4\) chained passes and is trained on supporting-paragraph labels against the unadapted backbone, separately from MaLoRA.",no,"The effective delta \(\tfrac{\alpha}{r}\lambda(x_{1:t})BA\) changes from token to token, so it cannot be folded into \(W_0\). The modulator must run at inference: one \(d_{in}\to r\) projection plus a width-\(r\), \(d_s=16\) Mamba step per token. Folding is possible only if \(\lambda\) is frozen to a constant \(c\), giving \(W_0+c\,\tfrac{\alpha}{r}BA\), and that changes the model.","\(B_0=0\) gives \(\Delta W_t=0\) and \(h_t=W_0x_t\) for every token. In the released code the gate bias starts at \(\operatorname{softplus}^{-1}(1)\approx0.54\) (plus small noise) and the readout weights are small, so \(\lambda_t\approx1\) and training starts as plain LoRA. The paper notes that its Eq. 3 reduces to LoRA when \(\lambda\equiv1\).","LoRA applies one static update to every token. MaLoRA rescales that update per token with a gate \(\lambda(x_{1:t})\) produced by a Mamba recurrence over the prefix, so the adapter's strength depends on the whole trajectory up to token \(t\), not only on \(x_t\). The learned gate is mostly suppressive and separates token roles (markers and query versus content), but it does not separate supporting from distractor paragraphs. That limit motivates MaRA, which applies the same state-space idea one level up as a paragraph selector of about 3M parameters.","At \(r=16\), MaLoRA alone raises MuSiQue F1 over LoRA from 51.1/54.4/59.8 to 56.4/62.3/63.7 on Qwen-2.5-7B/Llama-3.1-8B/Gemma-2-9B (ahead of stateless TopLoRA in every cell, Table 1). Adding MaRA gives +6.4 F1 over LoRA on average across the \(3\times2\) backbone-dataset grid (+2.1 to +8.1 per cell, Table 4).",False,method,F_T,Fun,"MaLoRA pulls LoRA back along a causal gate that depends on the whole prefix: per token the weight is \(W_0+\tfrac\alpha r\lambda_tBA\), a point on one fixed ray of LoRA's cone, and \(\lambda\equiv1\) is LoRA. It replaces aLoRA's position switch by a learned, content-dependent soft gate that is also active on the prompt.",dokme2026selective,F_T,Fun,neutral,GL,GLxGL,Minf,
model-soups,Model Soups,Model soups (uniform / greedy weight averaging of fine-tuned models),Model soups: averaging weights of multiple fine-tuned models improves accuracy without increasing inference time,Wortsman et al.,2022,ICML 2022,2203.05482,https://arxiv.org/abs/2203.05482,https://github.com/mlfoundations/model-soups,False,,composition-or-routing,"W^{\mathrm{soup}}=\tfrac{1}{|\mathcal{S}|}\sum_{i\in\mathcal{S}}W_i=W_0+\tfrac{1}{|\mathcal{S}|}\sum_{i\in\mathcal{S}}\Delta W_i,\ \ \mathcal{S}\subseteq\{1,\dots,N\};\ \text{uniform soup: }\mathcal{S}=\{1,\dots,N\};\ \text{greedy soup: add models in order of validation accuracy, keep }i\text{ only if held-out accuracy does not drop};\ \text{all }W_i\text{ frozen, nothing trained}",0\ \text{(post-hoc average of }N\text{ fine-tuned models sharing one pre-trained initialization)},all parameters of fully fine-tuned models that share a pre-trained initialization,Equal-weight barycentre (convex combination) of \(N\) points in weight space that share the base point \(W_0\); the greedy soup is the barycentre of a validation-selected subset.,yes,"The soup is a single weight vector of the original architecture, so inference costs exactly one model.",Not applicable (training-free); a soup of a single model returns that model.,"Models fine-tuned from the same pre-trained weights with different hyper-parameters tend to lie in one low-error basin, so averaging their weights gives ensemble-like accuracy and robustness at single-model cost.","A greedy soup of fine-tuned ViT-G/14 models reached 90.94% ImageNet top-1, above the best single model of the sweep (90.78%).",True,method,P,–,"A soup is the barycentre map of the affine space \(\Theta\), applied to a tuple of trained points. It is natural under all of \(\mathrm{Aff}(\Theta)\), and unlike task arithmetic it never refers to the base point. As an object it is the point \(\lambda=\mathbf 1_S/|S|\) of task arithmetic's coefficient family, and so it lives in the unpointed slice.",wortsman2022model,P,,unpointed,,GLxGL,M1,
fisher-merging,Fisher Merging,Fisher-weighted averaging,Merging Models with Fisher-Weighted Averaging,Matena and Raffel,2021,NeurIPS 2022,2111.09832,https://arxiv.org/abs/2111.09832,https://github.com/mmatena/model_merging,False,,composition-or-routing,"W^{\star}_{[p]}=\frac{\sum_{i=1}^{N}\lambda_i\,F_{i,[p]}\,W_{i,[p]}}{\sum_{i=1}^{N}\lambda_i\,F_{i,[p]}}\ \ (\text{per coordinate }p),\quad F_i=\mathbb{E}_{x}\,\mathbb{E}_{y\sim p_{\theta_i}(y\mid x)}\big[(\nabla_{\theta}\log p_{\theta_i}(y\mid x))^{2}\big],\ \lambda_i\ge0,\ \textstyle\sum_i\lambda_i=1;\ \text{models frozen}","0\ \text{(one diagonal Fisher estimate per model, same size as the model)}",all shared parameters of models fine-tuned from the same initialization (task heads excluded),"Per-coordinate precision-weighted mean: the maximizer of \(\sum_i\lambda_i\log\mathcal{N}(\theta;\theta_i,F_i^{-1})\) under a diagonal Laplace approximation of each posterior; isotropic averaging is the case \(F_i=I\).",yes,The output is one set of weights for the original architecture.,Not applicable (training-free).,View merging as maximizing the joint likelihood of the models' posteriors; using each model's diagonal Fisher information as its posterior precision lets every coordinate be dominated by the model that is most certain about it.,Fisher merging beats isotropic averaging for robust fine-tuning and model ensembling and is competitive with intermediate-task transfer and domain-adaptive pre-training at much lower cost.,False,method,P,–,"Fisher merging is the barycentre of the \(\theta_i\) for the diagonal metrics \(F_i\), i.e. the maximiser of a product of diagonal Laplace posteriors. The diagonal approximation fixes a privileged basis, so this is a coordinate (Mon) operation. It sits between plain soups (\(F_i=I\), affine-natural) and full-Fisher merging (\(GL\)-natural).",matena2021merging,P,,unpointed,,MonxMon,M1,
regmean,RegMean,Regression Mean (dataless knowledge fusion),Dataless Knowledge Fusion by Merging Weights of Language Models,Jin et al.,2022,ICLR 2023,2212.09849,https://arxiv.org/abs/2212.09849,https://github.com/bloomberg/dataless-model-merging,False,,composition-or-routing,"W^{\star}=\Big(\sum_{i=1}^{N}W_i\tilde G_i\Big)\Big(\sum_{i=1}^{N}\tilde G_i\Big)^{-1}=\arg\min_{W}\sum_i\|X_iW^{\top}-X_iW_i^{\top}\|_F^2\ (\text{with regularization}),\ G_i=X_i^{\top}X_i\in\mathbb{R}^{d_{in}\times d_{in}},\ \tilde G_i=\alpha G_i+(1-\alpha)\operatorname{diag}(G_i);\ \text{non-linear-layer weights simply averaged}",0\ \text{(stores one }d_{in}\times d_{in}\text{ Gram matrix per linear layer per model)},every linear layer (embeddings and biases averaged),"Layer-wise least-squares merge: the merged linear map is the Gram-weighted matrix mean of the individual maps; equals simple averaging when all \(G_i\) are equal, and the off-diagonal shrinkage \(\alpha\) (\(\approx0.9\)) acts as a pull toward the individual weights.",yes,Produces one weight matrix per layer of the original architecture.,"Not applicable (training-free, closed form).","Merge each linear layer so that on every model's own training inputs it reproduces that model's outputs as closely as possible; this regression has a closed form that needs only inner-product statistics of the inputs, not the data itself.",Across GLUE-style merging settings RegMean significantly outperforms Fisher-weighted averaging and model ensembling baselines and can preserve or improve individual-model performance without training data.,False,method,P,–,"RegMean is a barycentre of the linear maps \(W_i\), weighted by their input Gram matrices: the least-squares map that reproduces every model on its own inputs. It does not use \(\theta_0\), and at \(\alpha=1\) it is \(GL\times GL\)-natural. The off-diagonal shrinkage is what brings back a privileged input basis.",jin2022dataless,P,,unpointed,,MonxGL,M1,
task-arithmetic,Task Arithmetic,Task arithmetic with task vectors,Editing Models with Task Arithmetic,Ilharco et al.,2022,ICLR 2023,2212.04089,https://arxiv.org/abs/2212.04089,https://github.com/mlfoundations/task_vectors,True,"LoraModel.add_weighted_adapter(weights, combination_type='svd' | 'cat' | 'linear'): 'svd' sums the weighted dense deltas exactly and then truncates them to svd_rank by SVD, 'cat' is exact at rank sum r_i, and 'linear' mixes the A and B factors (an approximation with cross terms); low-level operator peft.utils.merge_utils.task_arithmetic",composition-or-routing,"\tau_i=\theta_i-\theta_0\ \ (\text{per matrix }\Delta W_i=W_i-W_0);\quad \theta_{\mathrm{new}}=\theta_0+\lambda\,\tau_{\mathrm{new}},\ \ \tau_{\mathrm{new}}\in\Big\{\textstyle\sum_i\tau_i\ (\text{addition}),\ -\tau\ (\text{negation}),\ \tau_C+(\tau_B-\tau_A)\ (\text{analogy})\Big\};\ \lambda\text{ tuned on held-out data; no training}",0\ \text{(one scalar }\lambda\text{ chosen on validation data)},all parameters shared between the pre-trained and fine-tuned models,"Vector-space operations (sum, negation, analogy) on displacement vectors from the common base point \(\theta_0\); the edited model is \(\theta_0\) plus a linear combination of task vectors.",yes,The edited model is a single weight vector of the original architecture; only element-wise operations on weights are used.,Not applicable (training-free); \(\lambda=0\) recovers the pre-trained model and \(\lambda=1\) with one task vector recovers that fine-tuned model.,"A fine-tuning run defines a direction in weight space; adding such task vectors builds multi-task models, negating one makes the model forget a task or behaviour, and analogies transfer skills to tasks with little data.","Adding task vectors from 8 CLIP image-classification tasks gives one model at 91.2% normalized accuracy (98.9% for pairs), and negating a toxicity task vector reduces toxic generations with little loss of fluency.",True,method,P,Lin,"Task arithmetic uses the vector-space structure of \(T_{\theta_0}\Theta\) post hoc: its coefficient family is the linear method spanned by the task vectors, pointed at \(\lambda=0\). It is the \(GL(\Theta)\)-natural merge. For LoRA inputs it is the gauge-invariant rule, landing in \(\mathrm{LoRA}_{Nr}\) (Prop V.4(a)).",ilharco2022editing,P,Lin,regular,none,GLxGL,M1,idempotent
ties-merging,TIES-Merging,"TrIm, Elect Sign & Merge",TIES-Merging: Resolving Interference When Merging Models,Yadav et al.,2023,NeurIPS 2023,2306.01708,https://arxiv.org/abs/2306.01708,https://github.com/prateeky2806/ties-merging,True,"LoraModel.add_weighted_adapter(combination_type='ties' | 'ties_svd', density=k, majority_sign_method='total' | 'frequency'); 'ties' trims and elects signs on the lora_A and lora_B factors separately, 'ties_svd' on the dense Delta W followed by SVD truncation; also IA3 vectors via merge_utils.ties",composition-or-routing,"\hat\tau_i=\operatorname{TopK}_{k\%}(\tau_i)\ (\text{trim});\quad \gamma^{p}=\operatorname{sgn}\Big(\textstyle\sum_{i}\hat\tau_i^{p}\Big)\ (\text{elect});\quad \tau_m^{p}=\frac{1}{|\mathcal{A}^{p}|}\sum_{i\in\mathcal{A}^{p}}\hat\tau_i^{p},\ \mathcal{A}^{p}=\{i:\operatorname{sgn}(\hat\tau_i^{p})=\gamma^{p}\}\ (\text{disjoint merge});\quad \theta_m=\theta_0+\lambda\,\tau_m","0\ \text{(hyper-parameters }k\approx20\%,\ \lambda\approx1)","task vectors of full fine-tuning or of PEFT parameters (e.g. (IA)\(^3\) vectors, LoRA factors in HF PEFT)","Coordinate-wise non-linear aggregation: magnitude sparsification, sign election by total mass, and a mean over agreeing non-zero entries only; not a linear combination of task vectors.",yes,"The merged task vector is added to the base weights once, giving a standard model.",Not applicable (training-free).,"Merging interference comes from redundant small updates and sign conflicts; trimming small entries, electing one sign per parameter and averaging only agreeing values recovers much of the accuracy lost by plain averaging.","With validation-tuned hyper-parameters, TIES outperforms averaging, Fisher merging, RegMean and Task Arithmetic across T5, ViT and (IA)\(^3\)-PEFT merges, in-domain and out-of-domain. Without a validation set, the fixed recipe (\(k = 20\%\), \(\lambda = 1\)) is weaker than Task Arithmetic for the T5-base (IA)\(^3\) merge (69.7 vs 73.2).",True,method,P,Lin,"TIES applies a coordinatewise, magnitude- and sign-dependent operation to task vectors in \(T_{\theta_0}\Theta\), followed by the line method \(\theta_0+\mathbb R\tau_m\). Its naturality group is \(\mathbb R^\times\cdot B_N\): it presupposes the coordinate basis and is not \(O(N)\)-natural. Applied to LoRA factors (HF's non-SVD `ties`), it is also gauge-dependent.",yadav2023ties,P,Lin,regular,none,MonxMon,M1,idempotent
dare,DARE,Drop And REscale,Language Models are Super Mario: Absorbing Abilities from Homologous Models as a Free Lunch,Yu et al.,2023,ICML 2024,2311.03099,https://arxiv.org/abs/2311.03099,https://github.com/yule-BUAA/MergeLM,True,"LoraModel.add_weighted_adapter(combination_type='dare_linear' | 'dare_ties' | 'dare_linear_svd' | 'dare_ties_svd', density=1-p)",composition-or-routing,"m_i\sim\operatorname{Bernoulli}(p)\ \text{elementwise},\quad \hat\tau_i=\frac{(\mathbf{1}-m_i)\odot\tau_i}{1-p};\quad \theta_m=\theta_0+\lambda\textstyle\sum_i\hat\tau_i\ (\text{DARE+TA})\ \text{or TIES on }\{\hat\tau_i\};\ \text{no training}","0\ \text{(drop rate }p\text{, up to }0.9\text{--}0.99)",delta parameters (fine-tuned minus pre-trained) of homologous SFT models; LoRA factors in HF PEFT,"Random sparse coordinate mask with inverted-dropout rescaling \(1/(1-p)\), which preserves the expectation of each delta and of its action on inputs; a pre-processing operator applied before any merge rule.",yes,"Sparsified deltas are added back to the base weights, giving one ordinary model.",Not applicable (training-free).,"SFT deltas of language models are extremely redundant: randomly dropping 90-99% of them and rescaling the rest barely changes behaviour, and sparsified deltas of several homologous models interfere less when merged.","DARE removes 90% or even 99% of delta parameters with little performance loss, and a DARE-merged 7B model ranked first among 7B models on the Open LLM Leaderboard at the time.",True,method,P,Lin,"DARE is a random coordinate mask with inverted-dropout rescaling: a pre-processing operator on \(T_{\theta_0}\Theta\) that is exactly natural under the torus and natural under permutations in law. It preserves each task vector in expectation, so DARE+TA equals task arithmetic in law, not mask by mask.",yu2023language,P,Lin,regular,none,MonxMon,M1,idempotent
adamerging,AdaMerging,Adaptive Model Merging,AdaMerging: Adaptive Model Merging for Multi-Task Learning,Yang et al.,2023,ICLR 2024,2310.02575,https://arxiv.org/abs/2310.02575,https://github.com/EnnengYang/AdaMerging,False,,composition-or-routing,"\theta_m^{l}=\theta_0^{l}+\sum_{i=1}^{N}\lambda_i^{l}\,\tau_i^{l}\ \ (\text{layer-wise; task-wise uses one }\lambda_i\text{ per model});\quad \{\lambda\}=\arg\min_{\lambda}\sum_{x\in\mathcal{D}^{\mathrm{unlab}}_{\mathrm{test}}}H\big(f_{\theta_m(\lambda)}(x)\big),\ H=\text{prediction entropy};\ \text{task vectors frozen}",N\ \text{per layer (layer-wise) or }N\text{ in total (task-wise)},task vectors of all layers (CLIP ViT image encoders in the paper),"Learned layer-wise linear combination of task vectors, fitted by test-time entropy minimization on unlabeled multi-task inputs.",yes,After learning the coefficients the merged weights form one ordinary model.,Coefficients initialized to the task-arithmetic default \(\lambda=0.3\) (not an identity initialization).,Merging coefficients matter a lot; they can be learned per task and per layer without labels by minimizing the entropy of the merged model's predictions on unlabeled test inputs.,"Merging eight ViT task models, AdaMerging improves average accuracy by about 11% over Task Arithmetic and generalizes better to unseen tasks and distribution shift.",False,method,P,Lin,AdaMerging trains a \(\oplus\) of \(NL\) frozen line methods \(\lambda\mapsto\lambda\tau_i^l\) by test-time entropy minimisation. For LoRA task vectors this is exactly CAT's coefficient object. The two differ only in loss and starting point.,yang2023adamerging,P,Lin,defect,none,GLxGL,M1,idempotent
tsv-merge,TSV-Merge,Task Singular Vectors Merge (TSV-M) and Compress (TSV-C),Task Singular Vectors: Reducing Task Interference in Model Merging,Gargiulo et al.,2024,CVPR 2025,2412.00081,https://arxiv.org/abs/2412.00081,https://github.com/AntoAndGar/task_singular_vectors,False,,composition-or-routing,"\Delta_i=U_i\Sigma_iV_i^{\top}\ (\text{keep top }1/N\text{ components});\ U=[U_1|\cdots|U_N],\ \Sigma=\operatorname{blockdiag}(\Sigma_1,\dots,\Sigma_N),\ V=[V_1|\cdots|V_N];\ U=P_UD_UQ_U^{\top}\Rightarrow U_\perp=P_UQ_U^{\top}\ (\text{same for }V);\ W=W_0+\alpha\,U_\perp\Sigma V_\perp^{\top}","0\ \text{(one scaling }\alpha\text{; the paper finds }\alpha=1\text{ best, so no tuning is needed)}",per-layer task matrices of all weight matrices (ViT CLIP encoders in the paper),"Per-layer low-rank truncation of each task matrix, then orthogonalization (whitening, equivalently orthogonal Procrustes) of the concatenated singular-vector bases to remove cross-task overlap measured by the Singular Task Interference \(\|(U^{\top}U-I)\Sigma(V^{\top}V-I)\|_1\).",yes,The merged matrix is added once to the pre-trained weights.,Not applicable (training-free).,"Layer task matrices are low-rank, so each can be kept as its top singular vectors; interference appears as overlap between different tasks' singular vectors and can be removed by orthogonalizing the stacked bases before summation.","TSV-C compresses task matrices to 10% of their size while retaining 99% of accuracy, and TSV-M significantly outperforms prior merging methods on 8/14/20-task ViT benchmarks.",False,method,P,Lin,"TSV-M works in the spectral frames of the task matrices. It truncates each matrix to its top singular triples and replaces the stacked bases by their polar factors, the nearest orthonormal frames. This is a \(CO\times CO\) (spectral) operation, and its output generally leaves the span of the task vectors.",gargiulo2024task,P,Lin,regular,none,OxO,M1,idempotent
knots,KnOTS,Knowledge Orientation Through SVD,Model merging with SVD to tie the Knots,Stoica et al.,2024,ICLR 2025,2410.19735,https://arxiv.org/abs/2410.19735,https://github.com/gstoica27/KnOTS,False,,composition-or-routing,"\big[\Delta W^{(1)}\ \cdots\ \Delta W^{(N)}\big]=U\Sigma\,\big[V^{(1)};\dots;V^{(N)}\big]^{\top}\ \ (\Delta W^{(i)}=B_iA_i);\quad V^{(m)}=\operatorname{Merge}\big(V^{(1)},\dots,V^{(N)}\big)\ (\text{TA, TIES, DARE},\dots);\quad W=W_0+U\Sigma\,V^{(m)\top}","0\ \text{(data-free, gradient-free)}","LoRA-adapted attention projections (\(q\), \(k\), \(v\), \(o\)) of ViT-B/32, ViT-L/16 and Llama3-8B LoRA models in the paper (rank 16)",Joint SVD of the column-concatenated LoRA updates: a shared orthonormal output basis \(U\Sigma\) (rank \(\le N r\)) and task-specific input-side factors \(V^{(i)}\); any existing merge rule is applied in this aligned coordinate system.,yes,The merged update \(U\Sigma V^{(m)\top}\) is a dense matrix added to \(W_0\).,Not applicable (training-free).,LoRA updates of different tasks are much less aligned than full fine-tuning deltas; re-expressing them in a common SVD basis aligns them so that standard merging rules stop destroying each other's information.,"KnOTS improves LoRA merging by up to 4.3% across vision and language benchmarks, including a new joint-task benchmark for general models.",True,method,P,Lin,"KnOTS is the joint gauge fixing of Prop V.4(b): a joint SVD of the concatenated updates produces a shared factor \(U\Sigma\), and coordinatewise merge rules then act on the task-specific factors. With task arithmetic as the inner rule it is exactly task arithmetic, since \(U\Sigma\sum_i\lambda_iV^{(i)\top}=\sum_i\lambda_i\Delta W^{(i)}\). Its content lies in the coordinatewise rules it makes well defined.",stoica2024model,P,Lin,regular,none,OxO,M1,idempotent
pem-arithmetic,PEM Arithmetic,Composing parameter-efficient modules with arithmetic operations,Composing Parameter-Efficient Modules with Arithmetic Operations,Zhang et al.,2023,NeurIPS 2023,2306.14870,https://arxiv.org/abs/2306.14870,https://github.com/hkust-nlp/PEM_composition,True,"LoraModel.add_weighted_adapter(combination_type='linear'): PEFT scales each factor by sqrt(|w_i| * scaling_i) and puts the sign on lora_A only, so weights w_i = lambda_i^2 reproduce PEM addition and a negative weight reproduces PEM negation; IA3Model.add_weighted_adapter gives (IA)^3 addition, but the affine negation l -> 2 - l is not built in",composition-or-routing,"\theta^{\mathrm{add}}=\lambda\theta^{(1)}\oplus(1-\lambda)\theta^{(2)}:=\lambda\theta^{(1)}+(1-\lambda)\theta^{(2)}\ \ (\text{component-wise on }(A,B)\text{ or on }l);\quad \ominus\theta_{\mathrm{LoRA}}=\{A,-B\}\ \Rightarrow\ \Delta h=BAx\mapsto-\Delta h;\quad \ominus l_{(IA)^3}=\mathbf{2}-l;\ \text{e.g. domain transfer }\theta^{(1)}\ominus\theta^{(2)}\oplus\theta^{(3)};\ \text{no training}",0\ \text{(weight }\lambda\text{ tuned on validation)},LoRA factors or (IA)\(^3\) scaling vectors of modules trained from the same base model,"Addition is defined on module parameters (for LoRA \((A_1+A_2),(B_1+B_2)\), which creates cross terms \(B_1A_2+B_2A_1\)), whereas negation is defined through the induced hidden-state change \(\Delta h\): negate only \(B\) for LoRA, \(l\mapsto 2-l\) for (IA)\(^3\), because negating both factors leaves \(BA\) unchanged.",yes,"The composed module is again a LoRA/(IA)\(^3\) module, which can be folded into the base weights.",Not applicable (training-free).,"PEFT modules trained from one base model can be composed by weight-space arithmetic; the subtle part is negation, which must flip the module's effect on hidden states rather than its raw parameters.","Arithmetic compositions of LoRA/(IA)\(^3\) modules (RoBERTa-base, T5-base) beat the individual modules for distribution generalization, multi-tasking, unlearning and domain transfer, and LoRA negation detoxifies Alpaca-LoRA.",False,method,P,–,"PEM arithmetic composes modules in factor space: barycentric addition of factors, plus a negation defined through the induced update. For (IA)\(^3\), whose \(\rho\) is linear and gauge-free, this is exactly task arithmetic on updates. For LoRA the addition is a factor-wise rule with cross terms \(B_1A_2+B_2A_1\), and it depends on the factor representatives.",zhang2023composing,P,,unpointed,,GLxGL,M1,
adaptersoup,AdapterSoup,AdapterSoup: weight averaging of domain adapters,AdapterSoup: Weight Averaging to Improve Generalization of Pretrained Language Models,Chronopoulou et al.,2023,Findings of EACL 2023,2302.07027,https://aclanthology.org/2023.findings-eacl.153/,,False,,composition-or-routing,"\theta_{\mathrm{soup}}=\tfrac{1}{l}\sum_{i\in\mathcal{S}}\theta_i,\ |\mathcal{S}|=l\le k;\quad y=f\big(x;\theta_m,\theta_{\mathrm{soup}}\big);\ \mathcal{S}\text{ chosen by sentence-BERT similarity or domain clustering on a little novel-domain text};\ \text{PLM }\theta_m\text{ and all adapters frozen}","0\ \text{for the novel domain (}k\text{ domain adapters are trained beforehand, each a bottleneck adapter of }\approx2rd\text{ per layer)}",Bapna and Firat (2019)-style bottleneck adapters (bottleneck size 64) in every Transformer layer of GPT-2,Uniform average (a model soup) of a retrieved subset of adapter parameter vectors; one averaged adapter is executed at test time.,no,"The soup collapses the selected adapters into one adapter, so inference costs a single adapter. That adapter is a nonlinear bottleneck module and cannot fold into \(W_0\). The same recipe applied to LoRAs (mentioned only as future work) would be foldable.",Not applicable (training-free combination of trained adapters).,"For an unseen domain, rather than picking one related-domain adapter, average the weights of several selected domain adapters to obtain ensemble-like gains at the cost of a single adapter.","On 10 held-out web domains with GPT-2, AdapterSoup with clustering-based selection gives the best average out-of-domain perplexity among single-adapter-cost methods.",False,method,P,Fun,"AdapterSoup is the model-soup barycentre applied in the parameter space \(\Theta'\) of an adapter extension, with the backbone fixed at \(\theta_0\). The adapter is non-linear, so averaging parameters is not averaging functions, and the result stays M∞. It reduces inference cost to one adapter but never returns to \(\Theta\).",chronopoulou2023adaptersoup,P,Fun,unpointed,,,Minf,
lorahub,LoraHub,LoraHub: dynamic LoRA composition,LoraHub: Efficient Cross-Task Generalization via Dynamic LoRA Composition,Huang et al.,2023,COLM 2024,2307.13269,https://arxiv.org/abs/2307.13269,https://github.com/sail-sg/lorahub,False,,composition-or-routing,"\Delta W=\Big(\sum_{i=1}^{N}w_iB_i\Big)\Big(\sum_{i=1}^{N}w_iA_i\Big),\ \ w\in\mathbb{R}^{N}\ (\text{signed});\quad w^{\star}=\arg\min_{w}\ \mathcal{L}_{Q}(w)+\alpha\textstyle\sum_i|w_i|\ \text{by gradient-free CMA-ES (Nevergrad Shiwa)};\ W=W_0+\Delta W;\ \text{base model and all }(A_i,B_i)\text{ frozen}","N\ \text{scalars in total (e.g. }N=20\text{ randomly sampled LoRAs), shared by all layers}",all LoRA-adapted matrices of the base model (Flan-T5 in the paper),"Element-wise linear combination of the factor matrices (a product of sums, which introduces cross terms \(B_iA_j\)), with one global coefficient per module found by black-box optimization on a few examples.",yes,The composed LoRA has fixed weights and can be merged into \(W_0\) like any LoRA.,Not applicable (only composition weights are searched; modules are pre-trained).,"Given a hub of task LoRAs, an unseen task can be handled by searching, without gradients, for a weighted combination of existing LoRAs that minimizes loss on a handful of examples.","On Big-Bench Hard with Flan-T5-large and 20 candidate LoRAs, LoraHub approaches few-shot in-context learning while using far fewer tokens per example at inference.",True,method,P,Cone,"LoraHub's coefficient object is a quadratic cone over the frozen modules, pointed at its vertex \(w=0\). Its composition rule is a factor-wise product of sums that does not descend to a function of the adapters \(B_iA_i\) (Prop V.4). It behaves like update arithmetic only when the modules share an \(A\)-seed (Prop V.4, prediction).",huang2023lorahub,P,Cone,apex,none,GLxGL,M1,
lora-soups,LoRA Soups (CAT),Learnable concatenation of LoRAs (CAT),LoRA Soups: Merging LoRAs for Practical Skill Composition Tasks,Prabhakar et al.,2024,COLING 2025 (Industry Track),2410.13025,https://arxiv.org/abs/2410.13025,https://github.com/aksh555/LoRA-Soups,False,,composition-or-routing,"\Delta W^{l}=\sum_{i=1}^{N}\alpha_i^{l}\,B_iA_i=\big[\alpha_1^{l}B_1\ \cdots\ \alpha_N^{l}B_N\big]\begin{bmatrix}A_1\\ \vdots\\ A_N\end{bmatrix};\ \ \alpha_i^{l}\text{ trained per layer on a small data mixture};\ W_0\text{ and all }(A_i,B_i)\text{ frozen}",N\ \text{per layer},all LoRA-adapted matrices (Llama-family models in the paper),"Rank-concatenation (direct sum along the rank axis) of LoRA factors with learned layer-wise scalars: a weighted sum of the LoRA updates without the cross terms of factor averaging; merged rank \(\sum_i r_i\). HF PEFT's add_weighted_adapter(combination_type='cat') builds the same concatenated adapter with fixed, user-given weights.",yes,"Coefficients are input-independent, so the concatenated LoRA is a fixed low-rank update that can be folded into \(W_0\).",Not applicable; only the merging coefficients are trained after the skill LoRAs exist.,"For skill composition (e.g. hard math word problems solved by writing code), concatenating independently trained skill LoRAs and learning only per-layer mixing weights beats both data mixing and parameter-averaging merges.","On GSM-Hard, CAT beats existing model-merging and data-mixing baselines by 43% and 12% on average and shows super-linear gains over the individual skill LoRAs.",True,method,P,Lin,"CAT is a \(\oplus\)-word in the pointed slice: \(N\) frozen line methods per layer, whose sum is a linear sub-object of \(\mathrm{LoRA}_{\sum r_i}\). It combines products rather than factors, so it is gauge-invariant. That is exactly what separates it from LoraHub.",prabhakar2024lora,P,Lin,regular,none,GLxGL,M1,idempotent
lora-lego,LoRA-LEGO,LoRA-LEGO: rank-wise clustering of minimal semantic units,Merging LoRAs like Playing LEGO: Pushing the Modularity of LoRA to Extremes Through Rank-Wise Clustering,Zhao et al.,2024,ICLR 2025,2409.16167,https://openreview.net/forum?id=j6fsbpAllN,,False,,composition-or-routing,"s_{ij}=[a_{ij},b_{ij}]\ (a_{ij}\text{: row }j\text{ of }A_i,\ b_{ij}\text{: column }j\text{ of }B_i);\ \Phi=\textstyle\bigcup_i\{s_{i1},\dots,s_{ir_i}\};\ \{\mu_c\}_{c=1}^{k}=\operatorname{KMeans}_k(\Phi);\ \mu'_c=\frac{\overline{\|s\|}_{\mathbb{C}_c}}{\|\mu_c\|}\mu_c;\ A'=[a'_1;\dots;a'_k],\ B'=[b'_1\cdots b'_k];\ \Delta W=\tfrac{\sqrt{r}}{\sqrt{k}}\,B'A'","0\ \text{(merged rank }k,\ 1\le k\le\textstyle\sum_i r_i)",all LoRA-adapted matrices,Decomposes each LoRA into rank-1 'minimal semantic units' \(b_ja_j\) and uses two algebraic facts: permutation invariance \(BA=(BP^{\top})(PA)\) and concatenation-summation equivalence \([B_1\ B_2][A_1;A_2]=B_1A_1+B_2A_2\); units from all LoRAs are clustered and \(k\) centroids (norm- and variance-rescaled) form the merged LoRA.,yes,The result is an ordinary rank-\(k\) LoRA.,Not applicable (training-free).,"A LoRA is an unordered bag of rank-1 units, so merging should regroup similar units across LoRAs instead of averaging factor matrices position by position, which mixes misaligned units.",Outperforms existing LoRA merging approaches on multi-task and mixed-task benchmarks.,False,method,P,–,"LoRA-LEGO regroups rank-one units across modules, using the permutation part of LoRA's \(GL_r\) gauge together with the concatenation isomorphism \(\mathrm{LoRA}_r\oplus\mathrm{LoRA}_s\cong\mathrm{LoRA}_{r+s}\). It fixes only the finite permutation gauge, not \(GL_r\), so it is a rule on factor representatives, not on adapters.",zhao2024merging,P,,unpointed,,OxO,M1,
ziplora,ZipLoRA,ZipLoRA: merging subject and style LoRAs,ZipLoRA: Any Subject in Any Style by Effectively Merging LoRAs,Shah et al.,2023,ECCV 2024,2311.13600,https://arxiv.org/abs/2311.13600,,False,,composition-or-routing,"\Delta W_m=\Delta W_c\operatorname{diag}(m_c)+\Delta W_s\operatorname{diag}(m_s)\ (\text{one coefficient per column});\ \min_{m_c,m_s}\ \|(D\oplus L_m)(x_c,p_c)-(D\oplus L_c)(x_c,p_c)\|_2+\|(D\oplus L_m)(x_s,p_s)-(D\oplus L_s)(x_s,p_s)\|_2+\lambda\sum_{l}|m_c^{(l)}\cdot m_s^{(l)}|;\ W_0,\Delta W_c,\Delta W_s\text{ frozen}","2\times(\#\text{columns of }\Delta W)\ \text{per adapted matrix (two merger vectors), optimized for}\approx100\text{ steps}",LoRA-adapted layers of the SDXL UNet,"Column-wise diagonal re-weighting of two frozen dense LoRA updates, with a penalty on the overlap \(|m_c\cdot m_s|\) so that columns from the two LoRAs are not superimposed; relies on the sparsity of LoRA updates.",yes,The merged update is a fixed dense matrix added to \(W_0\).,"Merger vectors initialized to all ones, i.e. training starts from the direct merge \(\Delta W_c+\Delta W_s\).",Independently trained subject and style LoRAs interfere when their columns are aligned; learning per-column merger coefficients that keep the two LoRAs' columns apart while preserving each LoRA's own outputs yields a single subject-in-style LoRA.,"On SDXL, ZipLoRA improves subject and style fidelity over direct LoRA merging and other baselines while needing only about 100 optimization steps.",False,method,P,Lin,"ZipLoRA is a \(\oplus\) of two input-scaling methods on frozen updates, i.e. a column-wise (IA)\(^3\) on each \(\Delta W\), pointed at the direct merge. Its image lies in the frozen-\(B\) LoRA \(\{[B_c\ B_s]Y\}\). Its overlap penalty is a loss, not part of \(\rho\).",shah2023ziplora,P,Lin,defect,none,MonxGL,M1,idempotent
mix-of-show,Mix-of-Show,Mix-of-Show: ED-LoRA with gradient fusion,Mix-of-Show: Decentralized Low-Rank Adaptation for Multi-Concept Customization of Diffusion Models,Gu et al.,2023,NeurIPS 2023,2305.18292,https://arxiv.org/abs/2305.18292,https://github.com/TencentARC/Mix-of-Show,False,,composition-or-routing,"W=\arg\min_{W}\sum_{i=1}^{n}\big\|(W_0+\Delta W_i)X_i-WX_i\big\|_F^2\ \ \Big(\text{closed form }W=\big(\textstyle\sum_i(W_0+\Delta W_i)X_iX_i^{\top}\big)\big(\textstyle\sum_iX_iX_i^{\top}\big)^{-1}\Big),\ X_i:\ \text{layer inputs collected by sampling concept }i\text{ with its own ED-LoRA (data-free)}",d_{out}d_{in}\ \text{per fused layer during center-node fusion; each concept trains an ED-LoRA (}r(d_{in}+d_{out})\text{ per matrix plus token embeddings)},LoRA-adapted layers of the Stable Diffusion UNet and text encoder,"Activation-matched least-squares fusion of several concept LoRAs into one dense weight per layer, optimized with gradients; formally a data-free RegMean on self-generated activations.",yes,"Gradient fusion outputs one updated weight matrix per layer, so the multi-concept model has the original architecture.",Not applicable (post-hoc fusion of trained concept LoRAs).,Weight averaging of concept LoRAs destroys concept identity; fuse layer by layer so the merged weights reproduce each concept LoRA's input-output behaviour on activations decoded from that concept's own prompts.,Fusing independently trained ED-LoRAs this way preserves concept identity much better than weight fusion and enables multi-concept generation together with regionally controllable sampling.,False,method,P,–,"Mix-of-Show's gradient fusion is the RegMean barycentre at \(\alpha=1\), with Gram matrices taken from the activations each concept LoRA generates for itself. It is a basis-free merge that does not use \(\theta_0\). Its update \(\sum_i\Delta W_iG_i(\sum_jG_j)^{-1}\) is dense but still has rank \(\le\sum_ir_i\), and it leaves \(\mathrm{span}\{\Delta W_i\}\).",gu2023mix,P,,unpointed,,GLxGL,M1,
orthogonal-adaptation,Orthogonal Adaptation,Orthogonal adaptation for modular customization,Orthogonal Adaptation for Modular Customization of Diffusion Models,Po et al.,2023,CVPR 2024,2312.02432,https://arxiv.org/abs/2312.02432,,False,,composition-or-routing,"\Delta W_i=B_iA_i,\ B_i\in\mathbb{R}^{d_{out}\times r}\ \text{trained},\ A_i\in\mathbb{R}^{r\times d_{in}}\ \text{frozen: }r\text{ rows drawn at random from a shared orthogonal basis }O\in O(d_{in});\quad \text{merge (FedAvg-style): }W=W_0+\sum_i\lambda_i\Delta W_i\ (\lambda=0.6);\quad A_jA_i^{\top}\approx0\Rightarrow\Delta W_j\,A_i^{\top}A_i\approx0\ \text{(concept }j\text{ is blind to the subspace concept }i\text{ reads)};\ \text{paper's notation: }\Delta\theta_i=A_iB_i^{\top},\ B_i\text{ frozen}","r\,d_{out}\ \text{per adapted matrix (input-side factor frozen)}",customizable linear layers of a text-to-image diffusion model,"LoRA whose input-side factor is frozen and (approximately) mutually orthogonal across independently trained concepts, so each concept's update reads a nearly disjoint input subspace; merging is plain summation with little crosstalk.",yes,"Each concept update is a fixed low-rank matrix and the merge is a sum, foldable into \(W_0\).","The frozen factor is a random orthonormal slice; the update is zero at init only if the trainable factor starts at zero (as in LoRA), which the paper does not stress.","Make LoRAs mergeable by construction: if each user's update reads its input through a random slice of a shared orthogonal basis, independently trained concept residuals barely interfere when added.",Merged multi-concept Stable Diffusion models preserve identity better than FedAvg-style summation and match Mix-of-Show gradient fusion while merging almost instantly instead of ~15 minutes.,False,method,R-additive,Lin,"Orthogonal adaptation is LoRA-FA whose frames are drawn from one shared orthogonal basis. Independently trained concepts are therefore sub-objects \(\mathrm{FA}(A_i)\hookrightarrow\mathrm{FA}(A_S)\) of a single linear method with stacked frozen frame \(A_S\). Merging is addition inside that linear space, which is the shared-frozen-factor fix of Prop V.4(b), and the crosstalk is \(\Delta W_jA_i^\top A_i\approx0\).",po2023orthogonal,R,Lin,regular,none,frame,M1,idempotent
multi-lora-composition,LoRA Switch / LoRA Composite,Decoding-centric multi-LoRA composition,Multi-LoRA Composition for Image Generation,Zhong et al.,2024,TMLR 2024,2402.16843,https://arxiv.org/abs/2402.16843,https://github.com/maszhongming/Multi-LoRA-Composition,False,,composition-or-routing,"\text{Switch: }i(t)=\big\lfloor((t-1)\bmod k\tau)/\tau\big\rfloor+1,\ W_t=W_0+w_{i(t)}B_{i(t)}A_{i(t)};\quad \text{Composite: }\tilde\epsilon(z_t,c)=\tfrac{1}{k}\sum_{i=1}^{k}w_i\big[\epsilon_{\theta_i'}(z_t)+s\,(\epsilon_{\theta_i'}(z_t,c)-\epsilon_{\theta_i'}(z_t))\big];\ \text{training-free, LoRA weights untouched}",0,denoising trajectory of a text-to-image diffusion model,Composition in time (round-robin activation of one LoRA every \(\tau\) denoising steps) or in score space (averaging classifier-free-guided noise predictions of \(k\) LoRA-adapted models) instead of in weight space.,conditional,"LoRA Switch runs one merged LoRA at a time (original cost, weights swapped every \(\tau\) steps). LoRA Composite runs \(2k\) UNet evaluations per denoising step (conditional and unconditional for each of the \(k\) LoRA-adapted models), so it never reduces to one set of weights.",Not applicable (training-free).,"Instead of merging LoRA weights, compose LoRAs during decoding, either alternating them across denoising steps or averaging their guided scores, which scales to many LoRAs without weight interference.","On the ComposLoRA testbed (480 composition sets), both methods beat weight-space LoRA merging in GPT-4V and human evaluations, increasingly so as more LoRAs are composed.",False,method,P,Fun,"LoRA Switch is a family over the base \(T\) of denoising steps, each fibre a frozen line method. LoRA Composite is an ensemble in score space: a post-hoc operation that lands in functions rather than in \(\Theta\). Neither ever forms a single weight, which is how both avoid weight-space interference.",zhong2024multi,P,Fun,unpointed,,,Minf,
polytropon,Polytropon (Poly),Polytropon: latent-skill routing over parameter-efficient modules,Combining Parameter-efficient Modules for Task-level Generalisation,Ponti et al.,2022,EACL 2023,2202.13914,https://aclanthology.org/2023.eacl-main.49/,https://github.com/McGill-NLP/polytropon,True,"PolyConfig(poly_type='poly', n_skills, n_tasks, n_splits=1)",composition-or-routing,"\hat z_{\tau,j}\sim\text{Gumbel-sigmoid}(Z_{\tau,j}),\ \alpha_j=\frac{\hat z_{\tau,j}}{\sum_{j'}\hat z_{\tau,j'}};\ A^{\tau}=\sum_{j=1}^{|\mathcal{S}|}\alpha_jA_j,\ B^{\tau}=\sum_{j}\alpha_jB_j;\ h=W_0x+s\,B^{\tau}A^{\tau}x;\ \text{trained: skill inventory }\{A_j,B_j\}\text{ and task-skill logits }Z\in\mathbb{R}^{|\mathcal{T}|\times|\mathcal{S}|}\text{ per layer}","|\mathcal{S}|\,r(d_{in}+d_{out})+|\mathcal{T}||\mathcal{S}|\ \text{per adapted matrix}","LoRA skills on attention projections (q, k, v, o) of T5; sparse LT-SFT skills also studied",Task-conditioned normalized combination of a small inventory of LoRA skills; the task-skill allocation is a relaxed binary soft partition (optional Indian Buffet Process prior); factors are mixed separately (product of sums).,conditional,"For a known task the mixed \((A^\tau, B^\tau)\) is fixed and can be folded into \(W_0\) (one merged copy per task). Mixed-task batches need per-task routing. HF PEFT's Poly layer implements no merge/unmerge.","HF PEFT: routing logits \(\sim U(-10^{-3}, 10^{-3})\) (near uniform) and LoRA up-projections zero-initialized, so the model starts unchanged.","Assume tasks share a small inventory of latent skills; jointly learn which skills each task uses and the skills themselves, so new tasks can be few-shot adapted by recombining skills. (arXiv title: 'Combining Modular Skills in Multitask Learning'.)","Improves sample efficiency on 8 BabyAI levels and few-shot generalization on CrossFit (160 NLP tasks) over fully shared, task-specific and hypernetwork-generated baselines.",True,method,F_T,Cone,"Poly is a \(T\)-point of LoRA over the base of tasks, with a shared skill inventory: \(\rho\circ a:T\to\Theta\). Its product-of-sums rule has the same form as LoraHub's, but it is trained jointly. With generic allocations fixed and fewer skills than tasks, the only symmetry on the inventory is the diagonal \(GL_r\) (checked numerically). Training the allocations adds a skill-mixing group and a normalisation scale. Either way, the cross terms are a design choice rather than an ill-definedness.",ponti2022combining,F_T,Cone,apex,GL,GLxGL,M1,span
mhr,MHR,Multi-Head adapter Routing,Multi-Head Adapter Routing for Cross-Task Generalization,Caccia et al.,2022,NeurIPS 2023,2211.03831,https://arxiv.org/abs/2211.03831,https://github.com/microsoft/mttl,True,"PolyConfig(poly_type='poly', n_splits=h>1)",composition-or-routing,"A^{\tau}=\operatorname{concat}_{k=1}^{h}\Big(\sum_{j}\frac{\hat{\mathsf{Z}}_{\tau,j,k}}{\sum_{j'}\hat{\mathsf{Z}}_{\tau,j',k}}\,A_j[k]\Big)\ (\text{same for }B^{\tau}),\ A_j[k]:\ k\text{-th of }h\text{ disjoint blocks of the factor};\ h_{out}=W_0x+s\,B^{\tau}A^{\tau}x;\ \mathsf{Z}\in\mathbb{R}^{|\mathcal{T}|\times|\mathcal{M}|\times h}","|\mathcal{M}|\,r(d_{in}+d_{out})+|\mathcal{T}||\mathcal{M}|h\ \text{per adapted matrix; MHR-}z\text{ fine-tunes only }|\mathcal{M}|h\text{ routing logits per new task}",LoRA modules on attention projections (T5 / T0 backbones),"Block-wise task-conditioned mixing: a separate Polytropon routing for each of \(h\) disjoint blocks of the factor matrices (in HF PEFT, \(A\) is split along \(d_{in}\) and \(B\) along \(d_{out}\)), with the routed blocks concatenated.",conditional,For a known task the routed factors are fixed and the LoRA can be merged; routing must be resolved per task.,As Polytropon (near-uniform routing logits; zero-initialized up-projections in HF PEFT).,"Finer-grained routing is more expressive: letting different blocks of each adapter come from different modules beats whole-module mixing at equal budget, and the benefit of routing lies mostly in multi-task pre-training.","MHR outperforms Poly at comparable budget; routing-only MHR-z is competitive with extreme parameter efficiency, and MHR-mu (fine-tuning the averaged adapters) shows routing matters chiefly during multi-task pre-training.",True,method,F_T,Cone,"MHR is Poly with its routing refined over a partition of the input and output coordinates into \(h\) blocks. It is still a \(T\)-point of LoRA, but the family now carries an imposed block structure \(\Pi\) that Poly lacks. Poly is the diagonal sub-object \(Z\mapsto Z\otimes\mathbf 1_h\).",caccia2022multi,F_T,Cone,apex,GL,Pi,M1,span
smear,SMEAR,Soft Merging of Experts with Adaptive Routing,Soft Merging of Experts with Adaptive Routing,Muqeeth et al.,2023,TMLR 2024,2306.03745,https://openreview.net/forum?id=7I199lc54z,https://github.com/r-three/smear,False,,composition-or-routing,"y=\bar f\Big(u;\ \sum_{i=1}^{N}R(v)_i\,\theta_i\Big),\ \ R(v)=\operatorname{softmax}(W_rv);\ \theta_i:\text{ parameters of expert }i\text{ (adapters)};\ \text{experts and router trained end-to-end, backbone frozen}","N\cdot(2rd+r+d)+dN\ \text{per routing block (}N\text{ bottleneck-adapter experts plus a linear router), plus router/expert LayerNorms and the backbone LayerNorms}","expert routing blocks inserted after self-attention, feed-forward and cross-attention (T5) or after residual groups (ResNet)","Per-example soft parameter merging: the router's distribution averages expert parameters and the input passes through the single merged expert, keeping routing fully differentiable at the cost of one expert.",no,"The merged expert changes with every input, so it cannot be folded into fixed weights.",Experts are randomly initialized with different values to break symmetry; no identity guarantee.,Learned discrete routing underperforms because of poor gradient estimators; averaging expert parameters with the router's probabilities makes routing differentiable without extra compute.,"On T5-GLUE and ResNet-DomainNet, SMEAR outperforms metadata-based routing and routing learned with gradient estimators at similar inference cost.",False,method,F_T,Fun,"SMEAR is an \(X\)-point of an adapter extension. For each example it evaluates the adapter at the router-weighted barycentre of the expert parameters, i.e. a soup indexed by inputs. Parameter averaging is what makes the router differentiable, and it also ties all experts to one gauge representative.",muqeeth2023soft,F_T,Fun,defect,torus,,Minf,
mov,MoV / MoLoRA,Mixture of (IA)^3 Vectors / Mixture of LoRA experts,Pushing Mixture of Experts to the Limit: Extremely Parameter Efficient MoE for Instruction Tuning,Zadouri et al.,2023,ICLR 2024,2309.05444,https://arxiv.org/abs/2309.05444,https://github.com/for-ai/parameter-efficient-moe,False,,composition-or-routing,"\text{MoV: }E_{\mathrm{mix}}(x)=\sum_{i=1}^{N}s_i(x)\,l_i,\ s(x)=\operatorname{softmax}(W_gx),\ h\leftarrow E_{\mathrm{mix}}(x)\odot h\ \text{at each (IA)}^3\text{ site};\quad \text{MoLoRA: }\Delta W(x)=\sum_{i}s_i(x)\,B_iA_i;\ W_0\text{ frozen, experts and router trained}","\text{MoV: }N\,d_{site}+N\,d_{model}\ \text{per (IA)}^3\text{ site (}N\text{ scaling vectors of the site's width plus a }d_{model}\times N\text{ router)};\ \text{MoLoRA: }N\,r(d_{in}+d_{out})+N\,d_{in}\ \text{per matrix}","(IA)\(^3\) rescaling sites (keys, values, FFN intermediate) for MoV; linear layers for MoLoRA; T5 encoder-decoder","Token-level soft merging of lightweight experts: a router-weighted average of diagonal (IA)\(^3\) scaling vectors (multiplicative) or of LoRA experts, applied as one merged expert.",no,The merged scaling vector / LoRA depends on each token through the router.,"MoV expert vectors initialized to ones (identity scaling), so the network is unchanged at init.","Mixture-of-experts can be pushed to extreme parameter efficiency by making each expert an (IA)\(^3\) vector or a LoRA and merging experts softly, which also generalizes to unseen tasks without task metadata.","Instruction-tuning T5 on P3 with <1% of parameters updated, MoV matches full fine-tuning on unseen tasks at scale and improves over standard (IA)\(^3\) by up to 14.57% (3B) and 8.39% (11B).",False,method,F_T,Fun,"MoV is an \(X\)-point of (IA)\(^3\): a router-weighted barycentre of scaling vectors, evaluated per token. At its identity initialisation the router gets no task-loss gradient until the experts separate. That is a first-order fact about the family (the zero-gate lemma), not about any single expert.",zadouri2023pushing,F_T,Fun,neutral,none,,Minf,
loramoe,LoRAMoE,LoRAMoE: MoE-style LoRA plugin with localized balancing,LoRAMoE: Alleviating World Knowledge Forgetting in Large Language Models via MoE-Style Plugin,Dou et al.,2023,ACL 2024,2312.09979,https://aclanthology.org/2024.acl-long.106/,https://github.com/Ablustrund/LoRAMoE,False,,composition-or-routing,"o=W_0x+\tfrac{\alpha}{r}\sum_{i=1}^{N}\omega_i(x)\,B_iA_ix,\ \ \omega(x)=\operatorname{softmax}(W_g^{\top}x);\quad \mathcal{L}=\mathcal{L}_{\mathrm{task}}+\beta\,\frac{\sigma^2(I\circ Q)}{\mu(I\circ Q)},\ I_{n,m}=1\pm\delta\ \text{(localized balancing constraint)};\ W_0\text{ frozen}","N\,r(d_{in}+d_{out})+N\,d_{in}\ \text{per adapted FFN matrix}",linear layers of the feed-forward block,"Dense softmax mixture of \(N\) LoRA experts per FFN linear layer, with a soft balancing loss that dedicates one expert group to world-knowledge tasks and another to other downstream tasks.",no,Expert weights are computed per token by the router.,"Not discussed in the paper. The official code (Ablustrund/LoRAMoE, peft/tuners/lora.py) initializes every \(B_i\) to zero (\(A_i\) and router Kaiming-uniform), so the plugin starts as the identity regardless of the router.","Large-scale SFT erodes world knowledge stored in the backbone; freezing it and adding router-mixed LoRA experts, part of which are pushed toward knowledge tasks, keeps that knowledge while still learning downstream tasks.","Compared with vanilla SFT, LoRAMoE avoids the knowledge collapse and improves world-knowledge benchmarks by up to 63.9% (35.3% on average) while matching or beating SFT on other tasks.",True,method,F_T,Fun,"LoRAMoE is an \(X\)-point of LoRA\(_{Nr}\): per token, the routed sum \(\sum_i\omega_i(x)B_iA_i\) is a point of a stacked LoRA. So each fibre is in weight space while the family is function-level (M∞). Its localized balancing constraint is a loss on the router, not part of \(\rho\).",dou2023loramoe,F_T,Fun,neutral,GL,,Minf,
moelora,MOELoRA,Mixture-of-experts LoRA with task-motivated gate,When MOE Meets LLMs: Parameter Efficient Fine-tuning for Multi-task Medical Applications,Liu et al.,2023,SIGIR 2024,2310.18339,https://arxiv.org/abs/2310.18339,https://github.com/Applied-Machine-Learning-Lab/MOELoRA-peft,False,,composition-or-routing,"h_j=W_0x_j+\tfrac{\alpha}{r}\sum_{i=1}^{N}\omega_{ji}\,B_iA_ix_j,\ \ B_i\in\mathbb{R}^{d_{out}\times r/N},\ A_i\in\mathbb{R}^{r/N\times d_{in}};\quad \omega_j=\operatorname{softmax}(W_Te_j)\ \ (\text{one task-motivated gate shared by all layers},\ e_j\text{ task embedding})",r(d_{in}+d_{out})\ \text{per adapted matrix (same as one rank-}r\text{ LoRA) plus one global gate }(|\mathcal{T}|d_T+Nd_T),"query, key, value and FFN linear layers","A rank-\(r\) LoRA split into \(N\) rank-\((r/N)\) experts mixed by task-specific weights, i.e. a task-dependent block-diagonal re-weighting of the rank axis; sparse top-\(K\) gate variant also studied.",conditional,"Mixing weights depend only on the task id, so each task's update can be precomputed and merged into \(W_0\).","Not discussed in the paper. The official code (MOELoRA-peft, src/MLoRA/peft/tuners/mmoelora.py) zero-initializes the expert up-projections, so the model is unchanged at init.",Different medical tasks need different parameter combinations; splitting LoRA into experts and letting a task-id-driven gate mix them yields task-specific updates at LoRA's parameter cost.,"On the PromptCBLUE multi-task Chinese medical benchmark with ChatGLM-6B, MOELoRA outperforms LoRA and other PEFT baselines.",False,method,F_T,Cone,"MOELoRA is a \(T\)-point of LoRA\(_r\) over tasks. The task acts on the rank wire by a block-diagonal scaling \(\mathrm{diag}(\omega_\tau\otimes\mathbf 1_{r/N})\), a sum of products rather than Poly's product of sums. Each task fibre is an ordinary mergeable LoRA.",liu2023moe,F_T,Cone,apex,GL,GLxGL,M1,span
mole,MoLE,Mixture of LoRA Experts,Mixture of LoRA Experts,Wu et al.,2024,ICLR 2024,2404.13628,https://arxiv.org/abs/2404.13628,https://github.com/yushuiwx/Mixture-of-LoRA-Experts,False,,composition-or-routing,"E_{\Omega}(x)=\operatorname{Norm}\big(E_{\Delta\theta_0}(x)\oplus\cdots\oplus E_{\Delta\theta_{N-1}}(x)\big),\ \varepsilon=\operatorname{Flatten}(E_{\Omega}(x))^{\top}e,\ G_i=\frac{\exp(\varepsilon_i/\tau)}{\sum_j\exp(\varepsilon_j/\tau)},\ O(x)=F_{\theta}(x)+\sum_iG_i\,E_{\Delta\theta_i}(x);\ \text{trained LoRAs frozen; per-layer gate }e\text{ and temperature }\tau\text{ trained with }\mathcal{L}_D+\mathcal{L}_{\mathrm{balance}}","N^{2}Ld+1\ \text{per gated block as written in Eq. 10 (gate }e\in\mathbb{R}^{\xi\times N},\ \xi=N\cdot L\cdot d,\ L=\text{sequence length},\ d=\text{hidden size; plus a learnable temperature }\tau);\ \text{all LoRAs and the backbone frozen}",each Transformer block (layer-wise gates over the outputs of trained LoRAs); matrix-wise gating also explored,"Hierarchical, layer-wise learned gating over the outputs of \(N\) frozen pre-trained LoRAs, with a gate-balancing loss \(-\log\prod_i q^{(i)}\) against collapse onto one LoRA.",no,Gate values are computed from the experts' outputs for each input.,"Not applicable: starts from trained LoRAs. Each expert output \(E_{\Delta \theta_i}(x)\) is a full Transformer-block output computed with LoRA \(i\), and the gate initialization is not specified.",Linear arithmetic composition blurs the characteristics of individual LoRAs and reference-tuning is costly; treating each layer of each trained LoRA as an expert and learning layer-wise gates composes them while preserving their traits.,"In both multi-concept text-to-image generation and Flan-T5 NLP tasks, MoLE outperforms linear-arithmetic and other LoRA composition baselines.",True,method,F_T,Fun,"MoLE is an unpointed mixture over frozen LoRAs, indexed by inputs. Its gate reads the experts' own outputs, so even with a constant gate it is a convex combination of block outputs, not a weight-space sum. It differs from X-LoRA in mixing whole-block outputs, and from LoraHub in depending on the input.",wu2024mixture,F_T,Fun,unpointed,scalar,,Minf,
mixlora,MixLoRA,MixLoRA: LoRA-based sparse mixture of experts,MixLoRA: Enhancing Large Language Models Fine-Tuning with LoRA-based Mixture of Experts,Li et al.,2024,arXiv,2404.15159,https://arxiv.org/abs/2404.15159,https://github.com/TUDB-Labs/MixLoRA,False,,composition-or-routing,"\operatorname{MixLoRA}(h)=\sum_{k\in\operatorname{Top2}}R(h)_k\,E_k(h),\ \ E_k(h)=Wh+B_kA_kh\ (W\text{: frozen FFN weights shared by all experts}),\ R(h)=\operatorname{KeepTop2}\big(\operatorname{softmax}(W_rh)\big);\ \text{plus independent LoRAs on }q,k,v,o;\ \mathcal{L}=\mathcal{L}_{CE}+a\,N\sum_i\mathcal{F}_i\mathcal{P}_i","N\,r(d_{in}+d_{out})\ \text{per FFN projection}+N\,d\ \text{router}+r(d_{in}+d_{out})\ \text{per attention projection}",FFN block (sparse expert layer) plus attention projections (plain LoRA),Sparse top-2 MoE upcycled from one dense FFN: all experts share the frozen FFN weights and differ only by their LoRA deltas; Switch-style load-balancing loss.,no,Each token is routed to its own top-2 experts.,"Not discussed in the paper. The official code (TUDB-Labs/MixLoRA, mixlora/lora_linear.py) zero-initializes lora_B, so every expert initially equals the frozen FFN and the block is unchanged.","Build a resource-efficient sparse MoE from a dense model by adding LoRA experts inside the frozen FFN with a top-\(k\) router, plus independent attention LoRAs, and optimize the shared computation for throughput.","Reports about 9% higher accuracy than state-of-the-art PEFT methods in multi-task learning, and its framework cuts GPU memory by 40% and token latency by 30%.",False,method,F_T,Fun,"MixLoRA upcycles a dense FFN into a sparse family over tokens, whose fibres are FFN experts sharing one frozen weight. Together with the attention LoRAs it is a \(\oplus\) of an \(X\)-family with ordinary LoRA. Top-2 routing makes the gate vanish exactly on \(N-2\) experts, which separates it from dense LoRA mixtures.",li2024mixlora,F_T,Fun,neutral,GL,,Minf,
x-lora,X-LoRA,X-LoRA: mixture of low-rank adapter experts,"X-LoRA: Mixture of Low-Rank Adapter Experts, a Flexible Framework for Large Language Models with Applications in Protein Mechanics and Molecular Design",Buehler and Buehler,2024,APL Machine Learning 2024,2402.07148,https://arxiv.org/abs/2402.07148,https://github.com/EricLBuehler/xlora,True,"XLoraConfig(hidden_size, adapters, layerwise_scalings, top_k_lora, enable_softmax, softmax_temperature, xlora_depth, scaling_pass_value, ...)",composition-or-routing,"h=W_0x+\sum_{i=1}^{n}\tfrac{\alpha_i}{r_i}\,B_iA_i\,(\lambda_{i}\,x),\ \ \lambda=\operatorname{softmax}\big(\operatorname{head}_{\phi}(\text{hidden states of a first scaling pass})\big)\in\mathbb{R}^{s\times L\times n}\ (\text{per token, per layer; optional top-}k);\ W_0\text{ and all }(A_i,B_i)\text{ frozen; only the scaling head }\phi\text{ trained}","\text{scaling head only: for }\texttt{xlora\_depth}=1,\ (d+1)\,n\ \text{(scalings broadcast to all layers, PEFT default) or }(d+1)\,nL\ \text{(layer-wise)},\ d=\text{model hidden size};\ \text{deeper heads add MLP layers of width }\texttt{xlora\_size};\ \text{LoRA experts frozen unless }\texttt{use\_trainable\_adapters}","every LoRA-adapted layer of the base LLM (token-, layer- and adapter-wise scalings)","Token- and layer-wise dense (optionally top-\(k\)) gating of frozen LoRA experts, predicted by a small head from the model's own hidden states using a dual forward pass.",no,"Scalings change per token and layer, and inference needs two forward passes.","Adapters are pre-trained; in HF PEFT the scaling pass uses scaling_pass_value (default 0), i.e. the base model, to compute the hidden states that drive the head.","Reuse a set of frozen domain LoRAs as experts and train only a light head that, after a first pass, decides how strongly each adapter acts at each token and layer, producing new deep combinations of the experts.","The Zephyr-7B-based X-LoRA reaches \(R^2 = 0.85\) for predicting protein unfolding force and energy from sequence. A Gemma-7B-based variant reaches \(R^2 = 0.87\) on the same task and 0.96 on QM9 molecular properties, and the model answers domain questions better than its base model in qualitative comparisons.",True,method,F_T,Fun,"X-LoRA is an \(X\)-point of the CAT family: per token and layer its weight is \(W_0+\sum_i\lambda_i(x)\frac{\alpha_i}{r_i}B_iA_i\), with \(\lambda(x)\) on the simplex. The simplex constraint makes it unpointed. Because of the dual pass, the family is indexed by the base model's hidden states, not by the layer input.",buehler2024x,F_T,Fun,unpointed,none,,Minf,
hydralora,HydraLoRA,HydraLoRA: asymmetric LoRA with shared A and multiple B heads,HydraLoRA: An Asymmetric LoRA Architecture for Efficient Fine-Tuning,Tian et al.,2024,NeurIPS 2024,2404.19245,https://arxiv.org/abs/2404.19245,https://github.com/Clin0212/HydraLoRA,False,,composition-or-routing,"h=W_0x+\sum_{i=1}^{N}\omega_i(x)\,B_iAx,\ \ \omega(x)=\operatorname{softmax}(W_g^{\top}x),\ W_g\in\mathbb{R}^{d_{in}\times N}\ (\text{official code; the paper prints }\mathbb{R}^{r\times N});\ A\in\mathbb{R}^{r\times d_{in}}\text{ shared},\ B_i\in\mathbb{R}^{d_{out}\times r};\ N\text{ chosen by k-means over the corpus (or by the developer)};\ W_0\text{ frozen}","r\,d_{in}+N\,r\,d_{out}+N\,d_{in}\ \text{per adapted matrix}",LoRA-adapted linear layers of the LLM,"Asymmetric LoRA: one shared down-projection \(A\) and \(N\) up-projection heads \(B_i\) mixed by a router, i.e. a factorization through one shared \(r\)-dimensional subspace with an input-dependent output map.",no,The \(B\) heads are combined by an input-dependent router at inference.,"Not discussed in the paper. The official code (Clin0212/HydraLoRA, peft/tuners/lora.py) zero-initializes every \(B_i\) (\(A\) and router Kaiming-uniform), so the model starts unchanged.","On heterogeneous corpora the \(A\) matrices of separately trained LoRAs look alike while \(B\) matrices differ, so share \(A\) to capture common knowledge and keep several router-mixed \(B\) heads for sub-domains discovered without labels.","On LLaMA2-7B, HydraLoRA with \(r = 8\) (0.124% parameters) beats LoRA with \(r = 32\) and split-LoRA variants on MMLU, medical, law, HumanEval and GSM8K.",True,method,F_T,Fun,"HydraLoRA is an \(X\)-point of LoRA\(_r\) with a fixed input factor: per token its weight \(W_0+(\sum_i\omega_i(x)B_i)A\) lies in the one-sided slice \(\{YA\}\), so the router moves only the output factor. It is the tied-\(A\) sub-family of LoRAMoE, and tying collapses LoRAMoE's \(\prod_iGL_r\) gauge to a single \(GL_r\).",tian2024hydralora,F_T,Fun,neutral,GL,,Minf,
lily,Lily,Low-rank interconnected adaptation across layers,Low-Rank Interconnected Adaptation across Layers,Zhong et al.,2024,Findings of ACL 2025,2407.09946,https://arxiv.org/abs/2407.09946,https://github.com/yibozhong/lily,True,"LilyConfig(r, stride_A, num_B, scaling, target_modules)",composition-or-routing,"x'=A_{g(l)}x,\quad S=\operatorname{softmax}\Big(\sum_{t}R\,x'_t\Big)\in\mathbb{R}^{N_e}\ (\text{paper Eq. 2; HF PEFT instead averages per-token softmaxes over the batch and sequence}),\quad \Delta h=s\Big(\sum_{i=1}^{N_e}S_i\,B^{i}\Big)x';\ A\in\mathbb{R}^{r\times d_{in}}\text{ shared by stride}_A\text{ consecutive layers},\ \{B^{i}\in\mathbb{R}^{d_{out}\times r}\}\text{ shared model-wide},\ R\in\mathbb{R}^{N_e\times r};\ W_0\text{ frozen}","\tfrac{L}{\mathrm{stride}_A}\,r\,d_{in}+N_e\,r\,d_{out}+L\,N_e\,r\ \text{per target-module type}",target linear layers across all Transformer layers (cross-layer sharing),"Cross-layer factor sharing: locally shared down-projections and a global pool of up-projection experts mixed per input by a router acting in the \(r\)-dimensional space, which allows a much larger rank at LoRA's budget.",no,The combination of \(B\) experts depends on the input activations (HF PEFT explicitly disables merge/unmerge).,"HF PEFT zero-initializes the \(B\) experts (\(A\) and router Kaiming-uniform), so the model is unchanged at init.","Replace per-layer LoRA pairs by a few shared \(A\) adapters and a model-wide pool of \(B\) experts selected by data-dependent routers, so every layer can draw on all layers' adapters and use a higher rank for the same parameters.","Reports better performance and efficiency than LoRA-family baselines across commonsense reasoning, GLUE, subject-driven image generation and visual adaptation benchmarks.",True,method,F_T,Fun,"Lily is a family over inputs \(F_X\): a shared rank-\(r\) wire \(x'=A_{g(l)}x\) feeds a router-weighted mixture of model-wide up-projection experts, so there is no single weight-space image and merging is obstructed (M\(\infty\)); at the zero-expert point it reproduces \(f\), and only the experts move to first order. Its continuous gauge is one global \(GL_r\) on the shared wire, acting on every \(A_g\), every \(B^i\) and every router at once.",zhong2024low,F_T,Fun,neutral,GL,,Minf,
phatgoose,PHATGOOSE,Post-Hoc Adaptive Tokenwise Gating Over an Ocean of Specialized Experts,Learning to Route Among Specialized Experts for Zero-Shot Generalization,Muqeeth et al.,2024,ICML 2024,2402.05859,https://arxiv.org/abs/2402.05859,https://github.com/r-three/phatgoose,False,,composition-or-routing,"\text{per contributed expert }z:\ Wu_t+B_zA_zu_t\,\sigma(v_z^{\top}u_t)\ (\text{train only }v_z,\ \text{init }0,\ \approx100\text{ steps});\quad \text{inference: }\alpha_{t,z}=\bar v_z^{\top}\bar u_t\ (\text{standardized}),\ \mathcal{E}_t=\operatorname{top\text{-}k}(\alpha_t),\ w_t=\operatorname{softmax}\big(\{\alpha_{t,z}/\sqrt{d_{in}}\}_{z\in\mathcal{E}_t}\big),\ h=Wu_t+\sum_{z\in\mathcal{E}_t}w_{t,z}B_zA_zu_t",d_{in}\ \text{per adapted matrix per contributed expert (the gate vector }v_z),"every linear layer carrying a PEFT (LoRA) module; per-token, per-module routing (LM-adapted T5.1.1 XL in the paper)",Decentralized MoE: each contributor learns a sigmoid gate vector for its frozen module; at inference the standardized gate vectors become the rows of a top-\(k\) router over the pooled experts.,no,Different tokens and modules are routed to different experts.,Gate vectors start at zero (\(\sigma(0)=1/2\) scaling of the frozen module during gate training).,"Experts produced independently by different contributors can be recycled for zero-shot generalization by having each contributor cheaply train a gate that recognizes its own activations, then using those gates as a token-level router.","With T5-XL expert pools, PHATGOOSE outperforms prior post-hoc routing and expert-merging methods and in some cases explicit multitask training on held-out zero-shot benchmarks.",True,method,F_T,Fun,"PHATGOOSE glues \(N\) one-expert families \(u\mapsto Wu+\sigma(v_z^\top u)B_zA_zu\), each trained by its own contributor, into one \(X\)-family over the pooled library by stacking their gate vectors into a router. Per token it is a point of LoRA\(_{Nr}\) with all but \(k\) blocks switched off, and the top-\(k\) selection makes its realised functions jump at ranking ties.",muqeeth2024learning,F_T,Fun,unpointed,nonlinear,,Minf,
arrow,Arrow,"Arrow routing over a LoRA library (with model-based clustering, MBC)",Towards Modular LLMs by Building and Reusing a Library of LoRAs,Ostapenko et al.,2024,ICML 2024,2405.11157,https://arxiv.org/abs/2405.11157,https://github.com/microsoft/mttl,True,"LoraConfig(arrow_config=ArrowConfig(top_k, router_temperature, use_gks)) via create_arrow_model",composition-or-routing,"v_i=\text{first right singular vector of }\Delta W_i=B_iA_i;\ \ \ell_i(h)=|v_i^{\top}h|,\ \ p(h)=\operatorname{softmax}\big(\ell(h)\ \text{restricted to top-}k\big);\ \ A^{*}=\sum_ip_iA_i,\ B^{*}=\sum_ip_iB_i\ (\text{per token, per layer});\ h'=W_0h+s\,B^{*}A^{*}h;\ \text{no training}",0\ \text{(router computed from the library by SVD)},"every LoRA-adapted linear layer (the paper patches attention layers only; Phi-2 and Mistral-7B, LoRA rank 4)","Data-free MoE router whose rows are the leading right singular vectors of each library LoRA, with sign-agnostic top-\(k\) scores; composition mixes factors in the paper and mixes expert outputs (sum of \(B_iA_ix\)) in the HF PEFT implementation. MBC builds the library by clustering tasks on LoRA-parameter similarity.",no,Each token at each layer uses its own expert mixture.,Not applicable (training-free routing over trained LoRAs).,"The direction a LoRA amplifies most (its top right singular vector) is a free prototype of the inputs it was trained for, so a router can be read off the adapters themselves without any data or training.","With LoRA libraries built from 256 Flan tasks on Phi-2 and Mistral, Arrow routing beats other zero-shot routing for private libraries and nearly matches oracle routing upstream; MBC libraries match or exceed multitask training.",True,method,F_T,Fun,"Arrow is a data-free \(X\)-point of a LoRA library whose router is a gauge-invariant function of the adapters. In the paper its composition is LoraHub's product of sums evaluated per token, which is gauge-dependent and lands in LoRA\(_r\); HF PEFT's output mixing is the gauge-invariant CAT form and lands in LoRA\(_{kr}\).",ostapenko2024modular,F_T,Fun,unpointed,,,Minf,
loraretriever,LoraRetriever,LoraRetriever: input-aware LoRA retrieval and composition,LoraRetriever: Input-Aware LoRA Retrieval and Composition for Mixed Tasks in the Wild,Zhao et al.,2024,Findings of ACL 2024,2402.09997,https://aclanthology.org/2024.findings-acl.263/,https://github.com/StyxXuan/LoraRetriever,False,,composition-or-routing,"E(\phi)=\tfrac{1}{m}\sum_{i=1}^{m}E(I\oplus x_{i\phi}),\ \ s(x,\phi)=\cos\big(E(I\oplus x),E(\phi)\big),\ \ \Phi_x=\operatorname{TopK}_{\phi}\,s(x,\phi);\ \text{Mixture: }\Delta h=\tfrac{1}{k}\sum_{\phi\in\Phi_x}B_{\phi}A_{\phi}x;\ \text{Fusion: }\Theta=\tfrac{1}{k}\sum_{\phi\in\Phi_x}\Theta_{\phi};\ \text{retriever }E\text{ contrastively instruction-tuned; LLM and LoRAs frozen}",0\ \text{per adapted matrix (only the sentence-embedding retriever is fine-tuned once)},"LoRA-adapted layers of the LLM, selected per input prompt (Llama-2 in the paper)","Retrieve-then-compose: an embedding retriever selects the top-\(k\) LoRAs per input, which are combined by output averaging (mixture) or parameter averaging (fusion); batched inference over heterogeneous requests.",no,The selected LoRAs change from input to input (fusion could be merged per request only).,Not applicable (training-free composition of trained LoRAs).,"In the wild, prompts from many tasks arrive and the LoRA pool keeps changing, so route by retrieval: embed each LoRA by a few of its training samples and retrieve the most similar LoRAs for each input.","On mixed-task evaluation with Llama-2 LoRA pools, LoraRetriever consistently outperforms MoE-style routing, SMEAR, AdapterSoup and LoraHub baselines in- and out-of-distribution.",False,method,F_T,Fun,"LoraRetriever is a hard-retrieval \(X\)-family over a LoRA library (L2P's construction, with LoRAs in place of prompts), so its weights are piecewise constant in the prompt. Per request, mixture is the point \(\alpha=\mathbf 1_{\Phi_x}/k\) of CAT and fusion is the same point of LoraHub's product of sums, so the two modes differ exactly by LoraHub's cross terms.",zhao2024loraretriever,F_T,Fun,unpointed,,,Minf,
lora-flow,LoRA-Flow,LoRA-Flow: dynamic token-level LoRA fusion,LoRA-Flow: Dynamic LoRA Fusion for Large Language Models in Generative Tasks,Wang et al.,2024,ACL 2024,2402.11455,https://aclanthology.org/2024.acl-long.695/,https://github.com/thunlp/LoRAFlow,False,,composition-or-routing,"w^{l}=\operatorname{softmax}\big(W_{\mathrm{gate}}^{l}x_t^{l}+b^{l}\big)\in\mathbb{R}^{k},\quad h'=h+[\Delta h_1;\dots;\Delta h_k]\,w^{l},\ \ \Delta h_i=B_iA_ix;\ \text{only }W_{\mathrm{gate}}^{l}\in\mathbb{R}^{k\times d},\ b^{l}\in\mathbb{R}^{k}\text{ trained (about 200 examples); model and LoRAs frozen}",k(d+1)\ \text{per layer (shared by all LoRA modules of that layer)},all LoRA-adapted modules; one fusion gate per layer driven by the layer input,"Token- and layer-wise softmax gate over the outputs of \(k\) frozen LoRAs (output mixing, which also allows LoRAs of different ranks).",no,Fusion weights change at every generation step.,Not applicable (fusion gate over trained LoRAs).,"In generative tasks different tokens need different skills (e.g. language vs math LoRA for a Chinese math problem), so LoRA fusion weights should be predicted per token from the current hidden state rather than fixed per task.","Across six generative tasks with Llama-2, LoRA-Flow consistently outperforms task-level fusion baselines such as LoraHub, with a gate of about 0.2% of a LoRA's parameters.",False,method,F_T,Fun,"LoRA-Flow is an \(X\)-point of CAT: per token and layer its weight is \(W_0+\sum_iw_i^l(x)B_iA_i\) with \(w^l\) in the open simplex, so it mixes products and is gauge-invariant, with none of LoraHub's cross terms. Its gate reads the current layer input, whereas X-LoRA's head reads a first-pass hidden state.",wang2024lora,F_T,Fun,unpointed,none,,Minf,
s-lora,S-LoRA,S-LoRA: scalable serving of many LoRA adapters,S-LoRA: Serving Thousands of Concurrent LoRA Adapters,Sheng et al.,2023,MLSys 2024,2311.03285,https://arxiv.org/abs/2311.03285,https://github.com/S-LoRA/S-LoRA,False,,composition-or-routing,"h_b=W_0x_b+B_{a(b)}A_{a(b)}x_b;\quad \text{request }b\text{ uses adapter }a(b);\quad W_0X\ \text{batched over all requests};\quad \text{LoRA terms by gather kernels},\ \text{ranks may differ};\quad \text{(MBGMM for prefill, MBGMV for decode)};\quad \text{adapters and KV cache paged together};\quad \text{in one Unified Memory Pool}",0\ \text{(inference system)},LLM inference server (adapters on all LoRA-adapted projections),"Separates the batchable shared-base computation \(W_0X\) from per-request low-rank terms; Unified Paging of variable-rank adapter weights with KV-cache blocks, custom heterogeneous-batching kernels and LoRA-aware tensor parallelism.",conditional,Adapters are deliberately left unmerged so requests for thousands of different adapters can share one base-model batch; any single adapter could be merged.,Not applicable (serving system).,"Many LoRAs derived from one base model can be served together: keep one copy of the base weights, batch its computation across all requests, and fetch and apply each request's small adapter with paged memory and custom kernels.","Serves 2,000 adapters on a single A100 with small overhead and up to 4x the throughput of vLLM-packed (and far more than HF PEFT), increasing the number of served adapters by orders of magnitude.",True,software,F_T,Cone,"S-LoRA computes the family \(\rho\circ a:U\to\Theta\) relative to the shared base: it batches \(W_0X\) once and adds each fibre's \(\delta_u=B_uA_u\), which works because LoRA is additive (\(\rho=\theta_0+\delta\)). As a family it is CAT evaluated at the coordinate vertices \(e_u\), and it is gauge-safe because it only ever uses products.",sheng2023s,F_T,Cone,,GL,GLxGL,M1,
punica,Punica,Punica: multi-tenant LoRA serving with SGMV,Punica: Multi-Tenant LoRA Serving,Chen et al.,2023,MLSys 2024,2310.18547,https://arxiv.org/abs/2310.18547,https://github.com/punica-ai/punica,False,,composition-or-routing,"h_b=W_0x_b+B_{a(b)}A_{a(b)}x_b;\ \text{requests sorted into segments }[s_i,s_{i+1})\text{ sharing adapter }i:\ \ Y_{[s_i:s_{i+1}]}\mathrel{+}=X_{[s_i:s_{i+1}]}A_i^{\top}B_i^{\top}\ \ (\text{SGMV-shrink then SGMV-expand})",0\ \text{(inference system)},"LLM inference on a shared GPU cluster (LoRA on q, k, v, o and MLP projections)","Segmented Gather Matrix-Vector multiplication batches the low-rank terms of different LoRA models in one kernel, so each GPU keeps a single copy of the base model; a scheduler consolidates tenants and migrates requests.",conditional,Adapters stay unmerged to batch heterogeneous tenants; each individual adapter is mergeable.,Not applicable (serving system).,"Batching requests for different LoRAs is almost as cheap as batching requests for the same LoRA if the low-rank terms are computed by a segmented gather kernel, so multi-tenant LoRA serving can be consolidated onto few GPUs.",Achieves 12x higher throughput than state-of-the-art LLM serving systems for multi-LoRA workloads while adding only about 2 ms latency per token.,True,software,F_T,Cone,"Punica is the same family \(U\to\Theta\) as S-LoRA: SGMV evaluates \(\delta_u=B_uA_u\) on the fibre over each segment of a tenant-sorted batch, on top of one copy of \(W_0\). The construction uses only that LoRA is additive and that each fibre is a product, so it is gauge-safe.",chen2023punica,F_T,Cone,,GL,GLxGL,M1,
hyperdreambooth,HyperDreamBooth,HyperDreamBooth with Lightweight DreamBooth (LiDB),HyperDreamBooth: HyperNetworks for Fast Personalization of Text-to-Image Models,Ruiz et al.,2023,CVPR 2024,2307.06949,https://arxiv.org/abs/2307.06949,,False,,additive-weight,"\hat\theta=\mathcal{H}(x)\ (\text{one face image}\to\text{LiDB weights by iterative refinement from }\theta^{(0)}=0);\quad \Delta W=P_{out}\,B_{tr}A_{tr}\,P_{in},\ P_{out}\in\mathbb{R}^{d_{out}\times b},\ P_{in}\in\mathbb{R}^{a\times d_{in}}\ \text{frozen random row-orthogonal},\ B_{tr}\in\mathbb{R}^{b\times r},\ A_{tr}\in\mathbb{R}^{r\times a},\ r=1,\ a=100,\ b=50;\ \text{then rank-relaxed fast fine-tuning (LoRA with }r>1\text{, 40 iterations) from }W_0+\Delta W(\hat\theta);\ \text{paper's notation: }\Delta W x=A_{aux}A_{train}B_{train}B_{aux}","r(a+b)\ \text{per adapted matrix (}\approx30\text{K values, }\approx120\text{ KB for the whole model); hypernetwork trained once}",attention layers of the Stable Diffusion UNet (and text encoder),"Hypernetwork prediction of a rank-1 LoRA expressed in a further-compressed random orthogonal sub-basis (LiDB), used as initialization for a brief higher-rank LoRA fine-tune.",yes,Both the predicted LiDB update and the refined LoRA are additive low-rank updates that can be folded into \(W_0\).,Not applicable at generation time (predicted weights are non-zero); the hypernetwork's iterative refinement starts from zero weights.,"Shrink the personalization weight space enough (LiDB) that a hypernetwork can predict it from a single face image, then finish with a short rank-relaxed fine-tune for fidelity.","Personalizes faces in about 20 seconds from one image, 25x faster than DreamBooth and 125x faster than Textual Inversion, with a model 10,000x smaller than DreamBooth at similar quality.",True,method,F_T,Cone,"HyperDreamBooth is a \(T\)-point of a NOLA-type sandwich (LoRA\(_r\) inside frozen random frames), used as a predicted base change, after which ordinary LoRA runs at the new base. The small LiDB frames are what make the map \(T\to Q\) learnable from one image.",ruiz2023hyperdreambooth,F_T,Cone,defect,GL,frame,M1,schedule
text-to-lora,Text-to-LoRA (T2L),Text-to-LoRA: instant transformer adaptation from task descriptions,Text-to-LoRA: Instant Transformer Adaption,Charakorn et al.,2025,ICML 2025,2506.06105,https://arxiv.org/abs/2506.06105,https://github.com/SakanaAI/text-to-lora,False,,additive-weight,"\Delta W^{i}_{m,l}=B^{i}_{m,l}A^{i}_{m,l}=h_{\theta}\big(\operatorname{concat}[f(z^{i}),E[m],E[l]]\big),\ z^{i}\text{: natural-language task description};\quad \theta=\arg\min_{\theta}\mathbb{E}_{i,z}\,\mathcal{L}_{\mathrm{SFT}}\big(\mathcal{D}^{i},\Psi,h_{\theta}(\phi^{i})\big)\ \text{or reconstruction }\mathbb{E}\,|\Delta W^{i}-h_{\theta}(\phi^{i})|;\ \text{base LLM }\Psi\text{ frozen}","\text{hypernetwork only, shared by all tasks: }55{,}252{,}992\ (\text{L}),\ 34{,}282{,}240\ (\text{M}),\ 4{,}923{,}392\ (\text{S})\ \text{for Mistral-7B q/v LoRAs of rank 8 (output heads }d_{out}\cdot2rd,\ d_{out}\cdot rd,\ d_{emb}\cdot d,\ d_{out}=512);\ \text{each generated adapter has }r(d_{in}+d_{out})\text{ entries per module (3.4M in total); zero training per new task}",LoRA target modules (e.g. query/value projections) of every layer of the base LLM,"Amortized adapter generation: one MLP hypernetwork maps (task-description embedding, module-type embedding, layer embedding) to the rank-\(r\) factors of every LoRA in a single batched forward pass.",yes,The generated adapter is an ordinary LoRA.,"Bias-HyperInit (App. G): the hypernetwork's output head starts with zero weights, a \(U(-1/d, 1/d)\) bias for \(A\) and a zero bias for \(B\), so the untrained hypernetwork emits \(B = 0\) (\(\Delta W = 0\)). Trained, it emits non-zero task-specific adapters.","Train a hypernetwork that turns a text description of a task into a LoRA in one forward pass, either by compressing a library of LoRAs or end-to-end with SFT, enabling zero-shot adaptation to unseen tasks from language alone.","Reconstruction-trained on 9 benchmark LoRAs, T2L's generated adapters match the task-specific LoRAs on their test sets. Trained on hundreds of tasks (479 SNI tasks, SFT), it generates adapters zero-shot for entirely unseen tasks from their descriptions.",True,method,F_T,Cone,"T2L is a \(T\)-point \(a:T\to Q_{\rm LoRA}\) over natural-language task descriptions, and Bias-HyperInit points the whole family at LoRA's standard apex, so fibrewise it is a pointed arrow into LoRA. Its reconstruction mode regresses onto factors, the gauge-sensitive target Table VIII.B warns about; SFT mode depends only on \(BA\).",charakorn2025text,F_T,Cone,apex,GL,GLxGL,M1,
drag-and-drop-llms,DnD,Drag-and-Drop LLMs: zero-shot prompt-to-weights,Drag-and-Drop LLMs: Zero-Shot Prompt-to-Weights,Liang et al.,2025,NeurIPS 2025,2506.16406,https://arxiv.org/abs/2506.16406,https://github.com/jerryliang24/Drag-and-Drop-LLMs,False,,additive-weight,"c_i=\operatorname{Enc}(p_i)\ (\text{frozen Sentence-BERT over a batch of unlabeled task prompts}),\quad \hat\Theta_{\mathrm{LoRA}}=G_{\phi}(c_i)\ (\text{cascaded hyper-convolutional decoder}\to\text{tokenized LoRA weights});\quad \phi=\arg\min_{\phi}\big\|G_{\phi}(c_i)-\operatorname{tok}(m_j)\big\|_2^2\ \text{over random prompt-checkpoint pairs }(p_i,m_j);\ \text{base LLM frozen}",\text{generator only; zero training per new dataset (one forward pass)},all LoRA matrices of the base LLM (Qwen2.5 family in the paper),"Prompt-conditioned parameter generator: embeddings of a few unlabeled prompts are decoded by convolutional blocks into the full set of tokenized LoRA weights, trained by MSE regression onto collected checkpoints.",yes,The generated parameters form an ordinary LoRA.,Not applicable (generated weights).,"Unlabeled prompts act as a fingerprint of a dataset, so a generator trained on prompt-checkpoint pairs can map new prompts directly to task-specific LoRA weights without any gradient-based tuning.","Generates task-specific LoRAs in seconds with up to 12,000x lower overhead than full fine-tuning and average gains up to 30% over the strongest training LoRAs on unseen commonsense, math, coding and multimodal benchmarks.",False,method,F_T,Cone,"DnD is a \(T\)-point of LoRA over prompt batches, learned by regression onto factor tokens. That target is not a function of the adapters, so the generator must also learn the gauge choices of its training checkpoints; a product-level target, or a joint gauge fixing (Prop V.4(b)), would remove that burden.",liang2025drag,F_T,Cone,defect,GL,GLxGL,M1,
doc-to-lora,Doc-to-LoRA (D2L),Doc-to-LoRA: meta-learned context distillation into LoRA,Doc-to-LoRA: Learning to Instantly Internalize Contexts,Charakorn et al.,2026,ICML 2026,2602.15902,https://arxiv.org/abs/2602.15902,https://github.com/SakanaAI/doc-to-lora,False,,additive-weight,"\Delta W_l=B_lA_l=h_{\phi}(Z_{l-1}),\ \ U_l=\operatorname{XAttn}\big(Q_m,K(Z_{l-1}),V(Z_{l-1})\big)\in\mathbb{R}^{r\times d_u}\ (\text{each latent}\to\text{a row of }A_l\text{ and a column of }B_l),\ W'_l=W_l+\alpha_lB_lA_l;\quad \min_{\phi}\mathbb{E}\,\mathrm{KL}\big(p_{\theta}(y\mid x,c)\,\|\,p_{\theta+H_{\phi}(c)}(y\mid x)\big);\ \text{chunks: }A_l=[A_l^{(1)};\dots;A_l^{(K)}],\ B_l=[B_l^{(1)}\cdots B_l^{(K)}]","\text{hypernetwork only (Perceiver with 8 cross-attention blocks, }309\text{M parameters for Gemma-2-2b-it, Sec. 5); learnable per-layer scales }\alpha_l;\ \text{zero training per document; generated adapter }Kr(d_{in}+d_{out})\text{ per down-projection for }K\text{ chunks}",the down-projection of every MLP block of the target LLM (rank-8 LoRAs per chunk); per-layer context activations of the frozen LLM feed the hypernetwork,"Meta-learned context distillation: a Perceiver hypernetwork reads the frozen LLM's per-layer activations of a document and emits rank-\(r\) LoRA factors; long documents are composed by rank-concatenation (direct sum) of per-chunk adapters, giving rank \(rK\).",yes,The generated adapter is an ordinary LoRA.,Not applicable (generated weights); a learnable per-layer scale \(\alpha_l\) modulates the update.,"Amortize context distillation: instead of distilling each document into weights by gradient descent, train a hypernetwork once so that any new document is internalized into a LoRA in one sub-second forward pass, removing it from the context window.",Achieves near-perfect zero-shot needle-in-a-haystack accuracy at lengths more than 4x the target LLM's native context window and outperforms standard context distillation on QA with much lower memory and update latency.,False,method,F_T,Cone,"D2L amortises context distillation: \(c\mapsto H_\phi(c)\) is a \(T\)-point of LoRA over documents, and long documents use the monoidal structure \(\mathrm{LoRA}_r^{\oplus K}\cong\mathrm{LoRA}_{rK}\) of Obs I.7. Its App. D variant emits a KV cache instead, landing the same family in the unpointed prefix extension rather than in the pointed slice.",charakorn2026doc,F_T,Cone,defect,GL,GLxGL,M1,
tina,Tina,Tiny Reasoning Models via LoRA,Tina: Tiny Reasoning Models via LoRA,Wang et al.,2025,ICLR 2026,2504.15777,https://arxiv.org/abs/2504.15777,https://github.com/shangshang-wang/Tina,True,"LoraConfig(r=32, lora_alpha=128, lora_dropout=0.05, target_modules=[""q_proj"",""k_proj"",""v_proj"",""o_proj"",""gate_proj"",""up_proj"",""down_proj""])  # plain LoRA (no dedicated tuner), trained with GRPO / Dr.GRPO via TRL",optimizer-or-training-procedure,"W = W_0 + \tfrac{\alpha}{r} B A,\ \ r=32,\ \alpha=128;\quad \max_{A,B}\ \mathcal{J}_{\mathrm{GRPO}}\big(\pi_{W_0+\frac{\alpha}{r}BA}\big)\ \text{with verifiable math rewards};\ W_0 \text{ frozen},\ A,B \text{ trained}",r(d_{in}+d_{out}) \text{ per adapted projection } (r=32),"DeepSeek-R1-Distill-Qwen-1.5B; the paper's Table 5 lists ""query, key, value, dense"", while the released training recipes target q/k/v/o and gate/up/down projections","Plain rank-\(r\) LoRA factorization \(\Delta W = BA\); the contribution is the objective: on-policy GRPO / Dr.GRPO reinforcement learning with verifiable rewards on a 1.5B distilled reasoning model, instead of SFT.",yes,"The adapter is ordinary LoRA, so \(BA\) folds into \(W_0\) after training.","\(B = 0\) (standard LoRA initialization), so RL starts exactly at the distilled base policy.",Low-rank RL on a tiny distilled model recovers most of the reasoning gain of full RL at a few dollars per run; the authors attribute this to 'rapid format adaptation': LoRA learns the structure/format that RL rewards while leaving base knowledge intact.,Best Tina checkpoint reaches 43.33% Pass@1 on AIME24 (>20% reasoning improvement over the base) for about $9 of post-training and evaluation compute.,False,recipe,R-additive,Cone,"Tina is LoRA's object with a policy-gradient loss: the RL objective changes which point of the cone \(W_0+\mathcal M_{\le32}\) is reached, not the cone. The 'rapid format adaptation' claim is about where GRPO lands inside that image, which the framework constrains only through the image and the cometric.",wang2025tina,R,Cone,apex,GL,GLxGL,M1,span
qerl,QeRL,Quantization-enhanced Reinforcement Learning,QeRL: Beyond Efficiency -- Quantization-enhanced Reinforcement Learning for LLMs,Huang et al.,2025,ICLR 2026,2510.11696,https://arxiv.org/abs/2510.11696,https://github.com/NVlabs/QeRL,False,,optimizer-or-training-procedure,"y = \mathrm{Dequant}(\tilde W_0)\,x + \tfrac{\alpha}{r}BAx,\ \ \mathrm{Dequant}(\tilde W)=S_{\mathrm{FP32}}\cdot(S_{\mathrm{E4M3}}\odot \tilde W)\ (\text{NVFP4, frozen});\ \ \text{AQN: } w_{\mathrm{noise}} = w_{\mathrm{RMSNorm}} + Z,\ Z\sim\mathcal{N}(0,\sigma_k^2 I),\ \sigma_k=\sigma_{\mathrm{start}}\big(\tfrac{\sigma_{\mathrm{end}}}{\sigma_{\mathrm{start}}}\big)^{\frac{k-1}{K-1}};\ A,B \text{ trained by GRPO/DAPO}",r(d_{in}+d_{out}) \text{ per adapted matrix } (r=32 \text{ default}),LoRA on the linear layers of an NVFP4-quantized LLM (Qwen2.5 3B-32B); exploration noise injected through RMSNorm gains,"QLoRA-type composite: additive rank-\(r\) delta on a frozen 4-bit (NVFP4) base, plus a scheduled channel-wise Gaussian noise vector added to the RMSNorm scale. This is equivalent to row-wise multiplicative noise (\(Z/w + 1\)) on the following \(W_q\), \(W_k\), \(W_v\) (shared norm) and \(W_{gate}\), \(W_{up}\) (shared norm).",conditional,BA can be merged into the dequantized weights (giving up the NVFP4 format) or kept as a side adapter; the noise is used only during training.,"\(B = 0\), but the starting policy is the NVFP4-quantized base, not the exact bf16 model. In stage 0 only the inherent quantization noise acts (\(\sigma = 0\)); AQN then starts at \(\sigma_{start}\) (1e-2 in the main text, range 5e-2 to 5e-4 in experiments) and decays exponentially over \(K\) stages.","In RL, quantization noise helps: it raises policy entropy and so aids exploration. QeRL schedules it with Adaptive Quantization Noise and combines it with fast NVFP4 rollouts and LoRA.","First RL training of a 32B LLM on a single H100-80GB, >1.5x rollout speedup, and Qwen2.5-7B reaching 90.8% GSM8K / 77.4% MATH500, matching full-parameter RL.",False,recipe,R-additive,Cone,"QeRL is QLoRA under another quantiser (NVFP4) and an RL loss. Its AQN noise on RMSNorm gains is, by norm absorption (R6), a random input-side diagonal scaling of the following projections, i.e. a random point of LN-tuning's linear image used for exploration and absent from \(\rho\).",huang2025qerl,R,Cone,defect,GL,MonxMon,Mq,span
plop,PLoP,Precise LoRA Placement,PLoP: Precise LoRA Placement for Efficient Finetuning of Large Models,Hayou et al.,2025,ICLR 2026,2506.20629,https://arxiv.org/abs/2506.20629,https://github.com/soufiane001/plop,False,,optimizer-or-training-procedure,"\mathrm{NFN}(W,x)=\frac{\|W z_{\mathrm{in}}(x)\|}{\|W \tilde z_{\mathrm{in}}(x)\|},\ \tilde z_{\mathrm{in}}(x)\ \text{i.i.d. centered Gaussian, same dimension and norm as } z_{\mathrm{in}}(x);\ \ \mathrm{NFN}(W,\mathcal{D})=\tfrac{1}{|\mathcal{D}|}\sum_{x\in\mathcal{D}}\frac{\|W z_{\mathrm{in}}(x)\|^2}{\|W \tilde z_{\mathrm{in}}(x)\|^2},\ \ \mathrm{NFN}(T,\mathcal{D})=\tfrac{1}{|N_T|}\sum_{W\in T}\mathrm{NFN}(W,\mathcal{D});\ \ W=W_0+\tfrac{\alpha}{r}BA \text{ inserted only in the module types } T \text{ with the lowest } \mathrm{NFN}(T,\mathcal{D})",r(d_{in}+d_{out}) \text{ per selected matrix; total depends on the selected module types},"data-dependent subset of module types (e.g. V, O, down-projection), chosen per model and dataset before training","A placement rule that chooses the support (set of module types) of an otherwise standard LoRA, scored by how aligned each frozen \(W_0\) is with its real inputs relative to random inputs of the same norm.",yes,The adapters placed are ordinary LoRA and merge as usual.,\(B = 0\) as in LoRA; the placement is computed from the frozen model before training starts.,"From infinite-width feature-learning analysis, modules whose weights are least aligned with the fine-tuning data (low normalized feature norm) gain most from adaptation, so LoRA should be placed there instead of a fixed attention or MLP default.","SFT on MetaMathQA -> GSM8K with Qwen3-0.6B: PLoP (Down-Up-Value, \(r=76\), 21.8M params) reaches 63.8%, vs 63.3% for MLP-only (\(r=64\), 22.0M) and 58.6% for attention-only (\(r=64\), 12.8M); also evaluated with GRPO on Qwen3-1.7B.",False,recipe,R-additive,Cone,"PLoP picks a sub-object of LoRA-on-all-modules by freezing whole module types at their base value (A2), using a statistic of the frozen model and the data. The NFN score decides only the support; everything else is LoRA.",hayou2025plop,R,Cone,apex,GL,GLxGL,M1,span
lori,LoRI,LoRA with Reduced Interference,LoRI: Reducing Cross-Task Interference in Multi-Task Low-Rank Adaptation,Zhang et al.,2025,COLM 2025,2504.07448,https://arxiv.org/abs/2504.07448,https://github.com/juzhengz/LoRI,False,,additive-weight,"W = W_0 + (B_t\odot M_t)\,A_t,\ \ A_t\in\mathbb{R}^{r\times d_{in}} \text{ frozen random (Kaiming-uniform)},\ B_t\in\mathbb{R}^{d_{out}\times r} \text{ trained},\ M_t=\mathbb{1}\big(|B_t|\ge\tau_t\big),\ \tau_t=\mathrm{Quantile}_s\big(\textstyle\bigcup_{\text{layers}}|B_t|\big);\ \ \text{merge: } W=W_0+\sum_t\alpha_t (B_t\odot M_t)A_t","r\,d_{out} \text{ per adapted matrix (LoRI-D)};\ \ (1-s)\sum_{\text{adapted matrices}} r\,d_{out} \text{ in total (LoRI-S, global mask, } s=0.9\text{)}",any linear layer (attention and MLP projections of Llama-3-8B / Mistral-7B in the paper),"\(\Delta W\) factors through a fixed random \(r\)-dimensional projection of the input; only the up-projection is learned, and only on a sparse coordinate mask. Independent random \(A_t\) per task give nearly orthogonal row spaces, so merged adapters interfere little.",yes,"Each task delta is a fixed matrix \((B_t \odot M_t)A_t\), and multi-task merging is a weighted sum, all foldable into \(W_0\).",\(B_t = 0\) with \(A_t\) random (Kaiming-uniform) and frozen. Masks \(M_t\) come from a calibration run that trains \(B_t\) unmasked (\(A_t\) frozen); \(B_t\) is then reset to zero and retrained under the fixed mask.,"LoRA's down-projection can be a frozen random map and its up-projection can be about 90% sparse. Random task-specific projections make adapters nearly orthogonal (easy merging), and sparse masks protect earlier adapters, such as a safety adapter, in continual learning.","Up to 95% fewer trainable parameters than LoRA while matching or beating it, e.g. LoRI-D reaches 63.2% HumanEval pass@10 vs 50.8% for LoRA on Llama-3-8B.",False,method,R-additive,Lin,"LoRI is a masked LoRA-FA, a coordinate sub-object of \(\mathrm{FA}(A_0)\subseteq\) LoRA. Multi-task merging is the \(\oplus\) of such objects with independent random frames, and the cross-talk \(\Delta W_jA_i^\top\) is small because independent random \(r\)-frames are nearly orthogonal: a random-frame version of the shared-frozen-factor fix of Prop V.4(b).",zhang2025lori,R,Lin,regular,none,frame,M1,idempotent
singlora,SingLoRA,Single-matrix Low-Rank Adaptation,SingLoRA: Low Rank Adaptation Using a Single Matrix,Bensaïd et al.,2025,ICLR 2026 Workshop (DeLTa),2507.05566,https://arxiv.org/abs/2507.05566,,False,,additive-weight,"W = W_0 + \tfrac{\alpha}{r}\,u(t)\,A A^{\top},\ A\in\mathbb{R}^{d\times r},\ u(t)=\min(t/T,1)\ \ (d_{in}=d_{out}=d);\ \ \text{rectangular: } \Delta W=\tfrac{\alpha}{r}u(t)\,A_{[1:d_{out}]}A_{[1:d_{in}]}^{\top},\ A\in\mathbb{R}^{\max(d_{in},d_{out})\times r};\ W_0 \text{ frozen},\ A \text{ trained}","r\,\max(d_{in},d_{out})",any linear layer (attention projections in the LLM and Stable Diffusion experiments),"Gram-type update from a single factor: for square \(W_0\), \(\Delta W = AA^\top\) is symmetric positive semidefinite of rank at most \(r\); rectangular layers use a row-truncated copy of the same factor. The reparameterization symmetry shrinks from LoRA's \(GL(r)\) (\(B\mapsto BG\), \(A\mapsto G^{-1}A\)) to \(O(r)\) (\(A\mapsto AQ\)).",yes,\(AA^T\) (or its truncated version) is a fixed matrix after training and adds to \(W_0\).,"Ramp \(u(0)=0\) with Kaiming-initialized \(A\), so the update is zero at step 0 and phased in over \(T\) steps (\(T = 1\%\) of training steps in the main experiments, \(10^3\) steps for RoBERTa/GPT-2; robust for \(T\) from 0.5% to 8%).","Replacing LoRA's two factors by one matrix and its transpose removes the scale imbalance between factors. The authors prove stable feature learning at infinite width and transformation-invariance of standard optimizers, while halving parameters. For square layers the symmetric-PSD form restricts expressivity, which the paper argues the transformer architecture compensates for.",Llama-7B on MNLI: 91.3% vs 89.1% (LoRA) and 90.2% (LoRA+) with about 60% of their parameters; DreamBooth DINO 0.151 vs 0.148 (DoRA) and 0.143 (LoRA).,False,method,R-additive,Cone,"SingLoRA is the diagonal \(B=A^\top\) of LoRA's parameter space, an A3 sub-object whose stabiliser in \(GL_r\) is \(O(r)\). Cutting the gauge to its compact half removes the charges behind factor imbalance, but for square layers it also cuts the image to PSD updates, \(x^\top\Delta Wx\ge0\) for every \(x\).",bensaid2025singlora,R,Cone,defect,GL,Pi,M1,span
shine,SHINE,Scalable In-Context Hypernetwork,SHINE: A Scalable In-Context Hypernetwork for Mapping Context to LoRA in a Single Pass,Liu et al.,2026,ICML 2026,2602.06358,https://arxiv.org/abs/2602.06358,https://github.com/MuLabPKU/SHINE,False,,hybrid,"\mathcal{M}=\mathrm{LLM}_{\theta_0+\Delta_{\mathrm{meta}}}\big([c;\,m_{1:M}]\big)\big|_{\text{last } M \text{ tokens of all } L \text{ layers}}\in\mathbb{R}^{L\times M\times H},\ \ \{(A_l,B_l)\}_{l}=\mathrm{M2P}_\psi(\mathcal{M}),\ \ W_l=W_{0,l}+B_lA_l;\ \theta_0 \text{ frozen},\ \Delta_{\mathrm{meta}},\,m,\,\psi \text{ trained}",\text{meta-LoRA (rank 128) + } M=\lceil rD/H\rceil \text{ memory embeddings + 4-layer M2P Transformer (shared); generated adapter has rank } r=8,all linear layers of each backbone layer (Qwen3-8B; generated rank-8 LoRA); \(D\) is the summed input and output width of those linear layers,"In-context hypernetwork: the frozen LLM itself (with a meta-LoRA and learnable memory tokens) encodes the context into an \(L\times M\) memory grid, which an axial (row/column) attention Transformer maps jointly to every LoRA factor. The deployed modification is additive low-rank.",conditional,Generated per context; it can be merged for a fixed context but is normally kept as a swappable adapter.,No identity guarantee for the generated adapter; base weights are untouched.,"Reuse the LLM as its own hypernetwork encoder so that context-to-LoRA generation scales with the backbone, producing an adapter for an arbitrary context in one pass, pretrained with reconstruction/completion objectives and then instruction-tuned on QA.","About 0.3 s to generate an adapter in one forward pass. On SQuAD it beats test-time-training baselines such as SEAL (58.2) and PaST, and perplexity improves with backbone size, M2P depth, meta-LoRA rank and generated LoRA rank.",False,method,F_T,Cone,"SHINE is a \(T\)-point of LoRA over contexts whose encoder is the base model itself, turned into a hypernetwork by a meta-LoRA that lives only in the encoder pass and never reaches the deployed weights. Generating all layers jointly makes \(a:T\to\prod_lQ_l\) a single map, not a product of per-layer maps.",liu2026shine,F_T,Cone,defect,GL,GLxGL,M1,
generative-adapter,GenerativeAdapter,Generative Adapter,Generative Adapter: Contextualizing Language Models in Parameters with A Single Forward Pass,Chen et al.,2024,ICLR 2025,2411.05877,https://arxiv.org/abs/2411.05877,https://github.com/chentong0/generative-adapter,False,,hybrid,"\Delta W_l = A_1\,\mathrm{norm}_r\big(A_2 H_{l-1}^{\top}H_{l-1} B_1\big)\,B_2,\ \ H_{l-1}^{\top}H_{l-1}=\textstyle\sum_{m=1}^{M} h_m h_m^{\top}\ (\text{context hidden states from block } l-1),\ \ \mathrm{norm}_r(S)=U_rV_r^{\top}\ (\text{rank-}r \text{ SVD } S\approx U_r\Sigma_rV_r^{\top},\ r=128);\ \ \text{streaming: } S_t\leftarrow S_{t-1}+A_2H_t^{\top}H_tB_1;\ A_1\in\mathbb{R}^{d_{out}\times d_r},A_2\in\mathbb{R}^{d_r\times d_h},B_1\in\mathbb{R}^{d_h\times d_r},B_2\in\mathbb{R}^{d_r\times d_{in}};\ \text{base LM frozen, generator trained}","d_r(d_{in}+d_{out}+2d_h) \text{ generator parameters per adapted layer (about 500M total for 7B models, } d_r=1024\text{)}; \text{ generated adapter rank } 128 \text{ (about 32M parameters)}","attention output projections of every layer (Mistral-7B-Instruct, Llama2-7B-Chat)","Bilinear, linear-attention-like map from context hidden states to a parameter delta: the context enters only through its second-moment matrix \(\sum_m h_m h_m^\top\), compressed into a \(d_r\times d_r\) state that accumulates additively over streamed chunks, then SVD-normalized (singular values reset to 1).",conditional,"A generated delta can be added to \(W_o\) for a fixed context, but it is context-specific and regenerated per context.",Not identity by construction; the base LM is frozen and recovered by dropping the delta.,"A lightweight generator, trained self-supervised (reconstruction + completion), turns any context into a parameter delta in one forward pass, giving test-time knowledge injection, in-context learning and personalization without fine-tuning or long prompts.",StreamingQA F1 rises from 19.5 (SFT) to 31.5 for contexts up to 32K tokens; 44.9 average accuracy on 26 MetaICL tasks.,False,method,F_T,Cone,"GenerativeAdapter is a \(T\)-point of LoRA\(_{128}\) that factors through a linear-attention state: contexts act through the additive monoid of Gram matrices \(\sum h_mh_m^\top\), so streaming is a monoid homomorphism, and the polar normalisation then forgets the state's singular values. With the generator fixed, the family lies in the sandwich \(\{W_0+A_1XB_2\}\) of Prop I.8(a).",chen2024generative,F_T,Cone,defect,GL,GLxGL,M1,
goat,GOAT,Great LoRA Mixture-of-Experts (adaptive SVD priors + optimization alignment),Make LoRA Great Again: Boosting LoRA with Adaptive Singular Values and Mixture-of-Experts Optimization Alignment,Fan et al.,2025,ICML 2025,2502.16894,https://arxiv.org/abs/2502.16894,https://github.com/Facico/GOAT-PEFT,False,,composition-or-routing,"h=(W_0-W_{\mathrm{res}})x+\sum_{i=1}^{E} w^{i}(x)\,s\,B^{i}A^{i}x,\ \ w(x)=\mathrm{softmax}\ \text{over the top-}k \text{ router logits } W_z^{\top}x \ (0 \text{ elsewhere}),\ \ B_0^{i}=\sqrt{\tfrac{1}{s\rho}}\,U_i\Sigma_i^{1/2},\ A_0^{i}=\sqrt{\tfrac{1}{s\rho}}\,\Sigma_i^{1/2}V_i^{\top},\ \ W_{\mathrm{res}}=\tfrac{s}{E}\sum_{i}B_0^{i}A_0^{i},\ \ s=\sqrt{3n\eta/r}","E\cdot\tfrac{r}{E}(d_{in}+d_{out})+E\,d_{in}=r(d_{in}+d_{out})+E\,d_{in}\ \ (E=8,\ \text{top-}2)","linear layers of ViT-B/32, RoBERTa-large and LLaMA-2-7B (MoE-LoRA in place of a single LoRA)","Mixture of \(E\) rank-\((r/E)\) LoRA experts with input-dependent top-\(k\) gating; expert \(i\) is initialized on the \(i\)-th contiguous segment of the SVD of \(W_0\) (segments tile the whole spectrum: \(U_i\Sigma_iV_i^\top\) with start index \((i-1)\min(d_{in},d_{out})/E\)), and a closed-form scale \(s\) aligns MoE-LoRA gradients with full fine-tuning of an upcycled MoE.",no,"Expert weights depend on the input through the router, so no single static matrix reproduces the layer.","The residual \((s/E)\sum_i B_0^i A_0^i\) is subtracted from \(W_0\); the initial layer equals \(W_0\) exactly only when routing weights are uniform (\(1/E\)), so identity holds approximately, not pointwise.","Give each LoRA expert a different SVD-derived starting subspace spread across the whole spectrum, and derive the scaling factor that makes MoE-LoRA optimization mimic full-parameter MoE fine-tuning.","Across 25 datasets (image classification, GLUE, NLG, commonsense reasoning) GOAT beats LoRA and MoE-LoRA baselines and closes most of the gap to full fine-tuning.",False,method,F_T,Fun,"GOAT spreads a Type II (PiSSA-type) split of \(W_0\) over \(E\) experts, one SVD segment each, and subtracts their average; routing then breaks the split, so the base point becomes an input-dependent defect rather than the smooth point of a translated cone. Per token the weight is a point of LoRA\(_{2r}\) at \(\theta_0\): the routed experts plus the frozen \(-W_{\rm res}\).",fan2025make,F_T,Fun,defect,GL,,Minf,
core-space-merging,Core Space,Core Space merging of low-rank adapters,Accurate and Efficient Low-Rank Model Merging in Core Space,Panariello et al.,2025,NeurIPS 2025,2509.17786,https://arxiv.org/abs/2509.17786,https://github.com/apanariello4/core-space-merging,False,,composition-or-routing,"\big[A^{(1)};\dots;A^{(T)}\big]=U_A\Sigma_AV_A^{\top},\ \ \big[B^{(1)},\dots,B^{(T)}\big]=U_B\Sigma_BV_B^{\top},\ \ M^{(t)}=\big(U_B^{\top}B^{(t)}\big)\big(A^{(t)}V_A\big)\in\mathbb{R}^{Tr\times Tr},\ \ W=W_0+U_B\,\mathcal{M}\big(\{M^{(t)}\}_{t}\big)\,V_A^{\top}",0 \text{ (training-free merging)},"every LoRA-adapted layer (Llama-3-8B, ViT-B/32, ViT-L/14)","All rank-\(r\) task updates lie in the span of the union of their factor spaces; shared orthonormal bases of the stacked \(A\)'s (row space) and concatenated \(B\)'s (column space) map each update losslessly to a small \(Tr\times Tr\) core matrix, where any merging operator acts before mapping back.",yes,The reconstructed merged update is a single static matrix added to \(W_0\).,Not applicable (training-free).,"Merge LoRAs in their joint core space rather than at full size: the projection is provably lossless, aligns the tasks, and costs far less than full-matrix or KnOTS-style SVD merging.","State-of-the-art merging accuracy on Llama-3-8B NLI and ViT-B/32 / ViT-L/14 vision benchmarks, with up to 600x faster merging than merging in full space or KnOTS space.",False,method,P,Lin,"Core Space is a joint frame fixing done on factors rather than on products: the projection \(\Delta W\mapsto U_B^\top\Delta WV_A\) is lossless on the span of all updates, so linear rules are exact. Its frames come from the stacked factors, so a coordinatewise rule in core coordinates is not a function of the adapters \(B^{(t)}A^{(t)}\) (Prop V.4(a)), whereas KnOTS takes its frame from the concatenated products.",panariello2025accurate,P,Lin,regular,none,OxO,M1,idempotent
k-lora,K-LoRA,Top-K training-free subject-style LoRA fusion,K-LoRA: Unlocking Training-Free Fusion of Any Subject and Style LoRAs,Ouyang et al.,2025,CVPR 2025,2502.18461,https://arxiv.org/abs/2502.18461,https://github.com/HVision-NKU/K-LoRA,False,,composition-or-routing,"\Delta W^{l}(t)=\begin{cases}\Delta W_c^{l} & \text{if } S_c^{l}\ \ge\ \gamma\,\mathcal{S}(t)\,S_s^{l}\\ \Delta W_s^{l} & \text{otherwise}\end{cases},\ \ S_\bullet^{l}=\sum_{i\in\mathrm{TopK}(|\Delta W_\bullet^{l}|)}|\Delta W_\bullet^{l}|_i,\ K=r_cr_s,\ \ \mathcal{S}(t)=\alpha\tfrac{t_{\mathrm{now}}}{t_{\mathrm{all}}}+\beta,\ \ \gamma=\frac{\sum_l\sum_i|\Delta W_c^{l}|_i}{\sum_l\sum_j|\Delta W_s^{l}|_j}",0 \text{ (training-free)},attention-layer LoRA weights of SDXL and FLUX diffusion models,"Layer-wise, timestep-dependent hard selection between two pretrained LoRA deltas (content vs style), decided by comparing their Top-\(K\) \(\ell_1\) mass with a time-ramped scale (\(\alpha=1.5\), \(\beta=0.5\)): content dominates early denoising steps, style later ones.",conditional,"At each timestep the selected LoRA per layer can be merged, but the selection changes over timesteps, so no single static merged weight reproduces it.",Not applicable (training-free; no new parameters).,"Only the few largest LoRA entries matter, and early denoising steps set content while later ones set style; so at each attention layer use whichever LoRA has more Top-\(K\) mass, rescaled over time, with no training.","Highest subject similarity among compared methods (CLIP score 69.4% vs 64.4% ZipLoRA and 63.8% B-LoRA; DINO 46.9% vs 35.7%), with style similarity 58.7% (ZipLoRA 60.4%, B-LoRA 58.0%); preferred in user studies.",False,method,F_T,–,"K-LoRA is a family over the denoising time \(T\) that takes values at the vertices of a layer-wise CAT simplex: content LoRA early, style LoRA late. It is ZipLoRA's object evaluated at 0/1 coefficients, chosen per timestep by a training-free magnitude rule instead of learned once.",ouyang2025k,F_T,,unpointed,,MonxMon,M1,
ominicontrol,OminiControl,Minimal and Universal Control for Diffusion Transformer,OminiControl: Minimal and Universal Control for Diffusion Transformer,Tan et al.,2024,ICCV 2025,2411.15098,https://arxiv.org/abs/2411.15098,https://github.com/Yuanshi9815/OminiControl,False,,hybrid,"\mathrm{MMA}\big([X;C_T;C_I]\big)=\mathrm{softmax}\Big(\tfrac{QK^{\top}}{\sqrt d}+B(\gamma)\Big)V,\ \ C_I=\mathrm{VAE}(\text{condition image}),\ \ B(\gamma)=\log\gamma \text{ on the } X\leftrightarrow C_I \text{ blocks, } 0 \text{ elsewhere};\ \ \text{per token } z:\ (W_0+\mathbb{1}[z\in C_I]\,BA)\,z \text{ (rank-4 LoRA, scale 0 on non-condition tokens)};\ W_0,\ \mathrm{VAE} \text{ frozen}",\approx 0.1\% \text{ of FLUX.1 } (\approx 14.5\mathrm{M} \text{ LoRA parameters for 12B}),all FLUX.1 DiT blocks (attention projections and norms matter most) plus condition-image tokens appended to the token sequence,"Input augmentation plus a token-restricted low-rank update: VAE-encoded condition tokens are concatenated into the multimodal attention sequence (shared RoPE positions for spatially aligned tasks, shifted positions for subject-driven tasks). A rank-4 LoRA in the shared DiT blocks acts only on condition tokens, and condition strength is a \(\log\gamma\) attention-bias block.",no,"The LoRA is applied only to condition tokens, so merging it into the shared weights would change text and image tokens; inference must also process the extra condition tokens.","LoRA uses \(B = 0\) and is off on text and noise tokens, but appending condition tokens changes attention outputs from the start; \(\gamma = 0\) (bias of minus infinity) removes the condition's influence.","A DiT can serve as its own condition encoder: pass the condition image through the same VAE and transformer as extra tokens and train only a tiny LoRA, giving one mechanism for both spatial and subject-driven control.",With about 0.1% extra parameters on FLUX.1 it outperforms ControlNet / T2I-Adapter on spatially aligned control and IP-Adapter on subject-driven generation; releases the Subjects200K dataset.,False,method,E0,Fun,"OminiControl is an unpointed extension on the sequence wire whose new tokens are computed by the frozen model itself, plus a LoRA pulled back along a token-type gate (aLoRA's construction, with a type gate instead of a position gate). Its strength knob \(\gamma\) rescales the condition's softmax mass, the gate \(\lambda_q\) in the gated-parallel-adapter form of Thm VI.5(b).",tan2024ominicontrol,E0,Fun,unpointed,GL,GLxGL,Minf,
easycontrol,EasyControl,EasyControl (condition-injection LoRA for DiT),EasyControl: Adding Efficient and Flexible Control for Diffusion Transformer,Zhang et al.,2025,ICCV 2025,2503.07027,https://arxiv.org/abs/2503.07027,https://github.com/Xiaojiu-z/EasyControl,False,,hybrid,"Q_c'=Q_c+B_QA_QZ_c,\ \ K_c'=K_c+B_KA_KZ_c,\ \ V_c'=V_c+B_VA_VZ_c;\ \ Q,K,V \text{ of text and noise tokens computed with frozen } W_0;\ \ \mathrm{Attn}\big([Z_t;Z_n;Z_{c_1};\dots]\big) \text{ under a causal mutual-attention mask}",\approx 15\mathrm{M} \text{ per condition (FLUX.1-dev): } 3r(d_{in}+d_{out}) \text{ per block for the condition branch},Q/K/V projections applied only to condition-image tokens in the FLUX.1-dev DiT,"Token-restricted LoRA: the low-rank delta acts only on condition tokens, so the map on text and noise tokens is exactly \(W_0\); conditions interact with generation only through masked attention (separate conditions do not attend to each other), and condition K/V are computed once and cached across denoising steps.",no,"The LoRA applies only to condition tokens, so folding it into shared weights would alter text/noise tokens; inference also processes extra condition tokens.","Condition-branch LoRA starts at \(B = 0\), but the frozen base still attends to condition tokens, so outputs change once a condition is added.","Keep the control signal in its own LoRA-adapted token branch so that conditions are plug-and-play, compose zero-shot across condition types, stay compatible with community style LoRAs, and can be KV-cached.","About 15M parameters per condition. Combining the position-aware training paradigm (resolution-normalized conditions) with KV caching cuts 1024x1024 / 25-step inference time by 58% for a single condition (16.3 s) and 75% for two conditions (18.3 s), relative to the variant without both; KV caching alone gives -36% / -50%.",False,method,E0,Fun,"Under its causal mask each condition's states depend only on that condition, which is the hypothesis of Thm VI.5(e), so EasyControl is a condition-indexed deep prefix computed by the frozen DiT plus a branch LoRA; that is why its KV can be cached across denoising steps. Because conditions do not attend to each other, several conditions compose through the monoid homomorphism \(\Sigma_q(P_1\uplus P_2\uplus C)=\Sigma_q(P_1)+\Sigma_q(P_2)+\Sigma_q(C)\) of Thm VI.5(a).",zhang2025easycontrol,E0,Fun,unpointed,GL,GLxGL,Minf,
icedit,ICEdit,In-Context Edit,In-Context Edit: Enabling Instructional Image Editing with In-Context Generation in Large Scale Diffusion Transformer,Zhang et al.,2025,NeurIPS 2025,2504.20690,https://arxiv.org/abs/2504.20690,https://github.com/River-Zhang/ICEdit,False,,hybrid,"\mathrm{Out}(x)=W_0x+\tfrac{\alpha}{r}\sum_{i=1}^{N}G(x)_i\,B_iA_ix \ \text{(attention output projection)},\ \ G(x)=\mathrm{softmax}\big(\mathrm{TopK}(g(x),k)\big),\ N=4,\ r=\alpha=32,\ k=1;\ \ \text{other DiT modules: standard LoRA } W_0+BA \ (r=\alpha=32);\ \ \text{input: diptych [source | masked target] with the prompt ``A diptych with two side-by-side images of the same scene. On the right, the scene is exactly the same as on the left but \{instruction\}''}","\approx 0.2\mathrm{B} \text{ (Table 1; about 1.7\% of the 12B FLUX.1 Fill, the abstract rounds to }\sim 1\%\text{): LoRA-MoE experts, router and standard LoRAs}","FLUX.1 Fill (inpainting DiT): LoRA-MoE in the output projection of the multimodal attention blocks, standard LoRA in the other modules",In-context input augmentation (an edit is inpainting the right half of a diptych conditioned on the left half) combined with a top-1 routed mixture of four rank-32 LoRA experts.,no,Routing over experts is input-dependent and the diptych doubles the image sequence at inference.,"Experts presumably start at \(B_i = 0\) (standard LoRA initialization; not stated). The training-free diptych prompt already produces edits, which the LoRA-MoE then sharpens.","Instruction-based editing can be posed as in-context inpainting of a diptych in a large DiT. A small LoRA-MoE trained on 50K pairs (about 0.1% of prior methods' data) is enough, and VLM-guided early filtering of noise seeds improves results at inference.","Strong results on Emu Edit (CLIP-I 0.907, DINO 0.866) and MagicBrush with about 0.1% of the training data of prior methods.",False,method,F_T,Fun,"ICEdit is a family over tokens \(\oplus\) ordinary LoRA, applied to an inpainting model that reads an edit as completing a diptych. With \(k=1\) the router is a hard selector: the softmax over one surviving logit is identically 1, so under the catalog's formula the router gets no task-loss gradient and moves only through the discrete selection or an auxiliary loss.",zhang2025context,F_T,Fun,neutral,GL,,Minf,
sd-lora,SD-LoRA,Scalable Decoupled Low-Rank Adaptation,SD-LoRA: Scalable Decoupled Low-Rank Adaptation for Class Incremental Learning,Wu et al.,2025,ICLR 2025,2501.13198,https://arxiv.org/abs/2501.13198,https://github.com/WuYichen-97/SD-Lora-CL,False,,additive-weight,"W^{(t)}=W_0+\sum_{k=1}^{t}\alpha_k\,\frac{B_kA_k}{\|B_kA_k\|_F};\ \ \text{during task } t:\ \Big\{\tfrac{B_kA_k}{\|B_kA_k\|_F}\Big\}_{k<t} \text{ frozen},\ \{\alpha_k\}_{k\le t} \text{ and } (B_t,A_t) \text{ trained}",\text{task } t:\ r_t(d_{in}+d_{out}) \text{ per adapted matrix} + t \text{ magnitudes (one set shared across all adapted projections)};\ r_1=10,"query and value projections of all ViT blocks (rank 10, reduced for later tasks in SD-LoRA-RR)","Linear combination of frozen unit-Frobenius-norm rank-\(r\) directions with trainable scalar magnitudes (initialized to 1; one magnitude set shared across the adapted projections): each task adds one direction, while the magnitudes of all earlier directions keep being re-weighted. Variants shrink later ranks (RR) or absorb a new direction into old ones by least squares (KD).",yes,"After training the sum of scaled directions is a single static matrix, and inference needs no task identity or component selection.","Not identity: magnitudes are initialized to 1 and each direction has unit norm, so a new task starts with a nonzero perturbation (initialization of \(A_t\), \(B_t\) is not specified in the paper).","Decouple LoRA magnitude from direction in continual learning: freeze old directions but keep re-weighting their magnitudes. Training then follows a low-loss path into a region shared by all tasks, giving rehearsal-free, selection-free inference.","ImageNet-R (20 tasks) accuracy 75.26% vs 73.59% for HiDe-Prompt (which stores samples) and 69.89% for InfLoRA; state of the art on ImageNet-A, DomainNet, CIFAR-100 and CUB-200 class-incremental benchmarks with ViT-B/16.",False,method,R-additive,Cone,"At stage \(t\), SD-LoRA is CAT on the frozen directions of earlier tasks \(\oplus\) a normalised LoRA for the new one. The normalisation \(\alpha N(BA)\) leaves LoRA's image unchanged but removes the \(B=0\) pointing: the stage's base point is reached only at \(\alpha_t=0\), where the new summand's first-order image is the single line \(\mathbb R\,N(B_tA_t)\), and the paper starts at \(\alpha_t=1\) instead, a defect. \(\alpha\) carries the scale that \(B\) loses.",wu2025sd,R,Cone,defect,GL,GLxGL,M1,schedule
sparse-memory-finetuning,Sparse Memory Finetuning,Continual learning via sparse memory-layer finetuning,Continual Learning via Sparse Memory Finetuning,Lin et al.,2025,arXiv,2510.15103,https://arxiv.org/abs/2510.15103,,False,,selective,"\mathrm{Mem}(x)=W_2^{\top}\Big[\Big(\sum_{i\in\mathrm{TopK}(K q(x))}s_i(x)\,V_i\Big)\odot\mathrm{silu}(W_1 x)\Big],\ s=\mathrm{softmax}(K_{\mathbb{I}}q(x)),\ k=32;\ \ \text{update only } \{V_i: i\in\mathcal{T}\},\ \ \mathcal{T}=\text{top-}t \text{ slots by } \frac{c(i)}{\sum_j c(j)}\cdot\log\frac{|\mathcal{B}|+1}{\sum_{b\in\mathcal{B}}\mathbb{1}[c_b(i)>0]+1};\ \text{all other parameters frozen (gradients stopped)}","t\cdot d_v \text{ memory values per step } (d_v=1024;\ t=500 \text{ for TriviaQA}, 10^4 \text{ for SimpleQA, out of } 10^6 \text{ slots})",value table of a product-key memory layer that replaces one FFN (layer 12 of 22) in a 1.3B model,"Input-dependent sparse coordinate mask over rows of the memory value table, chosen by a TF-IDF score: slot access counts \(c(i)\) on the current batch, discounted by how often the slot is used on background pretraining batches \(B\).",yes,"Updated memory values overwrite the originals in place, so the memory-layer model keeps its architecture and inference cost.",No new parameters; training starts exactly from the pretrained memory-layer model.,Memory layers are sparsely accessed by design; updating only the slots specifically activated by new knowledge (relative to their pretraining usage) learns new facts with much less interference than full fine-tuning or LoRA.,"After learning new TriviaQA facts, NaturalQuestions F1 drops 89% with full fine-tuning and 71% with LoRA but only 11% with sparse memory finetuning, at the same level of new-knowledge acquisition.",False,method,B,Lin,"Sparse memory finetuning sits in the 'coordinate blocks, resampled every step' cell of the cotangent table (Exposé IV): by the degree-one collapse each step is a fixed-mask linear method re-based at \(\theta_t\), with the mask chosen by access counts relative to background usage. Its control of forgetting comes from the smallness and specificity of the moving support, not from a constraint on the image.",lin2025continual,B,Lin,regular,none,MonxGL,na,schedule
seal,SEAL,Self-Adapting Language Models,Self-Adapting Language Models,Zweiger et al.,2025,NeurIPS 2025,2506.10943,https://arxiv.org/abs/2506.10943,https://github.com/Continual-Intelligence/SEAL,False,,optimizer-or-training-procedure,"SE\sim \mathrm{LM}_\theta(\cdot\mid C),\ \ \theta'=\mathrm{SFT}_{\mathrm{LoRA}}(\theta,SE)\ \ (W=W_0+\tfrac{\alpha}{r}BA;\ r=64,\alpha=128 \text{ for knowledge incorporation};\ r=128,\alpha=16 \text{ for ARC TTT});\ \ \text{outer loop: ReST}^{EM}\ \text{(SFT on self-edits with } r(SE)=1),\ r(SE)=\mathbb{1}\big[\text{adapting with } SE \text{ improves } \mathrm{LM}_\theta \text{ on } \tau\big]",\text{inner: } r(d_{in}+d_{out}) \text{ per adapted matrix per self-edit } (r=64 \text{ or } 128);\ \text{outer: the self-edit generation policy (LoRA } r=16 \text{ in the ARC RL-SFT)},"inner LoRA on all attention and MLP projections (Qwen2.5-7B, knowledge incorporation) or on q/v/gate/up/down projections (Llama-3.2-1B-Instruct, ARC)",Bi-level: the model writes its own fine-tuning data and hyperparameters ('self-edits'); a LoRA SFT step turns each self-edit into \(\Delta W = BA\); RL (filtered behavior cloning) reinforces self-edits whose induced update improves downstream performance.,yes,Each realized update is an ordinary LoRA that can be merged into the weights.,Each inner LoRA update starts from \(B = 0\).,"Let the LLM learn, through RL, to generate the training data and optimization directives that best update its own weights, turning LoRA fine-tuning into an action the model can take.","On SQuAD knowledge incorporation (no-context), accuracy rises from 32.7% to 47.0%, beating synthetic data written by GPT-4.1 (46.3%); ARC few-shot success 72.5% vs 20% without RL. The paper flags catastrophic forgetting under repeated self-edits.",False,recipe,R-additive,Cone,"SEAL realises a context-to-weights family \(C\mapsto\mathrm{SFT}_{\rm LoRA}(\theta,\mathrm{SE}(C))\) by optimisation rather than by a forward pass: each fibre is an ordinary LoRA point, and RL shapes the data that selects it. SHINE and GenerativeAdapter amortise the same map into a hypernetwork.",zweiger2025self,R,Cone,apex,GL,GLxGL,M1,span
sparselora,SparseLoRA,LoRA fine-tuning with contextual sparsity,SparseLoRA: Accelerating LLM Fine-Tuning with Contextual Sparsity,Khaki et al.,2025,ICML 2025,2506.16500,https://arxiv.org/abs/2506.16500,https://github.com/z-lab/sparselora,False,,optimizer-or-training-procedure,"h=W_0\big|_{\mathcal{S}(x)}\,x+\tfrac{\alpha}{r}BAx\ \ (\text{training only}),\ \ \mathcal{S}(x)=\mathrm{TopK}\ \text{channels of the cheap proxy } (U_k\Sigma_k^{1/2})(\Sigma_k^{1/2}V_k^{\top})x\ \ \big(U_k\Sigma_kV_k^{\top}=\text{offline rank-}k \text{ SVD of } W_0\big);\ W_0 \text{ frozen},\ A,B \text{ trained}",r(d_{in}+d_{out}) \text{ (same as LoRA)},"frozen main branch of attention (QKVO) and MLP projections, with non-uniform layer sparsity (deeper layers sparser); output tokens and up to the first 10% of steps stay dense. The LoRA branch (QKVO, \(r=32\), \(\alpha=64\) in experiments) stays dense.","Standard LoRA update; the forward/backward pass through the frozen \(W_0\) uses input-dependent channel sparsity, predicted by a training-free rank-\(k\) SVD sketch of \(W_0\) (activation norms for FFN/VO, query-key norm products for QK).",yes,Sparsity is used only during training; the dense LoRA adapter merges into \(W_0\) and inference is unchanged.,\(B = 0\) as in LoRA; the sparse frozen branch only approximates \(W_0 x\) during training.,"LoRA saves memory but not compute; predicting per input which channels of the frozen weights matter, with a cheap SVD proxy, lets fine-tuning skip most frozen-branch FLOPs without hurting accuracy.","Up to 2.2x compute reduction and 1.6x wall-clock speedup over LoRA at matched accuracy on commonsense and arithmetic reasoning, code generation and instruction following (LLaMA-2/3).",False,recipe,R-additive,Cone,"SparseLoRA keeps LoRA's object and trains it on an input-dependent approximation of the network: an input-indexed base change of the forward pass, like QLoRA's \(\kappa\) but data-dependent and discarded at inference. The gradients are those of the sparsified model, so it changes the dynamics, not the image.",khaki2025sparselora,R,Cone,apex,GL,GLxGL,M1,span
loreft,LoReFT,Low-rank Linear Subspace Representation Finetuning (ReFT family),ReFT: Representation Finetuning for Language Models,Wu et al.,2024,NeurIPS 2024,2404.03592,https://arxiv.org/abs/2404.03592,https://github.com/stanfordnlp/pyreft,False,,input-or-activation-augmentation,"\Phi_{\text{LoReFT}}(h)=h+R^{\top}\big(Wh+b-Rh\big)=(I-R^{\top}R)\,h+R^{\top}(Wh+b),\quad R\in\mathbb{R}^{r\times d}\ (RR^{\top}=I_r),\ W\in\mathbb{R}^{r\times d},\ b\in\mathbb{R}^{r};\ \text{applied to the residual-stream vector } h^{(l)}_i \text{ at the first } p \text{ and last } s \text{ prompt positions of the chosen layers } l\in\mathcal{L};\ \text{LM frozen},\ \{R,W,b\}\ \text{trained};\ \text{DiReFT ablation: } \Phi(h)=h+W_2^{\top}(W_1h+b),\ W_1,W_2\in\mathbb{R}^{r\times d}","(2rd+r)\ \text{per intervention } (R,W\in\mathbb{R}^{r\times d},\ b\in\mathbb{R}^{r});\ |\mathcal{L}|\,(2rd+r)\ \text{with prefix and suffix weights tied},\ 2|\mathcal{L}|\,(2rd+r)\ \text{untied (one intervention for the prefix and one for the suffix positions in each layer)}",residual-stream hidden states (Transformer block outputs) at a fixed number of prefix and suffix prompt positions in selected layers; generated tokens are not intervened on,"Low-rank affine edit of hidden states confined to an \(r\)-dimensional subspace. With the orthogonal projector \(P = R^T R\), \(\Phi(h) = (I - P)h + R^T(Wh + b)\): the component of \(h\) in \(\mathrm{row}(R)\) is replaced by a learned affine function of \(h\), and the orthogonal complement is untouched. The edit is sparse in both positions (prompt prefix and suffix) and layers. DiReFT drops the orthonormality and the difference term, giving a LoRA-shaped map \(h \to h + W_2^T(W_1 h + b)\) on activations.",no,"The edit acts on the residual stream, including the skip path, at specific token positions, so it cannot be folded into any weight matrix; its cost is a small constant per prompt rather than per generated token.","Not identity-preserving. In pyreft \(R\) gets a random orthogonal initialization (torch orthogonal parametrization) and \(W\), \(b\) use the default nn.Linear initialization, so \(\Phi(h) \neq h\) at step 0; the identity is recovered only when \(W = R\) and \(b = 0\).","Learn task-specific interventions on hidden representations instead of changing weights. LoReFT adapts the distributed interchange intervention from causal-abstraction interpretability (DAS): it rewrites the hidden state only inside a learned low-rank orthonormal subspace and only at a few prompt positions, using 15x-65x fewer parameters than LoRA.","With 0.031% trainable parameters on LLaMA-7B it averages 80.2 on eight commonsense-reasoning tasks, the best among the compared PEFTs. On Llama-2 7B instruction tuning it reaches an 85.60 AlpacaEval win rate with 0.0039% of parameters (LoRA: 81.48). It trails LoRA and adapters on arithmetic reasoning.",True,method,E,Fun,"Per hidden vector LoReFT is weight-space LoRA on an affine identity box that the architecture did not have, with \(B=R^\top\) on the Stiefel manifold, so it is simulated by, but not isomorphic to, LoRA\(_r\). Its neutral point \((B_0,A_0)=(R_0^\top,0)\) lies in LoRA's \(\mathrm T_B\) stratum, and position-selectivity is what blocks merging.",wu2024reft,E,Fun,defect,GL,GLxGL,Minf,
longlora,LongLoRA,"LongLoRA (LoRA with trainable embeddings and norms, plus Shifted Sparse Attention)",LongLoRA: Efficient Fine-tuning of Long-Context Large Language Models,Chen et al.,2023,ICLR 2024,2309.12307,https://openreview.net/forum?id=6PmJoRfdaK,https://github.com/dvlab-research/LongLoRA,False,,hybrid,"W_{\{q,k,v,o\}}=W_0+\tfrac{\alpha}{r}BA\ \ (B\in\mathbb{R}^{d_{out}\times r},\ A\in\mathbb{R}^{r\times d_{in}});\ \ E=E_0+\Delta E\ \text{(input embedding, dense)};\ \ \gamma_{\text{norm}}\ \text{(all RMSNorm gains) trained};\ \ \text{training-time attention } \mathrm{S^2\text{-}Attn}:\ \text{tokens split into groups of size } G,\ \text{half of the heads attend within groups, the other half within groups shifted by } G/2;\ \ \text{inference: standard full attention};\ \ \text{RoPE positions rescaled by Position Interpolation};\ \ \text{MLP weights frozen}","r(d_{in}+d_{out})\ \text{per adapted attention matrix } (4L \text{ matrices}) \;+\; |\mathcal{V}|\,d\ \text{(input embedding)} \;+\; (2L+1)\,d\ \text{(norm gains)}","\(W_q, W_k, W_v, W_o\) of every attention layer (LoRA, \(r = 8\), \(\alpha = 16\) in the official code), plus the input token-embedding matrix and all normalization layers (trained densely); S\(^2\)-Attn changes only the training-time attention pattern","Composite of three factors. (i) Rank-\(r\) additive updates \(\Delta W = BA\) on the attention projections. (ii) Dense, selective updates of the input-embedding table and the norm gains, which together are under 2% of Llama2-7B's parameters. (iii) A training-only sparsification of the attention graph into block-diagonal token groups, with a \(G/2\) shift on half of the heads so that information flows between neighbouring groups (Swin-style). The paper calls (i)+(ii) 'LoRA+', which is unrelated to LoRA+ by Hayou et al.",yes,"The LoRA factors merge into \(W_0\), the trained embedding and norm tensors replace the originals, and S\(^2\)-Attn is used only in training, so inference runs the original dense-attention architecture (with Position-Interpolation RoPE scaling) at the original cost.","Standard LoRA init (\(B = 0\)) and the pretrained embedding and norm values, so the weights are unchanged at step 0. The training-time function still differs from the base model, because attention is restricted to shifted local groups and positions are interpolated.","Plain LoRA fails at context extension at any rank, but also training the cheap embedding and normalization layers closes almost all of the gap to full fine-tuning. Training can use shifted sparse local attention, which approximates full attention and takes two lines of code, while inference keeps dense attention.","Extends Llama2 7B, 13B and 70B to 100k, 64k and 32k tokens on a single 8xA100 machine. At 32k context on PG19, LoRA with trainable norms and embeddings reaches perplexity 8.12, versus 8.08 for full fine-tuning and 11.44 for plain rank-8 LoRA.",True,method,R-additive,Cone,"LongLoRA is the \(\oplus\)-word LoRA\(_{qkvo}\oplus\) Embedding \(\oplus\) LN-tuning, trained on a different realisation from the one it is deployed on: S\(^2\)-Attn and Position Interpolation change \(f\), while \(\mathsf{Meth}(\Theta,\theta_0)\) depends only on \((\Theta,\theta_0)\). Its finding that LoRA alone fails at any rank is an O1 statement: the embedding and gain directions lie outside every LoRA\(_{qkvo}\) image, and LoRA and LN-tuning both map into it by A5.",chen2023longlora,R,Cone,apex,GL,MonxGL,M1,span
o-lora,O-LoRA,Orthogonal Low-Rank Adaptation (orthogonal subspace learning for continual learning),Orthogonal Subspace Learning for Language Model Continual Learning,Wang et al.,2023,Findings of EMNLP 2023,2310.14152,https://aclanthology.org/2023.findings-emnlp.715/,https://github.com/cmnfriend/O-LoRA,False,,additive-weight,"W^{(t)}=W_0+\sum_{i<t}B_iA_i+B_tA_t,\quad A_i\in\mathbb{R}^{r\times d_{in}},\ B_i\in\mathbb{R}^{d_{out}\times r};\quad \text{paper: }\min_{A_t,B_t}\ \mathcal{L}_{\text{task}}(\mathcal{D}_t)+\lambda_1\sum_{i=1}^{t-1}\big\|B_i^{\top}B_t\big\|_F^2\ \ (\mathcal{U}_t=\operatorname{col}(B_t)\subset\mathbb{R}^{d_{out}};\ \text{the paper writes }\Delta W=AB\text{ with its }A\in\mathbb{R}^{d\times r}\text{ the output-side factor});\quad \text{official code: }\lambda_1\sum_{i<t}\big\|A_iA_t^{\top}\big\|_{1}\ (\text{entry-wise, on PEFT lora\_A})+\lambda_2\big(\|A_t\|_F+\|B_t\|_F\big);\quad W_0\ \text{and}\ \{A_i,B_i\}_{i<t}\ \text{frozen; after task } t:\ W_0\leftarrow W_0+\textstyle\sum_{i\le t}B_iA_i","r(d_{in}+d_{out})\ \text{per adapted matrix per task (after } t \text{ tasks } t\,r(d_{in}+d_{out}) \text{ are stored unless merged)}","\(W_q\) and \(W_v\) of every attention layer (T5-large, LLaMA-7B)","Sum of per-task rank-\(r\) updates. A soft penalty on an \(r\times r\) cross-Gram matrix, which vanishes exactly when two tasks' subspaces are orthogonal, pushes each new task's subspace away from all earlier ones. \(\Delta W\) is therefore close to a direct sum of mutually orthogonal rank-\(r\) pieces; orthogonality is a regularizer, not a hard constraint. The paper defines each task's subspace as the column span of the output-side factor (catalog \(B_t\), in \(\mathbb{R}^{d_{out}}\)) and squares the entries of \(B_i^\top B_t\). The official trainer instead penalizes the input-side rows (PEFT lora_A) with an entry-wise absolute value and adds an L2 term (\(\lambda_2\)).",yes,"Each task's \(BA\) is a static low-rank matrix that can be merged into \(W_0\) after training, and inference needs no task ID.","Each new task's LoRA uses the standard init (\(B_t = 0\)), so the model function is unchanged at the start of every task.","Use each finished task's LoRA subspace as a cheap stand-in for its gradient subspace, instead of storing gradients as OGD does, and learn the next task's LoRA in a subspace orthogonal to all earlier ones. This gives continual learning without rehearsal or task IDs and preserves instruction-following generalization.","On the standard 5-task continual-learning benchmark with T5-large, O-LoRA averages 75.8% over three task orders, against 72.7% for LFPT5 (the paper's previous state of the art) and 80.0% for multi-task training. On the 15-task benchmark it averages 69.6% against 69.2% for LFPT5. ProgPrompt, which needs task IDs at inference, scores 75.1% and 77.9%.",True,method,R-additive,Cone,"O-LoRA is \(\mathrm{LoRA}_r^{\oplus T}\) unrolled over tasks, i.e. ReLoRA with one stage per task, plus a penalty that pushes each new stage away from the earlier ones. The paper penalises column spaces of the up-projections and the official code row spaces of the down-projections, so the two versions enforce orthogonality on opposite sides of the update.",wang2023orthogonal,R,Cone,apex,GL,GLxGL,M1,schedule
inflora,InfLoRA,Interference-Free Low-Rank Adaptation,InfLoRA: Interference-Free Low-Rank Adaptation for Continual Learning,Liang & Li,2024,CVPR 2024,2404.00228,https://arxiv.org/abs/2404.00228,https://github.com/liangyanshuo/InfLoRA,False,,additive-weight,"W_t=W_{t-1}+B_tA_t,\quad A_t=(U_t)_{[1:r]}\in\mathbb{R}^{r\times d_{in}}\ \text{frozen, from the SVD } \hat H_t^{\top}=V_t\Sigma_tU_t,\ \ \hat H_t=(I-M_tM_t^{\top})H_t\ \ \text{or}\ \ M_t^{\perp}M_t^{\perp\top}H_t;\quad B_t\in\mathbb{R}^{d_{out}\times r}\ \text{trained, init } 0;\quad \Rightarrow\ \Delta_{B_t}W_t=(\Delta_{W}W_t)\,A_t^{\top}A_t,\ \ (B_tA_t)\,M_t=0","r\,d_{out}\ \text{per adapted matrix per task (}A_t\text{ is designed, not trained; one } r(d_{in}+d_{out}) \text{ branch is kept at a time, earlier branches are merged)}",key and value projections of every ViT-B/16 attention block (variant InfLoRA-b5: bottom 5 blocks only),"Rank-\(r\) additive update with a frozen, data-designed down-projection \(A_t\). Its orthonormal rows are the top principal directions of the current task's layer inputs \(H_t\) after projection onto the orthogonal complement of the old tasks' input subspace \(\mathrm{span}(M_t)\), which DualGPM maintains; they therefore lie in \(N_t\) intersected with \(M_t^{\perp}\). Training \(B_t\) alone equals full fine-tuning projected onto \(\mathrm{row}(A_t)\), \(\Delta W = G A_t^T A_t\), so \(\Delta W\) annihilates old-task inputs. Notation is swapped relative to the paper, which calls the up-projection \(A_t\) and the down-projection \(B_t\).",yes,"After each task the branch \(B_t A_t\) is merged into \(W_{t-1}\), and inference uses a single weight matrix without task identity.","\(B_t = 0\) (zero-initialized up-projection), so the function is unchanged at the start of each task. \(A_t\) is set before training by an SVD of the projected current-task activations.",Fine-tuning only the up-projection of a LoRA branch is exactly full fine-tuning restricted to the row space of the frozen down-projection. Choosing that row space inside the new task's input span but orthogonal to the old tasks' input space removes interference by construction.,"With an ImageNet-21K ViT-B/16, InfLoRA reaches final accuracies of 75.65% on 10-task ImageNet-R (77.52% with 5 tasks, 71.01% with 20), 86.51% on 10-task CIFAR-100 and 74.53% on 5-task DomainNet. It leads L2P, DualPrompt, CODA-P, C-LoRA and LAE on ImageNet-R and DomainNet. On CIFAR-100, CODA-P has a slightly higher final accuracy (86.62%), while InfLoRA has the best averaged accuracy (91.70% vs 91.08%).",True,method,R-additive,Lin,"InfLoRA is LoRA-FA with a data-designed frame, re-based once per task; in the cotangent table it shares GaLore's cell ('data frame, re-based periodically'), with the frame taken from projected activations rather than gradients. By the degree-one collapse a stage is full fine-tuning projected onto \(\mathrm{row}\,A_t\), and \(\mathrm{row}\,A_t\perp M_t\) gives \(\Delta W\,M_t=0\): old-task inputs are annihilated by construction.",liang2024inflora,R,Lin,regular,none,GLxCO,M1,schedule
textual-inversion,Textual Inversion,Textual Inversion (learned pseudo-word embedding),An Image is Worth One Word: Personalizing Text-to-Image Generation using Textual Inversion,Gal et al.,2022,ICLR 2023,2208.01618,https://arxiv.org/abs/2208.01618,https://github.com/rinongal/textual_inversion,False,,input-or-activation-augmentation,"v_*=\arg\min_{v\in\mathbb{R}^{d}}\ \mathbb{E}_{z\sim\mathcal{E}(x),\,y,\,\epsilon\sim\mathcal{N}(0,I),\,t}\Big[\big\|\epsilon-\epsilon_\theta\big(z_t,t,c_\theta(y)\big)\big\|_2^2\Big],\quad y=\text{neutral template (e.g. ``A photo of } S_*\text{'') whose token } S_* \text{ is embedded as } v;\quad c_\theta,\ \epsilon_\theta,\ \mathcal{E}\ \text{and all existing token embeddings frozen}","d\ \ \text{(one token embedding; } k\,d \text{ for a } k\text{-vector pseudo-word)}",token-embedding table of the frozen text encoder (one new row for the pseudo-word \(S_*\)); the pseudo-word can appear anywhere in a prompt,"Extends the frozen vocabulary with one learned point \(v_*\) in input-embedding space. The update is a single new row of the embedding matrix, used compositionally inside arbitrary natural-language prompts rather than as a fixed task prefix.",yes,"The learned vector is just a new vocabulary entry: inference runs the unchanged text encoder and diffusion model at the same cost, with one token standing in for a word.","The model itself is untouched. \(v\) is initialized to the embedding of a single-word coarse descriptor (e.g. 'cat', 'sculpture'), so prompts without \(S_*\) behave exactly as before and \(S_*\) starts out as that word.","Personalize a frozen text-to-image model by inverting 3-5 images into a new word in its text-embedding space, trained with the ordinary denoising loss. One word embedding is enough to capture an object or style, which can then be composed into new prompts.","On LDM a single learned embedding reproduces object and style concepts from 3-5 images more faithfully than human-written captions or DALL-E 2 image prompts. CLIP-based and user-study evaluations place it at a favourable point on the reconstruction-editability trade-off, which the learning rate can shift.",True,method,E,Lin,"Textual inversion is a pointed extension of the input alphabet rather than of the network. It adjoins one symbol \(S_*\) whose embedding is a free point \(v\in\mathbb R^d\), neutral at \(v_0=E_w\) via the substitution \(S_*\mapsto w\). On the old inputs it is the initial object (Frozen). On prompts containing \(S_*\) it is Trainable Tokens on the extended table, the Lin row method of \(\mathsf{Meth}(\Theta^+,\theta_0^+)\).",gal2022image,E,Lin,neutral,none,MonxGL,M1,idempotent
custom-diffusion,Custom Diffusion,Custom Diffusion (cross-attention K/V fine-tuning for multi-concept customization),Multi-Concept Customization of Text-to-Image Diffusion,Kumari et al.,2022,CVPR 2023,2212.04488,https://arxiv.org/abs/2212.04488,https://github.com/adobe-research/custom-diffusion,False,,selective,"K=W^{k}c,\ V=W^{v}c\ \text{in every U-Net cross-attention layer};\quad W^{k}=W^{k}_0+\Delta W^{k},\ W^{v}=W^{v}_0+\Delta W^{v}\ \text{(dense)},\ \text{plus a new modifier-token embedding } V^{*};\ \text{all other weights frozen; loss: denoising loss on the target images plus 200 retrieved real regularization images};\quad \text{merging } N \text{ concepts: } \hat W=\arg\min_W\|WC_{\text{reg}}^{\top}-W_0C_{\text{reg}}^{\top}\|_F\ \ \text{s.t.}\ \ WC^{\top}=V_{\text{tgt}},\ \ \hat W=W_0+\mathbf{v}^{\top}\mathbf{d},\ \ \mathbf{d}=C(C_{\text{reg}}^{\top}C_{\text{reg}})^{-1},\ \ \mathbf{v}^{\top}=(V_{\text{tgt}}-W_0C^{\top})(\mathbf{d}C^{\top})^{-1}","2\,d_{out}\,d_{text}\ \text{per cross-attention layer } (W^{k},W^{v}\in\mathbb{R}^{d_{out}\times d_{text}}) \;+\; d_{text}\ \text{per modifier token}","key and value projections of the text features in all cross-attention layers of the diffusion U-Net (Stable Diffusion), plus the modifier-token embedding","Block mask over the parameter tensors: only the two matrices that read the text condition (\(W^k, W^v\)) are updated, densely. Multi-concept merging is a closed-form, equality-constrained least-squares projection: it maps each concept's target-word features to the fine-tuned values while staying close to \(W_0\) on about 1000 regularization captions.",yes,"The fine-tuned \(W^k\) and \(W^v\) replace the originals and \(V^*\) is one extra vocabulary row, so inference runs the original architecture at the original cost; the closed-form merge folds several concepts into a single pair of matrices.","Training starts from the pretrained \(W^k, W^v\) (\(\Delta W = 0\)), and \(V^*\) is initialized to a rarely occurring token's embedding, so the model is initially unchanged on ordinary prompts.","Fine-tuning moves the cross-attention weights much more than any others, so update only the K/V projections that map text into latent features, together with a learned modifier token and retrieved real images as regularization. The method is fast, small and resists language drift, and concepts can be combined by joint training or a closed-form constrained merge.","On Stable Diffusion it beats Textual Inversion and matches or beats DreamBooth on text/image alignment and human preference, while training about 5x faster (~6 minutes) and storing 75MB instead of 3GB per concept. The closed-form multi-concept merge takes about 2 seconds.",True,method,E,Lin,"Custom Diffusion is Textual Inversion \(\oplus\) a selective block. The block is surgical fine-tuning of exactly the boxes that read the text wire (\(W^k,W^v\)), plus one adjoined vocabulary symbol. Its multi-concept merge is a P operation \(\Theta^N\to\Theta\). It solves a least-squares problem under hard equality constraints on the concepts' features, so it is a constrained RegMean rather than task arithmetic.",kumari2022multi,E,Lin,neutral,none,GLxGL,M1,idempotent
esft,ESFT,Expert-Specialized Fine-Tuning,Let the Expert Stick to His Last: Expert-Specialized Fine-Tuning for Sparse Architectural Large Language Models,Wang et al.,2024,EMNLP 2024,2407.01906,https://aclanthology.org/2024.emnlp-main.46/,https://github.com/deepseek-ai/ESFT,False,,selective,"g_i^{l}=\frac{1}{N_s}\sum_{j=1}^{N_s}\frac{1}{L_j}\sum_{k=1}^{L_j}g_{i,k}^{l}\ \ (\text{ESFT-Gate})\quad\text{or}\quad r_i^{l}=\frac{1}{N_s}\sum_{j=1}^{N_s}\frac{1}{L_j}\sum_{k=1}^{L_j}\frac{\mathbb{1}(g_{i,k}^{l}>0)}{K}\ \ (\text{ESFT-Token});\quad E_s^{l}=\text{top-scored experts with }\textstyle\sum_{i\in E_s^{l}}R_i^{l}\ge p;\quad \theta_e\ (e\in E_s^{l})\ \text{trained; all other routed experts, shared experts, attention, router and embeddings frozen}","\sum_{l=1}^{L}|E_s^{l}|\cdot 3\,d\,d_{ff}^{(e)}\ \ (\text{gate/up/down projections of each selected routed expert; on average 2-15 of 66 experts per layer})","the routed (non-shared) FFN experts in each MoE layer that are most relevant to the task; attention, router, shared experts and embeddings stay frozen","Data-dependent block mask over experts. In each layer the selected set is the smallest group of top-scored routed experts whose cumulative relevance (average gate score or token-selection ratio on sampled task data) reaches p. Selected experts are updated densely, everything else is frozen, and routing stays free during training and inference.",yes,"The updated experts simply replace the originals, so the architecture, routing and inference cost are unchanged.",Training starts from the pretrained weights (\(\Delta W = 0\)); expert selection is computed from router statistics on a task sample.,"In fine-grained MoE LLMs, each task activates a concentrated and distinct set of experts, so fine-tune only the experts most relevant to the task. This nearly matches full fine-tuning on the target task, forgets less, and cuts storage by up to 90%.","On DeepSeek-V2-Lite, ESFT-Gate averages 50.2 on downstream tasks (FFT 51.0, LoRA 44.9) while keeping more general ability (ESFT-Token 61.5 vs FFT 58.8 and LoRA 59.1), with 2.57-3.20 GB of trained parameters versus 28.6 GB for FFT.",False,method,R-selective,Lin,"ESFT is surgical fine-tuning indexed by experts instead of layers: the trainable set is a union of whole expert boxes, chosen from router statistics on task data. Like surgical FT and Spectrum, it is a Lin, regular, idempotent coordinate block. Only the selection rule (routing mass) is new.",wang2024let,R,Lin,regular,none,GLxGL,M1,idempotent
intruder-dimension-reduction,Intruder-dimension reduction,Intruder Dimension Reduction (post-hoc spectral surgery on LoRA adapters),LoRA vs Full Fine-tuning: An Illusion of Equivalence,Shuttleworth et al.,2024,NeurIPS 2025,2410.21228,https://arxiv.org/abs/2410.21228,https://github.com/huggingface/peft/blob/main/src/peft/tuners/lora/intruders.py,True,"from peft.tuners.lora.intruders import reduce_intruder_dimension; reduce_intruder_dimension(peft_model, old_adapter_name='default', new_adapter_name='intruder_reduced', top_k=10, threshold_epsilon=0.5, mitigation_lambda=0.75)  # adds and activates a new LoRA adapter",optimizer-or-training-procedure,"W_0+\Delta W=U\Sigma V^{\top},\ \ W_0=U^{0}\Sigma^{0}V^{0\top};\quad \mathcal{I}=\{\,j\le k:\ \max_i|\langle u_j,u^{0}_i\rangle|<\epsilon\,\};\quad W'=W_0+\Delta W+(\lambda-1)\sum_{j\in\mathcal{I}}\sigma_j\,u_jv_j^{\top};\quad (B',A')=\text{rank-}r\ \text{truncated SVD of } (W'-W_0)/s,\ \ s=\tfrac{\alpha}{r}\ (\tfrac{\alpha}{\sqrt r}\text{ with rsLoRA}),\ \ B'=U_r\Sigma_r^{1/2},\ A'=\Sigma_r^{1/2}V_r^{\top};\quad \text{no training: } W_0 \text{ frozen, the trained } (B,A) \text{ replaced by } (B',A')\ \ (\text{paper: only the top-ranked } j\in\mathcal{I}\text{ is scaled, no re-factorization})",0\ \ (\text{training-free; the output is again a rank-}r\text{ adapter with } r(d_{in}+d_{out}) \text{ parameters per matrix}),every LoRA-adapted linear (or embedding) layer of an already trained adapter,"Spectral endomorphism on the space of trained adapters. Among the top-\(k\) singular directions of the merged matrix, those nearly orthogonal to every pretrained left singular vector (the intruders) are shrunk by \(\lambda\), and the edited \(\Delta W\) is projected back to rank \(r\). The paper scales only the top intruder per matrix and does not re-project; HF PEFT scales every detected intruder and re-factorizes to rank \(r\).",yes,"The result is an ordinary LoRA adapter (\(B', A'\)) that merges into \(W_0\) like any other LoRA.","Not applicable (post-hoc edit). \(\lambda = 1\) leaves the adapter unchanged up to rank-\(r\) truncation, \(\lambda = 0\) removes the intruder components, and \(\lambda > 1\) amplifies them.","LoRA creates high-ranking intruder singular vectors that are nearly orthogonal to the pretrained spectrum; full fine-tuning does not. These directions drive most of the forgetting, so shrinking them after training recovers pretrained behaviour at little cost in task accuracy.","Scaling the top intruder dimension of each matrix with \(\lambda = 0.7\) (RoBERTa-base on QQP, LoRA \(r = 8\)) left test accuracy unchanged and cut fine-tuning-induced forgetting (pre-training loss) by 33.2%. For LLaMA2-7B on MetaMath (\(r = 256\)), \(\lambda = 0.3\) cost 0.1% accuracy and cut forgetting by 33.3%.",True,method,P,Lin,"A post-hoc spectral operation on the image of \(\mathrm{LoRA}_r\). A one-parameter torus acts on those singular values of the merged weight whose left singular vectors are nearly orthogonal to \(W_0\)'s. In other words it is SVDiff re-based at the trained point and restricted to the intruder directions. It reads only the product \(BA\), so it descends to adapters (Prop V.4(a)).",shuttleworth2024lora,P,Lin,defect,none,OxO,M1,idempotent
coda-prompt,CODA-Prompt,COntinual Decomposed Attention-based Prompting (CODA-P),CODA-Prompt: COntinual Decomposed Attention-based Prompting for Rehearsal-Free Continual Learning,Smith et al.,2022,CVPR 2023,2211.13218,https://openaccess.thecvf.com/content/CVPR2023/html/Smith_CODA-Prompt_COntinual_Decomposed_Attention-Based_Prompting_for_Rehearsal-Free_Continual_Learning_CVPR_2023_paper.html,https://github.com/GT-RIPL/CODA-Prompt,False,,composition-or-routing,"p(x)=\sum_{m=1}^{M}\alpha_m(x)\,P_m,\quad \alpha_m(x)=\gamma\big(q(x)\odot A_m,\;K_m\big),\quad q(x)=\theta(x)_{[\mathrm{CLS}]}\ \text{(frozen ViT pass)},\ \gamma=\cos;\quad p=[p_K;p_V],\ p_K,p_V\in\mathbb{R}^{\frac{\ell}{2}\times d}:\ \mathrm{MSA}\big(h_Q,[p_K;h_K],[p_V;h_V]\big)\ \text{at each prompted layer};\quad \min_{P^{n},K^{n},A^{n},\phi_n}\ \mathcal{L}\big(f_\phi(f_{\theta,P,K,A}(x)),y\big)+\lambda\big(\|PP^{\top}-I\|_2+\|KK^{\top}-I\|_2+\|AA^{\top}-I\|_2\big);\ \ \theta\ \text{frozen},\ \text{components of earlier tasks frozen}","n_p\,M\,(\ell d+2d)+\text{head}\quad(n_p=\text{prompted layers, 5 in the paper};\ M/N\ \text{new components trained per task})",keys/values (prefix form) of MSA layers 1-5 of a frozen ViT-B/16; the query comes from a separate frozen forward pass ([CLS] output),"Input-conditioned linear combination of a growing dictionary of prefix components, \(p(x) = \sum_m \alpha_m(x) P_m\). The weights are unnormalized cosine similarities between a feature-gated query \(q(x) \odot A_m\) and a key \(K_m\). Each task adds \(M/N\) components, and the components, keys and attention vectors of earlier tasks are frozen, so the trainable space is an increasing chain of component sets with soft orthogonality penalties.",no,"The prompt depends on the input through the query pass, and its prefix slots lengthen the key/value sequence, so nothing folds into \(W_0\).","No identity: prefix slots change attention from the first step. \(P\), \(K\) and \(A\) are orthogonally initialized.","L2P and DualPrompt select prompts from a pool by hard key-query matching. CODA-Prompt replaces that with an attention-weighted sum of prompt components, so the selection mechanism is trained end to end with the task loss. Capacity grows by adding components rather than lengthening prompts, and freezing past components plus orthogonality limits forgetting.","Rehearsal-free class-incremental ImageNet-R with ViT-B/16: 75.45% average final accuracy on 10 tasks vs 71.32% for DualPrompt (up to +4.5% across the 5/10/20-task splits). It is also ahead on CIFAR-100, DomainNet and a dual-shift ImageNet-R benchmark.",False,method,F_T,Fun,"CODA-Prompt is a continuous family over inputs, \(x\mapsto\sum_m\alpha_m(x)P_m\), of points of prefix tuning, with unnormalised cosine weights read from a frozen query pass. Each task adds components and freezes the earlier ones at their trained values. That freezing, not any property of the image, is how it limits forgetting.",smith2022coda,F_T,Fun,unpointed,torus,MonxGL,Minf,
trans-lora,Trans-LoRA,Trans-LoRA (nearly data-free transfer of PEFT modules across base models by distillation on filtered synthetic data),Trans-LoRA: towards data-free Transferable Parameter Efficient Finetuning,Wang et al.,2024,NeurIPS 2024,2405.17258,https://proceedings.neurips.cc/paper_files/paper/2024/hash/708fdc7911f11585ee7161518e509ae6-Abstract-Conference.html,,False,,optimizer-or-training-procedure,"\phi^\ast=\arg\max_\phi\ \mathbb{E}_{x\sim\mathcal{D}}\log p_{\phi}(\text{yes}\mid t(x))+\mathbb{E}_{x\sim\mathcal{M}_s}\log p_{\phi}(\text{no}\mid t(x));\quad \mathcal{D}_{syn}=\{x\sim\mathcal{M}_{gen}(\cdot\mid\bar{\mathcal{D}}):\ p_{\phi^\ast}(\text{yes}\mid t(x))>p_{\phi^\ast}(\text{no}\mid t(x))\},\ |\bar{\mathcal{D}}|=5,\ |\mathcal{D}_{syn}|=|\mathcal{D}|;\quad \theta_t=\arg\min_{\theta}\sum_{x\in\mathcal{D}_{syn}}H\big((\mathcal{M}_t+\theta)(x),\,(\mathcal{M}_s+\theta_s)(x)\big);\ \ \mathcal{M}_s,\mathcal{M}_t,\theta_s\ \text{frozen};\ \theta_t\ \text{trained (e.g. } W_t=W_{t,0}+B_tA_t)","r\,(d^{t}_{in}+d^{t}_{out})\ \text{per adapted target matrix (whatever the target PEFT needs)}\ +\ \text{a one-off LoRA discriminator on }\mathcal{M}_s","the target model's adapter locations (default LoRA on \(W_q, W_v\)). The transfer acts on the model's input-output behavior, not on weights.","Function-level transport of an adapter along a change of base model. The source pair (\(M_s, \theta_s\)) acts as a teacher, and the target adapter is fitted by knowledge distillation on synthetic inputs that a discriminator has filtered to imitate the distribution of the original training inputs. No weight correspondence between source and target is needed, so they may differ in family, size and even PEFT type (LoRA, DoRA, prompt tuning).",conditional,"The output is an ordinary adapter of the chosen target type: a transferred LoRA or DoRA merges into the target weights, a transferred soft prompt does not.","The target adapter starts from the standard initialization of its type (for LoRA, \(B = 0\), so \(M_t + \theta_t = M_t\) at the start). Algorithm 1 only says 'Initialize \(\theta_t\)'.","When a base model is retired, its LoRAs can be retrained on the new base without the client's data. An LLM seeded with 5 examples synthesizes task inputs. A discriminator, trained once alongside the source LoRA, keeps only samples that look like the real training inputs. The target LoRA is then distilled from the source model plus LoRA on those samples.","Across 86 BBH, MMLU, MBPP and GSM8K tasks with Llama-2 and Gemma (within and across families), the transferred LoRA matches or beats both the source LoRA and the unadapted target. For example, BBH Gemma-2b to Gemma-7b: 43.61 vs 31.84 (source LoRA) and 37.75 (target base). It also transfers LoRA<->DoRA and prompt tuning, and survives two consecutive transfers.",False,recipe,R-additive,Cone,"Trans-LoRA moves an adapter to a new base model that has no weight correspondence with the old one, so no base-change functor \(\phi_!\) exists. Instead it lifts the source realisation \(\Phi_{f_s}(\theta_s+\Delta_s)\) along the target realisation \(\Phi_{f_t}\circ\rho_{\rm LoRA}\), by distillation on synthetic inputs. The output is an object of the target slice, which is why the PEFT type may change in transit.",wang2024trans,R,Cone,apex,GL,GLxGL,M1,span
lora-x,LoRA-X,Cross-Model Low-Rank Adaptation,LoRA-X: Bridging Foundation Models with Training-Free Cross-Model Adaptation,Farhadzadeh et al.,2025,ICLR 2025,2501.16559,https://proceedings.iclr.cc/paper_files/paper/2025/hash/1add3bbdbc20c403a383482a665eb5a4-Abstract-Conference.html,,False,,additive-weight,"W_0=U\Sigma V^{\top}\ \text{(SVD, cached)},\quad W=W_0+\tilde U_r\,\Delta\Sigma\,\tilde V_r^{\top},\ \ \tilde U_r\in\mathbb{R}^{d_{out}\times r},\ \tilde V_r\in\mathbb{R}^{d_{in}\times r}\ \text{(top-}r\text{ singular vectors, frozen)},\ \ \Delta\Sigma=\operatorname{diag}(\delta\sigma_1,\dots,\delta\sigma_r)\ \text{(or a full } r\times r\text{ core) trained},\ \sigma_i+\delta\sigma_i\ge 0;\quad \text{transfer (no training): }\Delta W_{t\leftarrow s}=U_tU_t^{\top}\,\Delta W_s\,V_tV_t^{\top}=U_t\big(U_t^{\top}\tilde U_s\,\Delta\Sigma_s\,\tilde V_s^{\top}V_t\big)V_t^{\top}",r\ \ (\text{diagonal }\Delta\Sigma)\quad\text{or}\quad r^{2}\ \ (\text{full core}),"attention projections (to_q, to_k, to_v, to_out) of diffusion UNets: SDXL family (UNet only) and SD-v1.5 family (UNet and text-encoder attention); TinyLlama in an appendix. Transfer skips 'filter blocks' with low source-target subspace similarity and re-matches some blocks to a more similar source block.","The update lives in \(\mathrm{span}(U_r) \otimes \mathrm{span}(V_r)\) of \(W_0\), i.e. a spectral core between frozen top-\(r\) SVD bases. Cross-model transfer is a two-sided orthogonal projection onto the target weight's column and row spaces (Eq. 3). Layers are matched by subspace similarity (Eq. 4); for mismatched sizes a least-squares map replaces the source bases (Sec. 4.2.2). Across architectures, an optimal-transport cost over the layer-similarity matrix (the Adapter Transferability Cost) scores how hard a transfer is; it is a metric, not the transfer map itself. Caveat (derived): the released pseudocode uses a thin SVD, so for square full-rank layers the projection is the identity and transfer copies \(\Delta W_s\) unchanged.",yes,Both the trained and the transferred adapter are plain additive matrices that fold into the source or target \(W_0\).,Not stated in the paper. The natural choice \(\Delta \Sigma = 0\) (inferred) gives \(\Delta W = 0\).,"An adapter becomes portable if it may not create new feature directions. LoRA-X trains only a rescaling or mixing of the base weight's top singular directions, then moves it to a new base model (an updated, distilled or fine-tuned version) by projecting onto that model's singular subspaces, with no data and no training.","Training-free transfer of LoRA-X style adapters, from SD-v1.5 to SD Eff-v1.0/RV-v3.0 and from SDXL to SSD-1B/RVXL-v3.0, gives HPSv2, LPIPS-diversity and DINOv2 scores close to adapters trained directly on the target, whereas projected plain LoRA degrades markedly. A TinyLlama 3T to 2.5T text experiment shows the same.",False,method,R-action,Lin,"Diagonal LoRA-X is the torus acting on the top-\(r\) singular values of \(W_0\), i.e. SVDiff truncated to rank \(r\); its full-core variant is LoRA-XS. The transfer \(\Delta W\mapsto U_tU_t^\top\Delta W\,V_tV_t^\top\) is a two-sided orthogonal projection between slices at different base points \(\theta_s\to\theta_t\), not an arrow. With a thin SVD it is the identity on full-rank square layers (catalog caveat).",farhadzadeh2025lora,R,Lin,regular,none,OxO,M1,idempotent
lofit,LoFiT,Localized Fine-Tuning on LLM Representations,LoFiT: Localized Fine-tuning on LLM Representations,Yin et al.,2024,NeurIPS 2024,2406.01563,https://proceedings.neurips.cc/paper_files/paper/2024/hash/122ea6470232ee5e79a2649243348005-Abstract-Conference.html,https://github.com/fc2869/lo-fit,False,,input-or-activation-augmentation,"\text{Step 1 (localize): } z^{(l,i)}\leftarrow(1+A_l^{i})\odot z^{(l,i)},\ \ \min_{A}\ \mathcal{L}_{CE}+\lambda\textstyle\sum_{l,i}\|A_l^{i}\|_1,\ \ T=\operatorname{top\text{-}K}_{(l,i)}\|A_l^{i}\|;\quad \text{Step 2 (tune): } z^{(l,i)}\leftarrow z^{(l,i)}+v_l^{i}\ \ \text{for }(l,i)\in T,\ \ \mathrm{MultiHead}(h)=\operatorname{concat}\big(z^{(l,1)},\dots,z^{(l,H)}\big)W^{O};\ \ \text{all } W_0\ \text{frozen},\ v_l^{i}\in\mathbb{R}^{d_{head}}\ \text{trained}","K\,d_{head}\ \ (\text{final; }K=48,96,160\ \text{for Gemma-7B, Llama 2-7B, Llama 2-13B}\Rightarrow 48\cdot256=96\cdot128\approx12\text{K},\ 160\cdot128\approx20\text{K});\ \text{the discarded selection step trains }L\,H\,d_{head}\ \text{scalings }(=L\,d\ \text{when }H\,d_{head}=d,\ \text{e.g. Llama 2})","outputs of a learned sparse set of attention heads (3-10% of all heads), before the output projection \(W^O\)","Input-independent translation of selected head-output coordinates, \(z \mapsto z + v\), on a support \(T\) chosen by an L1-regularized multiplicative probe. Because \(z\) enters \(W^O\) linearly, the edit equals a bias \(\Delta b_O = \sum_{i\in T_l} W^O_{(i)} v_l^i\) on the attention output projection (derived here). It is therefore sparse, localized bias tuning in representation space, spanning at most \(K d_{head}\) directions.",conditional,"The offset is constant and passes through the linear \(W^O\), so it folds into an output-projection bias. Llama and Gemma o_proj layers have no bias, so one bias vector per edited layer must be added (derived from the paper's equations).","Approximate only: \(v \sim N(0, \sigma_v)\) and, in the selection step, \(A \sim N(0, \sigma_A)\), with \(\sigma_A = \sigma_v = 0.001\) in all experiments (App. D), so the model starts near the base model but not exactly at it.","LoFiT borrows localization from interpretability. It first learns per-head scaling factors with an L1 penalty to find which attention heads matter for the task, then fine-tunes only additive offset vectors on those heads. Task-specific localization beats random head sets and head sets chosen for other tasks.","With 10% of heads (about 12K-20K parameters) on Gemma-7B and Llama 2-7B/13B, LoFiT beats ReFT on average and is comparable to LoRA (about 200x more parameters) and RED (about 20x more) on TruthfulQA, MQuAKE and CLUTRR. It is slightly below them on SIQA, ARC-c, BoolQ and SVAMP, and it outperforms ITI.",False,method,R-selective,Lin,"LoFiT is BitFit on the attention-output bias, restricted to a learned sparse set of heads. It is a Lin method whose image \(\sum_{i\in T}W^O_{(i)}\mathbb R^{d_{head}}\) lies inside the bias space. Its localisation step is an (IA)\(^3\)-type scaling probe, used only to choose the support.",yin2024lofit,R,Lin,regular,none,GLxGL,M1->,idempotent
moslora,MoSLoRA,Mixture-of-Subspaces LoRA,Mixture-of-Subspaces in Low-Rank Adaptation,Wu et al.,2024,EMNLP 2024,2406.11909,https://aclanthology.org/2024.emnlp-main.450/,https://github.com/wutaiqiang/MoSLoRA,False,,additive-weight,"W=W_0+s\,B\,M\,A,\quad s=\alpha/r\ \text{(LoRA scaling, used in the official code; Eq. 7 omits it)},\quad B\in\mathbb{R}^{d_{out}\times r},\ M\in\mathbb{R}^{r\times r},\ A\in\mathbb{R}^{r\times d_{in}};\quad \Delta W=s\textstyle\sum_{i,j=1}^{r}m_{ij}\,b_i\,a_j^{\top};\ \ W_0\ \text{frozen};\ A,M,B\ \text{trained}\quad\big(M=I_r:\ \text{LoRA};\ M=\left[\begin{smallmatrix}I&I\\ I&I\end{smallmatrix}\right]:\ \text{two-subspace mixing}\big)","r\,(d_{in}+d_{out})+r^{2}","any linear layer; \(q\), \(k\), \(v\), up and down projections in the LLaMA-3 8B commonsense experiments (Table 7); \(q\), \(k\), \(v\), \(o\), up, down and gate for LLaVA visual instruction tuning (Table 8); also used for SDXL subject-driven generation","Three-factor low-rank update \(B M A\), in which a learnable \(r \times r\) mixer weights all \(r^2\) rank-one 'subspaces' \(b_i a_j^T\). The reachable set is still \(\{\mathrm{rank} \le r\}\), the same as LoRA's, so the mixer changes the parametrization and the optimization, not the expressivity. The gauge symmetry grows from \(GL(r)\) to \(GL(r) \times GL(r)\): \((B, M, A) \sim (BG, G^{-1}MH, H^{-1}A)\) (derived here).",yes,\(BMA\) is a single \(d_{out} \times d_{in}\) matrix that folds into \(W_0\).,"\(B = 0\) (\(A\) Kaiming-uniform; mixer Kaiming-uniform or orthogonal), so \(\Delta W = 0\). A zero-initialized mixer gives all three factors zero gradient and training stalls (paper, Appendix C).","Splitting LoRA into rank-one subspaces and mixing them improves results. MoSLoRA generalizes the fixed identity between \(A\) and \(B\) (LoRA), or the fixed butterfly (two-subspace mixing), to a learnable \(r \times r\) mixer, at negligible extra parameters and compute.","On LLaMA-3 8B commonsense reasoning (8 tasks) it averages 85.6, vs 82.8 for LoRA, 85.0 for DoRA and 84.2 for FLoRA, at about the same parameter count and LoRA-level training time. It also improves LLaVA visual instruction tuning and DreamBooth-style subject-driven generation.",False,method,R-additive,Cone,"MoSLoRA is LoRA with a gauge-enlarging middle factor. \(\rho(B,M,A)=W_0+sBMA\) factors through LoRA by \(h=(BM,A)\), and LoRA factors back through it by freezing \(M\). The two simulate each other with the same image and the same \(S_1\), but they are not isomorphic (\(|Q|\) differs by \(r^2\)). Any gain is therefore in the cometric \(K=D\rho\,\Lambda\,D\rho^\top\), not in expressivity.",wu2024mixtureb,R,Cone,apex,GL,GLxGL,M1,span
noah,NOAH,Neural prOmpt seArcH,Neural Prompt Search,Zhang et al.,2022,IEEE TPAMI 2025,2206.04673,https://doi.org/10.1109/TPAMI.2024.3435939,https://github.com/ZhangYuanhan-AI/NOAH,False,,hybrid,"\text{block } l:\ \ x\leftarrow[\mathrm{CLS},P_l,E]\ (P_l\in\mathbb{R}^{\ell_l\times d},\ l<D_V);\ \ Q=W_qx+s\,B^{l}_{q}A^{l}_{q}x,\ K=W_kx+s\,B^{l}_{k}A^{l}_{k}x\ \ (\text{rank } r^{L}_l,\ l<D_L);\ \ h\leftarrow h+W^{l}_{up}\,\phi\big(W^{l}_{down}h\big)\ \ (\text{width } r^{A}_l,\ l<D_A);\quad a=\big(D_V,D_L,D_A,\{\ell_l,r^{L}_l,r^{A}_l\}\big),\ \ \ell_l,r_l\in\{5,10,50,100\}\ \text{or}\ \{1,5,10\},\ D\in\{3,6,9,12\};\ \text{one-shot supernet (AutoFormer weight entanglement), then evolutionary search under a parameter cap};\ \text{backbone frozen}","\textstyle\sum_{l<D_V}\ell_l\,d+\sum_{l<D_L}4d\,r^{L}_l+\sum_{l<D_A}2d\,r^{A}_l\ (+\text{biases, head});\ \text{capped at }0.64\text{M on ViT-B/16 (found subnets average }0.43\text{M)}","every ViT-B/16 block up to each module's searched depth: VPT-Deep tokens at the block input, LoRA on \(W_q\) and \(W_k\) as written in Eq. 3 (the official code instead attaches one rank-\(r\) LoRA to the fused qkv projection, \(d \to 3d\), with no scaling; it has the same \(4dr\) parameter count), and a bottleneck adapter applied residually to the MLP output","Per-dataset architecture search over a product design space. Each point combines three PEFT modules, each truncated in depth and in width. With weight entanglement, every candidate is a coordinate restriction (a prefix slice) of one supernet's maximal-width modules. The found subnet is a sum of an additive part (LoRA), a serial insertion (adapter) and an input augmentation (VPT).",conditional,Only the LoRA part folds into \(W_q\) and \(W_k\); the adapter and prompt parts remain at inference unless the search gives them zero depth.,"No identity at init. LoRA starts at zero (LoRA_b = 0, LoRA_a Kaiming-uniform in the official code), but the adapter's down- and up-projections are both Xavier-uniform initialized (model/module/adapter_super.py), so its output is not near zero, and VPT tokens (also Xavier-uniform) change attention from the first step. The paper does not discuss this.","NOAH treats Adapter, LoRA and VPT as interchangeable 'prompt modules' and lets neural architecture search decide, per downstream dataset, which modules to use, at what depth and with what width, instead of hand-designing a PEFT recipe.","On VTAB-1k with ViT-B/16 (ImageNet-22K) it averages 75.5% with 0.43M parameters, vs 74.5 for LoRA, 73.9 for Adapter, 72.0 for VPT and 68.9 for full fine-tuning. It is also stronger in few-shot learning and ImageNet domain generalization.",False,method,E0,Fun,"NOAH searches the truncations of one supernet \(\mathrm{LoRA}\oplus\mathrm{Adapter}\oplus\mathrm{VPT}\). For LoRA and adapter widths, a prefix slice is an A2 sub-object (freeze the trailing coordinates at 0). For VPT it is not: dropping a token is not freezing it at a base value, because a zero token still draws attention mass. The candidates therefore form a lattice of sub-objects only along the LoRA and adapter axes, and the chosen object is an unpointed extension.",zhang2022neural,E0,Fun,unpointed,GL,GLxGL,Minf,
autopeft,AutoPEFT,"AutoPEFT (automatic, multi-objective configuration search for PEFT)",AutoPEFT: Automatic Configuration Search for Parameter-Efficient Fine-Tuning,Zhou et al.,2023,TACL 2024,2301.12132,https://aclanthology.org/2024.tacl-1.29/,https://github.com/cambridgeltl/autopeft,False,,hybrid,"\text{layer } l\ (m_l=1):\ \ h\leftarrow F(x)+W^{up}_{SA}\,\mathrm{ReLU}\big(W^{down}_{SA}F(x)\big)+W^{up}_{PA}\,\mathrm{ReLU}\big(W^{down}_{PA}x\big),\ \ K'=[P_k;K],\ V'=[P_v;V],\ P_k,P_v\in\mathbb{R}^{L_{PT}\times d};\quad a=\big(m\in\{0,1\}^{L},\,D_{SA},\,D_{PA},\,L_{PT}\big)\in\mathcal{A};\quad \max_{a\in\mathcal{A}}\big(f(a,W^\ast(a)),\,-g(a)\big)\ \ \text{s.t.}\ W^\ast(a)=\arg\min_W\mathcal{L}_{train}(a,W)\ \ \text{(SAAS-GP surrogate, NEHVI acquisition, low-fidelity inner loop)};\ \text{PLM frozen}","\textstyle\sum_{l}m_l\,\big(2d\,D_{SA}+2d\,D_{PA}+2L_{PT}\,d\big)\ (+\text{biases})","in each selected Transformer layer: a serial adapter after the FFN, a parallel adapter around the FFN, and prefixes on the attention keys/values","Bi-level, bi-objective search (performance vs parameter count) over a discrete product space: a layer mask times three module sizes on a log scale, where 0 means the module is absent. The answer is a Pareto front of configurations, not a single PEFT. Each configuration is a sum of serial and parallel bottleneck insertions plus key/value prefixes.",no,ReLU bottleneck adapters and prefix slots cannot be folded into the frozen weights.,"Not addressed. Modules use AdapterHub defaults (near-zero adapter outputs), while prefixes change attention from the first step.","Instead of hand-picking a PEFT recipe, AutoPEFT searches jointly over which layers get modules and how large the serial adapter, parallel adapter and prefix are. It uses multi-objective Bayesian optimization with cheap low-fidelity evaluations, and the discovered configurations transfer across tasks and models.","On GLUE with BERT-base, a configuration searched on RTE (0.76% parameters) averages 83.17 vs 83.15 for full fine-tuning, beating serial and parallel adapters, prefix-tuning, LoRA, UniPELT, MAM and AdaMix; per-task search reaches 83.49. Gains are similar on SuperGLUE, RoBERTa-large and T5, where it is compared with S3PET.",False,method,E0,Fun,"AutoPEFT optimises over a finite grid of objects \(\mathrm{SA}_{D_{SA}}\oplus\mathrm{PA}_{D_{PA}}\oplus\mathrm{Prefix}_{L_{PT}}\) on a layer mask and returns a Pareto front in (performance, budget \(|M|\)). Size 0 removes a module, so the grid contains Pfeiffer-adapter, parallel-adapter and prefix-tuning objects as faces. The base-point type of a configuration jumps from neutral to unpointed as soon as \(L_{PT}>0\).",zhou2023autopeft,E0,Fun,unpointed,torus,GLxGL,Minf,
laplace-lora,Laplace-LoRA,Laplace-LoRA (Bayesian low-rank adaptation via a post-hoc Laplace approximation over LoRA parameters),Bayesian Low-rank Adaptation for Large Language Models,Yang et al.,2023,ICLR 2024,2308.13111,https://proceedings.iclr.cc/paper_files/paper/2024/hash/07c256a163a7559186ec1c71e95b9ec9-Abstract-Conference.html,https://github.com/adamxyang/laplace-lora,False,,optimizer-or-training-procedure,"W=W_0+BA,\ \ \theta=\{A,B\}\ \text{fit by standard LoRA}\to\theta_{MAP};\quad p(\theta\mid\mathcal{D})\approx\mathcal{N}(\theta_{MAP},\Sigma),\ \ \Sigma^{-1}=\textstyle\sum_{n}\mathbb{E}\big[(a\,a^{\top})\otimes(g\,g^{\top})\big]+\lambda I\ \ \text{(K-FAC per factor, large Kronecker factor stored at rank } n_{kfac});\quad f(x_\ast)\sim\mathcal{N}\big(f_{\theta_{MAP}}(x_\ast),\,J_\ast\Sigma J_\ast^{\top}\big),\ \ J_\ast=\nabla_\theta f_\theta(x_\ast)\big|_{\theta_{MAP}};\ \ \lambda\ \text{maximizes the Laplace marginal likelihood};\ \ W_0\ \text{frozen}","r\,(d_{in}+d_{out})\ \text{(MAP, as LoRA)}\ +\ \text{post-hoc K-FAC statistics (not trained)}\approx n_{kfac}(d_{in}+d_{out})+2r^{2}\ \text{per matrix}\ +\ \text{one prior precision }\lambda","LoRA factors on \(W_q\), \(W_v\) and the output (LM-head) layer in the paper; the LLLA variant uses only the output-layer LoRA","A Gaussian (Laplace) posterior over the LoRA factors, treated as two separate linear layers with Kronecker-factored precision (the \(d\times d\) factor kept low-rank). Prediction integrates the linearized network over this posterior: a Bayesian model average over adapter parameters with the base weights fixed.",conditional,"The posterior mean \(BA\) merges into \(W_0\), but the calibrated predictive needs the Jacobian with respect to the LoRA factors and the stored covariance at test time.",Standard LoRA initialization (\(B = 0\)) for the MAP fit. The Laplace step is post-hoc and leaves the mean unchanged.,"Fine-tuned LLMs are overconfident on small datasets. After ordinary LoRA training, Laplace-LoRA fits a Laplace approximation over the LoRA parameters only, with low-rank K-FAC so memory stays LoRA-sized, and predicts with the linearized model. This calibrates the model without a validation set.","On six commonsense reasoning tasks with LLaMA2-7B, full Laplace-LoRA keeps accuracy while greatly reducing ECE and NLL relative to MAP, MC dropout, checkpoint ensembles and LoRA ensembles. This holds under distribution shift too, at about 1-5% extra memory.",True,method,F_T,Cone,"Laplace-LoRA turns a trained point of LoRA into a Gaussian family over \(Q\), pushed forward by the linearised realisation. The Gaussian lives on \(Q\) rather than on \(\Theta\), and its isotropic prior is not gauge-invariant. As a result the predictive keeps only the isometric \(\mathfrak{so}(r)\) half of LoRA's gauge, and the \(\mathrm{Sym}_r\) half changes the calibrated uncertainty while fixing the mean.",yang2023bayesian,F_T,Cone,apex,GL,GLxGL,Minf,
blob,BLoB,Bayesian Low-Rank Adaptation by Backpropagation,BLoB: Bayesian Low-Rank Adaptation by Backpropagation for Large Language Models,Wang et al.,2024,NeurIPS 2024,2406.11675,https://arxiv.org/abs/2406.11675,https://github.com/Wang-ML-Lab/bayesian-peft,False,,additive-weight,"h = W_0x + B A x,\quad A\sim q(A\mid M,\Omega)=\prod_{ij}\mathcal{N}(A_{ij}\mid M_{ij},\Omega_{ij}^2),\ \Omega_{ij}=G_{ij}^2,\ B\ \text{deterministic};\quad \min_{M,G,B}\ -\mathbb{E}_{q(A)}\big[\log P(\mathcal{D}\mid A,B)\big]+\mathrm{KL}\big[q(A)\,\Vert\,\mathcal{N}(0,\sigma_p^2 I)\big];\quad \text{equivalently } q(\mathrm{vec}\,W)=\mathcal{N}\big(\mathrm{vec}(W_0+BM),\,(I_{d_{in}}\otimes B)\,\mathrm{diag}(\mathrm{vec}\,\Omega)^2\,(I_{d_{in}}\otimes B^{\top})\big);\ W_0\ \text{frozen}; M,G,B\ \text{trained}","r\,d_{out} + 2\,r\,d_{in}","LoRA-targeted linear layers (paper: \(W_q\), \(W_v\) of every attention layer plus the output layer of Llama2-7B; RoBERTa for classification)","Stochastic low-rank update \(\Delta W = BA\) in which only the down-projection \(A\) is a random matrix with a mean-field Gaussian posterior (mean \(M\), std \(\Omega = G^{\circ 2}\)); \(B\) is a point estimate. The induced full-weight posterior is a degenerate Gaussian centred at \(W_0 + BM\) whose covariance \((I\otimes B)\,\mathrm{diag}(\Omega)^2(I\otimes B^\top)\) has rank at most \(r\,d_{in}\). The prior is a matching low-rank Gaussian, so the full-weight KL reduces exactly to the KL on \(A\). Sampling uses Flipout restricted to \(A\).",conditional,"The posterior mean \(W_0 + BM\) can be merged into \(W_0\) (BLoB with \(N=0\) samples), but the Bayesian predictive that gives the calibration gains averages \(N\) (default 10) sampled \(A\) matrices, and this cannot be folded into one weight.","\(B = 0\), as in LoRA. The mean \(M\) of \(A\) is uniform-Kaiming and \(G \sim \mathcal{U}(\epsilon/\sqrt2,\epsilon)\). The sampled update \(B A\) is therefore exactly zero at initialization. The authors fix the variance of \(B\) to 0 for this reason: a stochastic \(B\) would make the early forward passes noisy.","BLoB does variational Bayes inside the LoRA subspace and trains the posterior mean and variance jointly during fine-tuning, instead of adding a Laplace approximation afterwards. Only \(A\) is made stochastic (asymmetric Bayesianization), and the prior is designed so that the full-weight ELBO equals a cheap ELBO on \(A\). The posterior std is parameterized as \(G\) squared for fast KL convergence, and LoRA-Flipout decorrelates the samples within a mini-batch.","On Llama2-7B over six commonsense tasks, BLoB (\(N=10\) samples) keeps accuracy close to MLE-LoRA while cutting ECE sharply (e.g. WG-S 29.8% to 9.4%, ARC-C 29.0% to 9.6%); it also improves NLL over MC-dropout, ensembles, BBB and Laplace-LoRA on most datasets, and the gains extend to OOD shifts.",False,method,F_T,Cone,"BLoB is a family over a Gaussian noise space whose samples all lie in one linear sub-object \(\mathrm{FB}(B)\) of LoRA. Making only \(A\) stochastic keeps \(\rho\) affine in the random variable, so the induced weight posterior is an honest, degenerate Gaussian. Because it is trained jointly, its symmetry is the monomial part of \(GL_r\). Laplace-LoRA is its post-hoc counterpart, as LoraHub is to Poly.",wang2024blob,F_T,Cone,apex,torus,GLxGL,Minf,
loraprune,LoRAPrune,LoRAPrune: LoRA-guided structured pruning,LoRAPrune: Structured Pruning Meets Low-Rank Parameter-Efficient Fine-Tuning,Zhang et al.,2023,Findings of ACL 2024,2305.18403,https://arxiv.org/abs/2305.18403,https://github.com/aim-uofa/LoRAPrune,False,,hybrid,"h = \big((W_0 + BA)\,x\big)\odot m,\quad m\in\{0,1\}^{G}\ \text{(one bit per channel/head group, broadcast)};\quad \hat I_{ij}=\Big[\big(\nabla_{B_{i:}}\mathcal{L}\,A_{:j}+B_{i:}\nabla_{A_{:j}}\mathcal{L}-\nabla_{B_{i:}}\mathcal{L}\,\nabla_{A_{:j}}\mathcal{L}\big)\big(W_{0,ij}+(BA)_{ij}\big)\Big]^2,\ \ \hat{\mathcal{G}}_g=\sum_{(i,j)\in g}\hat I_{ij},\ \ \bar{\mathcal{G}}_t=\lambda\bar{\mathcal{G}}_{t-1}+(1-\lambda)\hat{\mathcal{G}}_t,\ \ m_g=\mathbb{1}[\bar{\mathcal{G}}_g>p];\ W_0\ \text{frozen (optionally 8-bit)}, A,B\ \text{trained}, m\ \text{set progressively}",r(d_{in}+d_{out}),"all LoRA-adapted linear layers of LLaMA-family LLMs; pruning acts on dependency groups (attention heads, MLP channels) across coupled layers","Additive rank-\(r\) update \(\Delta W = BA\) composed with a structured 0/1 mask on output channels or heads (a coordinate projection onto a sub-network). Mask importance is a first-order Taylor score in which the full-weight gradient \(\partial\mathcal{L}/\partial W\) is replaced by the LoRA proxy \(\partial\mathcal{L}/\partial(BA) \approx \nabla_B\mathcal{L}\,A + B\,\nabla_A\mathcal{L} - \nabla_B\mathcal{L}\,\nabla_A\mathcal{L}\), which is derived from one SGD step on \(B\) and \(A\).",yes,"Because the pruning is structured, \(BA\) folds into \(W_0\) and the masked heads and channels are removed, which leaves a smaller dense model with no extra modules. The mask is the point of the method: the result is cheaper than the original architecture.","LoRA init (\(B = 0\) in the official code; Alg. 1 only says 'randomly initialized \(A\) and \(B\)') and an all-ones mask make the function exactly the pretrained one at step 0. Pruning then removes groups progressively and on purpose, while LoRA recovers the lost accuracy at the same time.",LoRAPrune estimates the importance of the frozen weights using only LoRA's gradients. It treats pruning \(W_{ij}\) as setting \((BA)_{ij} = -W_{ij}\) and approximates the needed full gradient from the gradients of \(A\) and \(B\). Pruning and LoRA fine-tuning then run in one memory-light loop with no backward pass through \(W_0\).,"At 50% structured compression of LLaMA-7B, LoRAPrune lowers perplexity versus LLM-Pruner by 4.81 on WikiText2 and 3.46 on PTB; the LoRA-guided criterion cuts pruning memory by 52.6% versus the vanilla full-gradient criterion (64.2% with an 8-bit base), and the method scales to LLaMA-65B on one GPU.",False,method,R-action,Sat,"LoRAPrune is a 0/1 diagonal monoid acting on LoRA's cone (Sat). Its importance score replaces the weight gradient \(G\) by the one-step LoRA update \(\nabla_BA+B\nabla_A-\nabla_B\nabla_A=K(G)-\nabla_B\nabla_A\). This is the cometric \(K=D\rho\,D\rho^\top\) applied to \(G\), plus the second-order term. So pruning needs no backward pass through \(W_0\).",zhang2023loraprune,R,Sat,apex,GL,MonxGL,M1,span
modulora,ModuLoRA,Modular Low-Rank Adaptation,ModuLoRA: Finetuning 2-Bit LLMs on Consumer GPUs by Integrating with Modular Quantizers,Yin et al.,2023,TMLR 2024,2309.16119,https://arxiv.org/abs/2309.16119,https://github.com/kuleshov-group/llmtools,False,,additive-weight,"(\hat W_q, z, s)=\mathcal{Q}(W_0)\ \text{(any black-box quantizer: OPTQ/GPTQ 3-4 bit, QuIP\# 2 bit)},\quad h=\hat W x + B A x,\ \ \hat W=\mathcal{D}(\hat W_q,z,s)=s\odot\hat W_q+z;\quad \nabla_x\mathcal{L}=\hat W^{\top}\nabla_h\mathcal{L}+A^{\top}B^{\top}\nabla_h\mathcal{L}\ \text{with }\hat W\ \text{re-dequantized in the backward pass (never cached)};\ \hat W_q\ \text{frozen}, A,B\ \text{trained}",r(d_{in}+d_{out}),"every linear layer of the quantized LLM (LLaMA, OPT, BLOOM up to 65B)","Low-rank additive update \(\Delta W = BA\) on top of a frozen, quantizer-agnostic low-precision weight \(\hat W = \mathcal{D}(\mathcal{Q}(W_0))\). The quantizer is a black-box module that only has to expose dequantization (or a vector-by-quantized-matrix product). Memory is saved by recomputing \(\hat W\) row by row or layer by layer in both the forward and the backward pass, so only one dequantized matrix is ever resident.",conditional,"\(BA\) can be added exactly to a high-precision copy of \(\hat W\). Keeping the 2-4-bit format would require re-running the quantizer on \(\hat W + BA\), which is lossy.","\(A\) and \(B\) use the LoRA initialization of Hu et al. (\(B = 0\)), so at step 0 the model equals the quantized model \(\hat W\). That is the original \(W_0\) only up to quantization error, and ModuLoRA, unlike LoftQ, does not try to compensate for that error.","The quantizer is decoupled from the adapter. The forward and backward passes need only dequantization, which is recomputed on the fly and never stored, so LoRA runs on top of any state-of-the-art PTQ method. This made LoRA fine-tuning of 2-bit (QuIP#) and 3-bit (OPTQ) 65B LLMs possible on a single 24-48 GB GPU.","A 4-bit LLaMA-65B fine-tuned with ModuLoRA set a then state-of-the-art ROUGE on SAMSum. 3-bit and 4-bit ModuLoRA models outperform 8-bit bitsandbytes LoRA and 4-bit QLoRA across the 7B-65B range, and 2-bit QuIP# models match them.",False,method,R-additive,Cone,"ModuLoRA is the family \(\kappa\mapsto\mathrm{LoRA}_r(\kappa\theta_0)\) over all quantisers, not just NF4. Additive families commute with translation, so changing the quantiser only moves the base point and its defect \(e\). Its real contribution is on the lens side: the backward pass recomputes \(\hat W\) instead of caching it (Obs IV.4), which changes memory, not the object.",yin2023modulora,R,Cone,defect,GL,MonxMon,Mq,span
sltrain,SLTrain,Sparse plus Low-rank Training,SLTrain: a sparse plus low-rank approach for parameter and memory efficient pretraining,Han et al.,2024,NeurIPS 2024,2406.02214,https://arxiv.org/abs/2406.02214,https://github.com/andyjm3/SLTrain,False,,additive-weight,"\text{pretraining: } W=\tfrac{\alpha}{r}BA+S;\quad \text{fine-tuning (SLTrain-FT): } W=W_0+\tfrac{\alpha}{r}BA+S;\quad S=\mathrm{scatter}_{\mathcal{I}}(\mathcal{V}),\ \mathcal{I}\ \text{uniformly random and fixed},\ |\mathcal{I}|=\delta\,d_{out}d_{in};\quad h=\big(\tfrac{\alpha}{r}BA\oplus_{\mathcal{I}}\mathcal{V}\big)x,\ \nabla_{\mathcal{V}}\mathcal{L}=(\nabla_h\mathcal{L}\,x^{\top})_{\mathcal{I}};\ B,A,\mathcal{V}\ \text{trained}, \mathcal{I}\ \text{and (FT) } W_0\ \text{frozen}","r(d_{in}+d_{out})+\delta\,d_{in}d_{out}",all attention and MLP linear layers (LLaMA 60M-7B pretraining; RoBERTa-base GLUE for SLTrain-FT),"Sum of a rank-\(r\) factorization and a sparse matrix whose support is a uniformly random index set fixed before training; only the values on that support are learned. Stored as \((B, A, \mathcal{I}, \mathcal{V})\); the dense \(BA \oplus_{\mathcal{I}} \mathcal{V}\) is formed transiently in each forward/backward and never saved. With \(\delta = \Omega(\log n/n)\), \(BA+S\) is full rank w.h.p. (Prop. 1), so the low-rank bottleneck is lifted at negligible cost.",yes,"In the fine-tuning form, both \(BA\) and \(S\) are dense additive terms that fold into \(W_0\). In pretraining the factors are kept on purpose to save memory, although they can also be densified into a single \(W\) for standard inference.","The low-rank part uses the LoRA init (\(A\) Kaiming, \(B = 0\)), and the sparse values are drawn uniformly from \([-1/\sqrt{d_{in}}, 1/\sqrt{d_{in}}]\), which suits pretraining from scratch. For SLTrain-FT, Appendix G only says \(B\), \(A\) and \(S\) are learned 'as in Section 3.2', which implies the same non-zero uniform init for \(S\); the paper never states a zero init, so exact identity at init is not guaranteed. The public code supports pretraining only (SpLoRaLinear 'cannot be used for fine-tune').","Low-rank and sparse are complementary parsimonies: low rank keeps the top subspace, and a random-support sparse matrix captures the small, evenly spread residual. A fixed random support needs no stored mask, so the memory cost is only \(O(\mathrm{nnz})\), and a low-rank model gains near-full-rank capacity for pretraining.","SLTrain pretrains LLaMA 60M-7B on C4 with perplexity close to full-rank training and far better than pure low-rank and ReLoRA at the same rank, while using fewer parameters; it is slightly behind GaLore at 130M-1B (e.g. 1B: 16.14 vs 15.64 PPL, full-rank 15.56) and slightly ahead at 60M (34.15 vs 34.88). With 8-bit optimizer states and per-layer updates it uses 51/58/73% less memory than full-rank Adam for 350M/1B/7B and 29/34/17% less than GaLore.",False,method,R-additive,Cone,"SLTrain is the \(\oplus\)-word \(\mathrm{LoRA}_r\oplus\mathrm{Mask}_{\mathcal I}\) with a uniformly random frozen mask, i.e. RoSA with the support drawn instead of selected. The random sparse summand lifts \(\mathrm{LoRA}_r\)'s rank obstruction (O2) at cost \(O(\mathrm{nnz})\), but its non-zero init moves the base point.",han2024sltrain,R,Cone,defect,GL,MonxMon,M1,span
meft,MEFT,Memory-Efficient Fine-Tuning (reversible PLM via adapters),Make Pre-trained Model Reversible: From Parameter to Memory Efficient Fine-Tuning,Liao et al.,2023,NeurIPS 2023,2306.00477,https://arxiv.org/abs/2306.00477,https://github.com/BaohaoLiao/mefts,False,,architectural-insertion,"h^1_n=\lambda h^1_{n-1}+\mathcal{F}_n(h^2_{n-1}),\quad h^2_n=\beta h^2_{n-1}+\mathcal{G}_n(h^1_n);\qquad h^2_{n-1}=\big(h^2_n-\mathcal{G}_n(h^1_n)\big)/\beta,\quad h^1_{n-1}=\big(h^1_n-\mathcal{F}_n(h^2_{n-1})\big)/\lambda;\ \ \text{MEFT}_1:\ \mathcal{F}_n=f_n\!+\!\text{adapter},\ \mathcal{G}_n=\text{adapter},\ \lambda\!\to\!0\ (\beta=1),\ \text{swap streams};\ \ \text{MEFT}_2:\ \mathcal{F}_n=\text{adapter},\ \mathcal{G}_n=f_n\!+\!\text{adapter},\ \lambda=1,\ \beta\!\to\!0,\ \text{swap};\ \ \text{MEFT}_3:\ \mathcal{F}_n=\text{Attn}_n\!+\!\text{adapter},\ \mathcal{G}_n=\text{MLP}_n\!+\!\text{adapter},\ \lambda=\beta\!\to\!0,\ \text{no swap};\ \ (\text{scaling sent to }0\text{ set to }0.1);\ h^1_0=h^2_0=h_0,\ \text{head on }(h^1_L+h^2_L)/2;\ \text{PLM frozen, only adapters } W_{down}\in\mathbb{R}^{d\times r},W_{up}\in\mathbb{R}^{r\times d}\ \text{trained}","\approx 4\,d\,r\ \text{per Transformer layer (two bottleneck adapters)},\ \text{i.e. }\approx 4\,d\,r\,L\ \text{per model plus the task head}","every Transformer layer, which is recast as a two-stream reversible coupling block; adapters sit parallel to the FFN inside the pretrained sub-block and stand alone as the other coupling function","Bottleneck adapters inserted so that each pretrained layer becomes the \(\mathcal{F}\) or \(\mathcal{G}\) of an additive RevNet coupling with scalings \(\lambda\), \(\beta\) (0.1 for the coupling scaled toward 0) and an optional stream swap. The layer map is then a bijection \((h^1,h^2)\mapsto({h^1}',{h^2}')\) with an explicit inverse, so activations are recomputed backwards from the outputs and activation memory is \(O(1)\) in depth instead of \(O(L)\).",no,"Inference keeps the two-stream reversible topology, the \(\lambda/\beta\) scalings and the nonlinear bottleneck adapters, so the result cannot be folded back into the original single-stream PLM weights.","Approximate only. Adapters are initialized with \(W_{down}\), \(W_{up} \sim \mathcal{N}(0, 0.02^2)\) rather than zero, and the scaling of the coupling sent toward 0 is 0.1 rather than exactly 0, so one stream reproduces the PLM's hidden state \(h_n\) up to a small perturbation (the 'starting point hypothesis'). The stream swap keeps the input of each pretrained block continuous with the original network.","MEFT turns a pretrained, non-reversible Transformer into a reversible one without re-pretraining. Each pretrained layer becomes one coupling function and an adapter becomes the other. The coupling scalars and the stream order are chosen so the network starts out computing what the PLM computed. Backpropagation then recomputes activations instead of caching them, which reduces activation memory as well as parameter count.","On GLUE with BERT-base, RoBERTa-large and BART-large, MEFT matches full fine-tuning while training about 0.2% of the parameters and saving up to 84% of activation memory. On OPT-1.3B question answering, MEFT1 is within 0.3 points of full fine-tuning at about half its activation memory (0.64% trainable parameters) and comparable to LoRA at 65% of LoRA's activation memory.",False,method,E0,Fun,MEFT embeds the PLM into a reversible two-stream architecture. The would-be neutral point of this extension (\(\lambda=0\)) is exactly where the coupling stops being invertible. MEFT therefore lives in the unpointed slice with a small fixed defect. Its payoff is on the lens side: reversibility lets the backward pass recompute activations instead of storing them (Obs IV.4).,liao2023make,E0,Fun,unpointed,none,GLxGL,Minf,
spectrum,Spectrum,Spectrum: SNR-targeted layer-selective training,Spectrum: Targeted Training on Signal to Noise Ratio,Hartford et al.,2024,arXiv,2406.06623,https://arxiv.org/abs/2406.06623,https://github.com/QuixiAI/spectrum,False,,selective,"W_0=U\Sigma V^{\top},\ \ \hat\sigma=\mathrm{IQR}(\{\sigma_k\})/1.349,\ \ \varepsilon=\hat\sigma\big(1+\sqrt{\beta}\big),\ \beta=\tfrac{\min(d_{out},d_{in})}{\max(d_{out},d_{in})}\ \text{(Marchenko-Pastur edge)};\quad \mathrm{SNR}(W_0)=\frac{1}{\sigma_{\max}}\,\frac{\sum_{\sigma_k>\varepsilon}\sigma_k}{\sum_{\sigma_k\le\varepsilon}\sigma_k};\quad \mathcal{S}=\text{top-}p\%\ \text{matrices by SNR within each module type};\ \ W=W_0+\Delta W\cdot\mathbb{1}[W\in\mathcal{S}]\ \text{(selected matrices fully trained, the rest frozen)}","\sum_{W\in\mathcal{S}} d_{out}d_{in}\ +\ |\mathcal{V}|\,d_{model}\,(\text{embed\_tokens})\ +\ d_{model}|\mathcal{V}|\,(\text{lm\_head})\ \ (\mathcal{S}=\text{top-}p\%\ \text{of each module type; default } p=25\text{ in the paper, 50 in the script; the official script always unfreezes embeddings and lm\_head})","whole weight matrices of a chosen subset of layers, ranked separately within each module type (q/k/v/o projections, MLP gate/up/down); the official script additionally always unfreezes model.embed_tokens and lm_head (not SNR-ranked)","Coordinate projection onto a union of whole weight matrices chosen before training by a data-free spectral score: the Marchenko-Pastur bulk edge of each \(W_0\) splits its singular values into signal and noise, and matrices with the highest normalized signal/noise mass are unfrozen. Updates inside a selected matrix are dense and full-rank.",yes,"Selected weights are fine-tuned in place, so the result is an ordinary checkpoint with the original architecture and cost.","Exact: no parameters are added, and training starts from the pretrained weights. The selection only decides which matrices may move.","Spectrum chooses which layers to fine-tune from the pretrained weights alone. Random-matrix theory gives a noise threshold for each matrix's singular values, and only the matrices with the highest signal-to-noise ratio, about the top 25-50% per module type, are trained in full precision. This keeps much of full fine-tuning's quality at reduced memory and time, especially under ZeRO-3/FSDP sharding.","On Llama-3-8B and Mistral-7B (airoboros-3.1), Spectrum-50/25 are competitive with full fine-tuning (sometimes better) and above QLoRA on most reported benchmarks. For Llama-3-8B under DeepSpeed ZeRO-3 they use 17.72%/23.05% less per-GPU memory than full fine-tuning (QLoRA: 14.73%) and train 15.48%/36.78% faster; on a single GPU QLoRA uses less memory.",False,method,R-selective,Lin,"Spectrum is a Lin coordinate block of whole matrices, chosen data-free by a Marchenko–Pastur signal-to-noise score of \(W_0\). Its image is of the same type as surgical fine-tuning's. What is new is the selection rule: it depends on \(W_0\) only through its spectrum, so it is natural only under orthogonal changes of basis.",hartford2024spectrum,R,Lin,regular,none,OxO,M1,idempotent
lora-dash,LoRA-Dash,LoRA-Dash (task-specific direction amplification),Unleashing the Power of Task-Specific Directions in Parameter Efficient Fine-tuning,Si et al.,2024,ICLR 2025,2409.01035,https://openreview.net/forum?id=RYrJqz44p4,https://github.com/Chongjie-Si/Subspace-Tuning,False,,additive-weight,"\text{pre-launch } (t=100\text{ LoRA steps}):\ W_0=\textstyle\sum_i\sigma_i u_i v_i^{\top},\ \ \delta_i=\Big|\frac{u_i^{\top}\Delta W\,v_i}{\sigma_i+\epsilon}\Big|,\ \Delta W=BA,\ \ \{\bar u_k\bar v_k^{\top}\}_{k=1}^{s}=\text{top-}s\ \text{by }\delta_i;\quad \text{dash: } W=W_0+BA+\textstyle\sum_{k=1}^{s}\Delta\sigma_k\,\bar u_k\bar v_k^{\top},\ \ \Delta\sigma_k\leftarrow 0;\ W_0,\bar u_k,\bar v_k\ \text{frozen}; A,B,\Delta\sigma\ \text{trained}",r(d_{in}+d_{out})+s\quad(s=8\ \text{by default}),"LoRA-targeted linear layers (\(W_q\), \(W_k\), \(W_v\), \(W_{up}\), \(W_{down}\) in the LLaMA commonsense setting; also DeBERTa and SDXL)","LoRA update plus a diagonal update in \(W_0\)'s own singular basis restricted to \(s\) core directions \(u_k v_k^\top\). These are the task-specific directions (TSDs) whose coordinates change the most relative to their singular value, estimated from LoRA's \(\Delta W\) after a short warm-up. The second term is a learned \(s\)-dimensional diagonal perturbation of \(W_0\)'s spectrum along data-chosen singular pairs.",yes,Both \(BA\) and \(\sum_k \Delta\sigma_k \bar u_k \bar v_k^\top\) are dense additive matrices that fold into \(W_0\).,"Exact. LoRA starts at \(B = 0\), and the dash coefficients \(\Delta\sigma_k\) are zero-initialized when the dash phase begins. The method needs a one-off SVD of each \(W_0\), and the directions are chosen from the LoRA update after about 100 steps. The companion LoRA-Init/LoRA-TSD variants instead initialize \(A\) and \(B\) from the top-\(r\) TSDs, which is a PiSSA-style split.","LoRA's own paper says \(\Delta W\) amplifies directions of \(W_0\) that matter for the task. LoRA-Dash defines these as the core singular directions of \(W_0\) with the largest relative coordinate change, and shows that a briefly trained LoRA already identifies them with high precision. It then gives each identified direction its own scalar so its change can grow beyond what the low-rank product allows.","On commonsense reasoning, LoRA-Dash improves LoRA across LLaMA-7B, LLaMA2-7B and LLaMA3-8B (e.g. LLaMA3-8B \(r=32\): 80.8 to 85.4 average) with only \(s\) extra scalars per matrix; gains are also reported on GLUE (DeBERTaV3) and subject-driven SDXL generation.",False,method,R-additive,Cone,"LoRA-Dash is \(\mathrm{LoRA}_r\oplus\) a frozen-frame spectral line method: SVDiff on \(s\) singular pairs, selected from LoRA's own early trajectory. The dash summand moves along directions already present in \(W_0\)'s spectrum, so it supplies \(s\) dimensions of 'amplification' on which \(BA\) would otherwise spend rank.",si2024unleashing,R,Cone,apex,GL,OxO,M1,span
lcm-lora,LCM-LoRA,Latent Consistency Model LoRA (universal acceleration module),LCM-LoRA: A Universal Stable-Diffusion Acceleration Module,Luo et al.,2023,arXiv,2311.05556,https://arxiv.org/abs/2311.05556,https://github.com/luosiallen/latent-consistency-model,True,"LoraConfig (plain LoRA weights; loaded in diffusers through the PEFT backend with load_lora_weights(..., adapter_name='lcm') and combined via set_adapters(['lcm','style'], adapter_weights=[1.0, 0.8]))",composition-or-routing,"\text{train: } W=W_0+B_{\mathrm{LCM}}A_{\mathrm{LCM}}\ \text{on the U-Net, minimizing the latent consistency distillation loss } d\big(f_\theta(z_{t_{n+k}},\omega,c,t_{n+k}),\,f_{\theta^-}(\hat z^{\Psi,\omega}_{t_n},\omega,c,t_n)\big),\ W_0\ \text{frozen};\quad \text{use: } \theta'=\theta_{\mathrm{pre}}+\lambda_1\tau'+\lambda_2\tau_{\mathrm{LCM}},\ \text{i.e. } W=W_0+\lambda_1 B'A'+\lambda_2 B_{\mathrm{LCM}}A_{\mathrm{LCM}}\ \ (\lambda_1=0.8,\lambda_2=1.0),\ \text{no further training}","r(d_{in}+d_{out})\ \text{per adapted linear},\ r(c_{in}k_hk_w+c_{out})\ \text{per adapted conv};\ r=64\ \text{(67.5M for SD-v1.5, 105M for SSD-1B, 197M for SDXL)}","all LoRA-targeted modules of the Stable Diffusion U-Net (SD-v1.5, SSD-1B, SDXL): attention q/k/v/out, proj_in/proj_out and feed-forward linears, plus ResNet conv1/conv2/conv_shortcut, down/upsampler convolutions and time_emb_proj (diffusers LCM-LoRA training script; the released checkpoints contain conv LoRA tensors); applied to fine-tuned community checkpoints of the same base","Two additive low-rank task vectors on a shared base: an 'acceleration vector' \(\tau_{LCM} = B_{LCM}A_{LCM}\), trained by consistency distillation of the probability-flow ODE, and a 'style vector' \(\tau' = B'A'\), trained by ordinary fine-tuning. They are combined linearly with fixed scalars in weight space, which is task arithmetic in the commutative monoid of additive low-rank updates. The result is a few-step (2-8) sampler for any style.",yes,"Both LoRAs and their weighted sum are additive low-rank terms that fuse into the U-Net weights, giving a standard model run with the LCM scheduler.","LoRA init (\(B = 0\)) during distillation, so training starts from the teacher diffusion model. At composition time no training occurs, and the base is recovered with \(\lambda_1 = \lambda_2 = 0\).","Few-step sampling can be distilled into a LoRA instead of a full model. That acceleration LoRA works as a portable 'neural PF-ODE solver': adding it to the base or to a fine-tuned checkpoint of the same base, or to any style LoRA, gives 4-step generation in that style with no extra training. It is a widely cited example of skill arithmetic between LoRA modules.",,True,method,P,Lin,"LCM-LoRA is task arithmetic with two LoRA task vectors, one of which encodes a sampler (a distilled PF-ODE solver) rather than a skill. It ports to fine-tuned checkpoints of the same base because LoRA is additive (Def I.2, Prop V.2(a)). Since \(\delta_{\rm LCM}\) does not depend on \(\theta_0\), the same update is a method at every base \(\theta_{\rm pre}+\tau'\).",luo2023lcm,P,Lin,regular,none,GLxGL,M1,idempotent
concept-sliders,Concept Sliders,Concept Sliders (attribute-direction LoRA with a continuous inference-time strength),Concept Sliders: LoRA Adaptors for Precise Control in Diffusion Models,Gandikota et al.,2023,ECCV 2024,2311.12092,https://arxiv.org/abs/2311.12092,https://github.com/rohitgandikota/sliders,False,,additive-weight,"W(\alpha)=W_0+\alpha\,BA,\ \ B\in\mathbb{R}^{d_{out}\times r},\ A\in\mathbb{R}^{r\times d_{in}},\ \alpha\in\mathbb{R}\ \text{(slider strength, set at inference)};\ \ \text{text sliders regress the slider model onto the frozen model's guided score: }\epsilon_{\theta^{*}}(X,c_t,t)\leftarrow\epsilon_{\theta}(X,c_t,t)+\eta\sum_{p\in\mathcal{P}}\big(\epsilon_{\theta}(X,(c_{+},p),t)-\epsilon_{\theta}(X,(c_{-},p),t)\big);\ \ \text{image-pair sliders: }\min_{A,B}\|\epsilon_{\theta_{-}}(x^{A}_t,\varnothing,t)-\epsilon\|^2+\|\epsilon_{\theta_{+}}(x^{B}_t,\varnothing,t)-\epsilon\|^2\ (\theta_{\pm}:\ \alpha=\pm1);\ \ \text{composition: }W=W_0+\sum_k\alpha_kB_kA_k;\ W_0\ \text{frozen},\ A,B\ \text{trained}",r(d_{in}+d_{out})\ \text{per adapted matrix per slider (default } r=4\text{)},"LoRA on the diffusion U-Net (SD-XL, SD-1.4); the official text-slider config adapts all layers except cross-attention ('noxattn'), including \(3\times3\) conv layers ('c3lier'), with rank 4 and \(\alpha\) 1, so the code applies the fixed internal scale \(\alpha/r = 1/4\) times the slider multiplier; at inference the slider is switched on only after the first \(t\) denoising steps (SDEdit-style)","Each slider is a rank-\(r\) ray \(\{W_0+\alpha BA:\alpha\in\mathbb{R}\}\) through \(W_0\), i.e. a one-parameter additive family in weight space; \(K\) sliders span the affine slice \(W_0+\mathrm{span}_{\mathbb{R}}\{B_kA_k\}_{k=1}^{K}\), navigated by the coefficient vector (\(\alpha_1,\dots,\alpha_K\)). The training target is an output-space (score) contrast \(\epsilon(c_+)-\epsilon(c_-)\) distilled into this weight direction.",yes,For any fixed strength vector the update \(\sum_k \alpha_k B_k A_k\) is a plain matrix that folds into \(W_0\); the SDEdit-style schedule only switches between \(W_0\) and the merged weights across denoising steps.,"Standard LoRA initialization (\(B = 0\)); in addition, \(\alpha = 0\) recovers the base model exactly at any time after training, since every slider is a ray through \(W_0\).","Train a LoRA whose direction encodes a single attribute, using the frozen model's own guidance-style score difference between opposing prompts (with preservation prompts to disentangle) or before/after image pairs as the target; scaling the LoRA multiplier then dials the attribute continuously up or down, and sliders add.","On SD-XL, a 'fix hands' slider cut the rater-judged rate of distorted hands from 62% to 22%, the disentanglement objective lowered attribute interference from 0.36 to 0.10, and up to 50 sliders were composed in one model.",False,recipe,R-additive,Cone,"A concept slider is a ruling line of LoRA's cone through a trained point. \(\alpha\mapsto W_0+\alpha BA\) is the scalar action that every cone with vertex \(\theta_0\) carries, exposed as a user control. \(K\) sliders give the \(\oplus\) of \(K\) frozen line methods inside \(\mathrm{LoRA}_{Kr}\), i.e. task arithmetic with low-rank task vectors.",gandikota2023concept,R,Cone,apex,GL,GLxGL,M1,span
ic-lora,IC-LoRA,In-Context LoRA for diffusion transformers,In-Context LoRA for Diffusion Transformers,Huang et al.,2024,arXiv,2410.23775,https://arxiv.org/abs/2410.23775,https://github.com/ali-vilab/In-Context-LoRA,False,,additive-weight,"W=W_0+\tfrac{\alpha}{r}BA\ \text{in the FLUX.1-dev DiT},\ r=\alpha=16\ \text{(official config)};\ \ \text{training input: one composite image }X=[\,x_1\,|\,x_2\,|\cdots|\,x_n\,]\ \text{(n panels concatenated spatially) with one merged caption }c=[c_{\text{set}};c_1;\dots;c_n];\ \ \text{loss: the base model's own flow-matching objective on }(X,c);\ \ \text{image-conditioned use: mask some panels and inpaint them from the rest with SDEdit (training-free)};\ W_0\ \text{and text encoders frozen},\ A,B\ \text{trained on 20--100 image sets per task}","r(d_{in}+d_{out})\ \text{per adapted matrix},\ r=16","LoRA on the layers of a text-to-image diffusion transformer (FLUX.1-dev); the task itself is carried by the input format (panel-concatenated image + merged prompt), not by new modules","Plain low-rank \(\Delta W=BA\); the cross-image conditioning is supplied by the DiT's existing full self-attention over the tokens of all panels in one canvas, so the adapter only re-weights an in-context capability the base model already has (no token-routing masks, no extra encoders).",yes,"The adapter is a standard LoRA on an unchanged DiT, so \(BA\) folds into \(W_0\); the multi-panel behaviour comes from the input canvas and prompt.","Standard LoRA initialization (\(B = 0\)) on an unmodified architecture, so the zero adapter is exactly FLUX.1-dev.","Text-to-image DiTs can already draw coherent multi-panel images from one merged prompt; concatenating image sets into a single canvas with a joint caption and training a small task-specific LoRA on 20-100 examples activates this in-context ability, and SDEdit-style masking turns it into reference-conditioned generation.","Qualitative results only: storyboards, font design, portrait photography, home decoration, visual identity and visual effects, each trained for 5,000 steps (batch 4, rank 16) on one A100; no quantitative benchmark is reported.",False,recipe,R-additive,Cone,"IC-LoRA changes nothing in the object: it is LoRA, and the in-context behaviour comes from the base DiT's full attention over a panel canvas. Categorically it is a choice of data distribution on an unchanged input space, which the slice does not see. OminiControl, by contrast, extends the input sequence and gates its LoRA by token.",huang2024context,R,Cone,apex,GL,GLxGL,M1,span
proxy-tuning,Proxy-Tuning,Proxy-tuning (decoding-time tuning of a large model through a small tuned/untuned pair),Tuning Language Models by Proxy,Liu et al.,2024,COLM 2024,2401.08565,https://arxiv.org/abs/2401.08565,https://github.com/alisawuffles/proxy-tuning,False,,composition-or-routing,"p_{\tilde{\mathcal M}}(X_t\mid x_{<t})=\mathrm{softmax}\big[s_{\mathcal M}(X_t\mid x_{<t})+s_{\mathcal M^{+}}(X_t\mid x_{<t})-s_{\mathcal M^{-}}(X_t\mid x_{<t})\big];\ \ \mathcal M:\ \text{large base model (frozen; only its logits are used)},\ \mathcal M^{-}:\ \text{small base model (frozen)},\ \mathcal M^{+}:\ \mathcal M^{-}\ \text{after tuning};\ \text{models must share a vocabulary}","0\ \text{in }\mathcal M;\ \text{only the small proxy }\mathcal M^{-}\to\mathcal M^{+}\ \text{is tuned (any method, done once)}",next-token logits at decoding time; the large model's weights are never accessed,"Output-space (logit) arithmetic: the large model's logit vector is translated by the small model's tuning vector \(s_{\mathcal M^{+}}-s_{\mathcal M^{-}}\), i.e. task arithmetic in logit space, equivalently a product of experts \(\propto p_{\mathcal M}\,p_{\mathcal M^{+}}/p_{\mathcal M^{-}}\) with one expert and one anti-expert (DExperts).",no,Every decoding step needs forward passes of three models; nothing is folded into the large model's weights.,"If the proxy is untuned (\(\mathcal M^+ = \mathcal M^-\)), the offset vanishes and the large model's distribution is recovered exactly.","Tune a small model, then add the difference between its tuned and untuned logits to a large (possibly black-box) model's logits at each decoding step, transferring the effect of tuning without touching the large model's weights.","Steering Llama2-13B and 70B base with Llama2-7B chat/base proxies closed 91.1% and 88.1% of the gap to the true chat models on average over five settings (AlpacaFarm, GSM, ToxiGen, TruthfulQA multiple-choice and open-ended); it was also applied to GPT-3.5 using only its top-5 log-probabilities (+2.3% on RealTimeQA).",True,method,P,Fun,"Proxy-tuning is task arithmetic transported from weight space to logit space. The tuning vector \(s_{\mathcal M^+}-s_{\mathcal M^-}\) of a small model is added to a large model's logits, a product of experts \(p_{\mathcal M}p_{\mathcal M^+}/p_{\mathcal M^-}\). Because it acts on realisations, it needs no weight correspondence between the two scales. Trans-LoRA works through \(\Phi_f\) for the same reason.",liu2024tuning,P,Fun,neutral,,GLxGL,Minf,
eft,EFT,Emulated Fine-Tuning (LM up-scaling),An Emulator for Fine-Tuning Large Language Models using Small Language Models,Mitchell et al.,2023,ICLR 2024,2310.12962,https://arxiv.org/abs/2310.12962,,False,,composition-or-routing,"\pi^{N}_{M}(y\mid x)\propto\pi^{N}_{\mathrm{ref}}(y\mid x)\,\frac{\pi^{M}(y\mid x)}{\pi^{M}_{\mathrm{ref}}(y\mid x)}=\pi^{N}_{\mathrm{ref}}(y\mid x)\exp\big(r^{M}_{\pi}(x,y)\big),\ \ r^{M}_{\pi}=\log\tfrac{\pi^{M}}{\pi^{M}_{\mathrm{ref}}};\ \ \text{sampled per token: }\tilde\pi(y_t\mid x,y_{<t})=\tfrac{1}{Z(x,y_{<t})}\pi^{N}_{\mathrm{ref}}(y_t\mid x,y_{<t})\tfrac{\pi^{M}(y_t\mid x,y_{<t})}{\pi^{M}_{\mathrm{ref}}(y_t\mid x,y_{<t})};\ \ \text{up-scaling: }N>M\ \text{(large base, small fine-tuned and small base)};\ \text{all models frozen}",0\ \text{(composes existing pre-trained and fine-tuned checkpoints)},next-token distributions at sampling time,"Reward transport across scales: fine-tuning is viewed as KL-regularized RL, so a fine-tuned model equals its base times \(\exp(\text{implicit reward})\); EFT moves the small-scale implicit reward \(\log(\pi^{M}/\pi^{M}_{\mathrm{ref}})\) onto a large-scale base, a log-linear (logit-additive) composition of three models.",no,Sampling requires the large base and both small models at every step (speculative decoding reduces but does not remove this cost).,Setting \(N = M\) returns the original fine-tuned policy; an untuned small model (\(\pi^M = \pi^M_{\mathrm{ref}}\)) returns the large base model.,"Fine-tuning's effect can be isolated as the log-ratio between a fine-tuned model and its base; adding a small model's log-ratio to a large base model emulates fine-tuning the large model, and decouples the scales of pre-training and fine-tuning.","Averaged over Llama-1, Llama-2 and Falcon on Anthropic-HH and ELI5, up-scaling recovered nearly 70% of the factuality gain of the truly fine-tuned large model (scores normalized so that the small fine-tuned model is 0 and the large fine-tuned model is 1); speculative EFT decoding sped up sampling by nearly 2.5x when up-scaling Llama-2-7B-chat with Llama-2-70B-base.",False,method,P,Fun,"EFT reads fine-tuning as a KL-regularised RL update, so a fine-tuned model is its base times \(\exp(r)\). It transports the implicit reward \(r\) from scale \(M\) to scale \(N\) in log-probability space. The per-token rule is Proxy-tuning's. EFT's derivation explains why the transport is meaningful: \(r\) is a base-independent, additive object in log space, as LoRA updates are in weight space.",mitchell2023emulator,P,Fun,neutral,,GLxGL,Minf,
wise-ft,WiSE-FT,Weight-space ensembles for fine-tuning,Robust fine-tuning of zero-shot models,Wortsman et al.,2021,CVPR 2022,2109.01903,https://arxiv.org/abs/2109.01903,https://github.com/mlfoundations/wise-ft,True,"peft.helpers.rescale_adapter_scale(model, multiplier=alpha) with alpha in [0,1]: LoRA-adapter form only (scales Delta W toward W_0, which the PEFT docstring calls strictly equivalent to WiSE-FT); heads trained via modules_to_save are not interpolated",composition-or-routing,"\theta_{\alpha}=(1-\alpha)\,\theta_0+\alpha\,\theta_1=\theta_0+\alpha(\theta_1-\theta_0),\ \ \alpha\in[0,1];\ \ \theta_0=[V_{\mathrm{enc}},W_{\text{zero-shot}}]\ \text{(zero-shot CLIP: pre-trained encoder + text-derived head)},\ \theta_1=\text{standard (end-to-end or head-only) fine-tuned weights};\ \ \text{per matrix: }W=W_0+\alpha\,\Delta W;\ \text{only }\alpha\ \text{is chosen post hoc (default }0.5\text{)}",0\ \text{beyond the underlying fine-tuning (which updates all parameters); one scalar }\alpha,all parameters of the image encoder and the classification head,"The segment \(\{\theta_0+\alpha(\theta_1-\theta_0)\}_{\alpha\in[0,1]}\) joining the pre-trained point and the fine-tuned point in weight space (a two-point convex combination); when only the linear head is fine-tuned it coincides with the output-space ensemble \((1-\alpha)f(x,\theta_0)+\alpha f(x,\theta_1)\).",yes,"The interpolated weights form a single model of the original architecture, so inference costs exactly one model.",\(\alpha = 0\) returns the zero-shot model and \(\alpha = 1\) the fine-tuned one; for end-to-end fine-tuning the head is initialized with the (temperature-scaled) zero-shot classifier.,"Zero-shot CLIP is robust under distribution shift while fine-tuning is accurate in distribution; because the two endpoints are linearly connected in weight space, simply interpolating their weights keeps most of both at no extra inference cost.","On ImageNet and five derived distribution shifts with CLIP, WiSE-FT improved accuracy under shift by 4-6 pp over prior work while raising ImageNet accuracy by 1.6 pp.",True,method,P,Lin,"WiSE-FT is task arithmetic with one task vector and \(\lambda\in[0,1]\): the segment from the zero-shot point to the fine-tuned point. When only the head is tuned, the segment is also an output ensemble, because \(f\) is linear in the head. Otherwise its success rests on linear mode connectivity, a property of \(\Phi_f\) along the segment rather than of the object.",wortsman2021robust,P,Lin,regular,none,GLxGL,M1,idempotent
linear-probing,Linear probing,Linear probing (head-only tuning on frozen pre-trained features),DeCAF: A Deep Convolutional Activation Feature for Generic Visual Recognition,Donahue et al.,2013,ICML 2014,1310.1531,https://arxiv.org/abs/1310.1531,,False,,selective,"f(x)=V^{\top}g_{B_0}(x)\ (+\,b),\ \ B_0\ \text{(entire pre-trained backbone) frozen},\ \ V\in\mathbb{R}^{d\times K}\ \text{new linear head, trained by }\min_{V}\sum_i\ell\big(V^{\top}g_{B_0}(x_i),y_i\big)+\lambda\|V\|^2\ \text{(convex: logistic regression or linear SVM)}",dK\ (+K)\ \text{for }d\text{-dim features and }K\text{ classes; nothing inside the backbone},a new final linear classifier on top of frozen penultimate (or intermediate) features,"The trivial selection: the trainable coordinate set is exactly the task head, so the backbone map \(g_{B_0}\) is held fixed (the identity on the backbone factor of parameter space); any PEFT method that also trains the head contains linear probing as its restriction to \(\Delta(\text{backbone})=0\).",yes,"Only the task head is learned and the backbone is untouched, so inference is the original network plus the head that any fine-tuning would need.","The backbone function is preserved exactly throughout; the head is new (random or zero initialized), so there is no pre-trained output to preserve.","Reuse a frozen pre-trained representation and fit only a linear classifier on it; the problem is convex and cheap and keeps the features intact (good out-of-distribution extrapolation), but it cannot adapt the features to the task.","In DeCAF, a linear SVM on frozen DeCAF6 features (trained with dropout) reached 86.9% mean per-class accuracy on Caltech-101 with 30 images per class, 2.6 points above the prior multi-kernel state of the art (84.3%); Kumar et al. (2022) later found linear probing about 7 points better out of distribution than full fine-tuning on 10 shift datasets (66.2% vs 59.3%).",True,baseline,R-selective,Lin,"Linear probing is the smallest non-trivial selective object: the head block alone. It is a linear sub-object of every method that also trains the head (A2, by freezing everything else). It is convex in \(V\), and the backbone factor stays at its base value, so the features are an absolute invariant.",donahue2013decaf,R,Lin,regular,none,GLxGL,M1,idempotent
lp-ft,LP-FT,Linear Probing then Fine-Tuning,Fine-Tuning can Distort Pretrained Features and Underperform Out-of-Distribution,Kumar et al.,2022,ICLR 2022,2202.10054,https://arxiv.org/abs/2202.10054,https://github.com/AnanyaKumar/transfer_learning,False,,optimizer-or-training-procedure,"f_{v,B}(x)=v^{\top}g_B(x);\ \ \text{stage 1 (LP): }v_{\mathrm{lp}}=\arg\min_{v}\widehat L(v,B_0)\ \text{with }B=B_0\ \text{frozen};\ \ \text{stage 2 (FT): gradient descent on }\widehat L(v,B)\ \text{over all of }(v,B)\ \text{starting from }(v_{\mathrm{lp}},B_0)",\text{stage 1: }dK;\ \ \text{stage 2: all parameters (full fine-tuning)},"first the linear head only, then every layer","A two-stage training schedule: the head-only (selective) optimum initializes full fine-tuning, which shrinks the head-alignment error \(\varphi^2=|(v_0^{\top}v_\star)^2-(v_\star^{\top}v_\star)^2|\) that otherwise drives large, ID-only feature updates; in the two-layer linear theory, features in directions outside the training span are then not distorted.",yes,The output is a single fine-tuned network of the original architecture.,"Stage 2 starts at the pre-trained backbone \(B_0\) with the linear-probing head \(v_{lp}\) instead of a random head, i.e. at the best frozen-feature predictor.","With a random head, full fine-tuning distorts pretrained features: gradients from the badly aligned head change the features of in-distribution directions while out-of-distribution directions stay put. Fitting the head by linear probing first removes most of this coupling, so the method gets fine-tuning's in-distribution accuracy and linear probing's robustness.","Across 10 distribution-shift datasets, LP-FT was about 1% better in distribution and 10% better out of distribution than full fine-tuning, and changed features 10-100x less than fine-tuning.",True,recipe,B,Lin,"LP-FT does not change the object: its second stage is Full FT, the terminal object, with image \(\Theta\). What changes is the base point on the head factor, \((v_0,B_0)\to(v_{\rm lp},B_0)\). The theory's head-alignment error \(\varphi^2\) is a function of that base point, so the gain is a purely dynamical (Exposé III) effect that the image invariants cannot see.",kumar2022fine,B,Lin,regular,none,GLxGL,na,schedule
ffa-lora,FFA-LoRA,Federated Freeze-A LoRA,Improving LoRA in Privacy-preserving Federated Learning,Sun et al.,2024,ICLR 2024,2403.12313,https://arxiv.org/abs/2403.12313,,False,,additive-weight,"W=W_0+BA_0,\ \ B\in\mathbb{R}^{d_{out}\times r}\ \text{trained (init }0),\ A_0\in\mathbb{R}^{r\times d_{in}}\ \text{random Gaussian, frozen and shared by all clients};\ \ \text{FedAvg: }B^{+}=\textstyle\sum_kp_kB_k\Rightarrow W_0+B^{+}A_0=W_0+\sum_kp_kB_kA_0\ \text{(exact average of client updates, unlike }(\sum_kp_kB_k)(\sum_kp_kA_k));\ \ \text{DP-SGD noise enters only as }\xi_BA_0","r\,d_{out}",standard LoRA sites (attention and feed-forward linear layers in the RoBERTa experiments),"\(\Delta W\) ranges over the linear subspace \(\{BA_0:B\in\mathbb{R}^{d_{out}\times r}\}\) with a fixed random row space, so \(\Delta W\) is linear in the trainable parameters and client aggregation commutes with the parametrization (no cross terms \(B_iA_j\), no quadratic noise term \(\xi_B\xi_A\)).",yes,\(BA_0\) is an ordinary matrix that folds into \(W_0\) exactly as in LoRA.,"\(B = 0\), so \(\Delta W = 0\); \(A_0\) is random Gaussian and never trained; the scaling factor \(\alpha\) becomes unnecessary (the paper shows LoRA's trajectory tends to FFA-LoRA's as \(\alpha\) goes to infinity).","LoRA's bilinear \(BA\) breaks federated averaging (the average of products is not the product of averages) and amplifies differential-privacy noise; freezing the random \(A\) makes the update linear in \(B\), so FedAvg is exact, DP noise is not squared, and communication is halved.","In a 3-client heterogeneous federated setting with RoBERTa-Large, FFA-LoRA beat LoRA on GLUE tasks with and without DP (e.g. MNLI-m 78.8% vs 39.5% at \(\epsilon = 6\)), and reached 17.12% vs 15.68% on GSM-8K with LLaMA-7B.",True,method,R-additive,Lin,"FFA-LoRA is the one-sided method \(\mathrm{FA}(A_0)\), i.e. LoRA-FA v1, chosen for its degree. \(\rho\) is linear in \(B\), so FedAvg commutes with \(\rho\), \((\sum p_kB_k)A_0=\sum p_kB_kA_0\), and DP noise enters linearly. This is Prop V.4(b): exactness needs a shared factor, not just a fixed gauge.",sun2024improving,R,Lin,regular,none,frame,M1,idempotent
flora-federated,FLoRA (federated),FLoRA: stacking-based federated fine-tuning with heterogeneous LoRA ranks,FLoRA: Federated Fine-Tuning Large Language Models with Heterogeneous Low-Rank Adaptations,Wang et al.,2024,NeurIPS 2024,2409.05976,https://arxiv.org/abs/2409.05976,https://github.com/ziyaow1010/FederatedLLM,False,,composition-or-routing,"\text{client }k:\ W_0+B_kA_k,\ B_k\in\mathbb{R}^{d_{out}\times r_k},\ A_k\in\mathbb{R}^{r_k\times d_{in}}\ \text{(heterogeneous }r_k,\ \text{re-initialized every round)};\ \ \text{server: }A=p_1A_1\oplus\cdots\oplus p_KA_K\in\mathbb{R}^{(\sum_kr_k)\times d_{in}}\ \text{(row stacking)},\ B=B_1\oplus\cdots\oplus B_K\in\mathbb{R}^{d_{out}\times\sum_kr_k}\ \text{(column stacking)};\ \ BA=\textstyle\sum_kp_kB_kA_k,\ \ p_k=|D_k|/\sum_j|D_j|;\ \ \text{clients then update }W_0\leftarrow W_0+BA",r_k(d_{in}+d_{out})\ \text{on client }k;\ \text{the broadcast global module has }(\textstyle\sum_kr_k)(d_{in}+d_{out})\ \text{entries},"LoRA on the self-attention layers only (following the original LoRA paper) of TinyLlama-1.1B, Llama-7B and Llama2-7B","Direct sum of the clients' rank spaces \(\mathbb{R}^{r_1}\oplus\cdots\oplus\mathbb{R}^{r_K}\): block concatenation of factors satisfies \([B_1\cdots B_K][A_1;\dots;A_K]=\sum_kB_kA_k\) exactly, so the aggregate factors through \(\sum_kr_k\) dimensions with no cross terms \(B_iA_j\) (which FedAvg of \(A\) and \(B\) separately introduces) and with no constraint that ranks agree.",yes,"After each round the aggregated \(BA\) is added into the base weights, so the final model is the original architecture.","Clients re-initialize their local LoRA each round (the official code uses PEFT's LoraConfig, i.e. \(B = 0\)), so each round starts exactly at the current global model.",Averaging LoRA's \(A\) and \(B\) separately does not average the products; stacking the client factors instead gives the exact weighted sum of updates and naturally supports clients with different ranks.,"On MMLU and MT-bench with TinyLlama, Llama and Llama2 fine-tuned federatedly on Dolly, Alpaca, Wizard and ShareGPT, FLoRA outperformed FedIT in homogeneous settings and zero-padding in heterogeneous-rank settings (zero-padded FedIT dropped to 7.97% MMLU for Llama on Alpaca).",False,method,B,Cone,"FLoRA is a federated ReLoRA. Each round is the \(\oplus\) of the clients' LoRAs, \(\mathrm{LoRA}_{r_1}\oplus\cdots\oplus\mathrm{LoRA}_{r_K}\cong\mathrm{LoRA}_{\sum r_k}\) by concatenation (Obs I.7), merged into the base before the next round. Stacking aggregates products, so it is exact and gauge-invariant, and heterogeneous ranks cost nothing. Its server step alone, with the client modules frozen, is the point \(\alpha=p\) of CAT's coefficient family; that is a point of LoRA soups, not an arrow from FLoRA's object, whose factors are trainable.",wang2024flora,B,Cone,apex,GL,GLxGL,M1,schedule
hetlora,HetLoRA,Heterogeneous LoRA for federated fine-tuning,Heterogeneous LoRA for Federated Fine-tuning of On-Device Foundation Models,Cho et al.,2024,EMNLP 2024,2401.06432,https://aclanthology.org/2024.emnlp-main.717/,,False,,composition-or-routing,"\text{distribute by truncation: }B_k^{(t,0)}=\overline B^{(t)}_{:,:r_k},\ A_k^{(t,0)}=\overline A^{(t)}_{:r_k,:};\ \ \text{local: }\min_{B_k,A_k}\ \ell(B_k,A_k\mid W_0)+\lambda\,\|B_{k,:,\gamma r_k:r_k}\|\,\|A_{k,\gamma r_k:r_k,:}\|\ (\gamma<1,\ \text{rank self-pruning});\ \ \text{server (zero-pad to }r_{\max}):\ \overline B^{(t+1)}=\textstyle\sum_kp_kB_k,\ \overline A^{(t+1)}=\sum_kp_kA_k,\ \ p_k\propto\|B_kA_k\|_F;\ W_0\ \text{frozen}",r_k(d_{in}+d_{out})\ \text{on client }k\ (r_{\min}\le r_k\le r_{\max}),LoRA on the self-attention layers only (following the original LoRA paper) of on-device PaLM 2 XXS and XS,"Nested rank truncations: client \(k\) sees the leading \(r_k\) columns of \(B\) and rows of \(A\) of a global rank-\(r_{\max}\) pair; aggregation zero-pads and averages factors separately with weights proportional to \(\|B_kA_k\|_F\) (so cross terms remain), and a tail-norm penalty lets clients shrink \(r_k\).",yes,The final global pair \(BA\) is a plain low-rank matrix that folds into \(W_0\).,"Not specified in the paper; clients receive truncations of the current global LoRA pair, so with LoRA's standard \(B = 0\) initialization the first round starts exactly at \(W_0\).","Let resource-limited clients train smaller-rank slices of one global LoRA, prune unnecessary rank locally, and weight the server average toward clients whose updates carry more signal.","With PaLM 2 XXS/XS on multi-session chat (perplexity) and Reddit summarization (RougeL), HetLoRA beat homogeneous-rank LoRA and a reconstruct-then-SVD baseline, slightly below full federated fine-tuning.",False,method,R-additive,Cone,"HetLoRA trains one \(\mathrm{LoRA}_{r_{\max}}\) through a filtration of truncations, as DyLoRA does, except that the truncation levels are the clients' ranks rather than sampled ones. Its aggregation \((\sum p_kB_k)(\sum p_kA_k)\) acts on factors, so it carries LoRA's bilinearity error even in a fixed gauge. FLoRA (stacking) and FFA-LoRA (frozen \(A\)) are the two exact repairs of Prop V.4(b).",cho2024heterogeneous,R,Cone,apex,GL,GLxGL,M1,span
tinytl,TinyTL,Tiny Transfer Learning (bias tuning with lite residual modules),"TinyTL: Reduce Memory, Not Parameters for Efficient On-Device Learning",Cai et al.,2020,NeurIPS 2020,2007.11622,https://arxiv.org/abs/2007.11622,https://github.com/mit-han-lab/tinyml/tree/master/tinytl,False,,hybrid,"a_{i+1}=\mathcal F_{W}(a_i)+b+\mathcal F_{w_r}\big(a_i'\big),\ \ a_i'=\mathrm{reduce}(a_i)\ \text{(}2\times2\ \text{average pooling)};\ \ W\ \text{frozen (8-bit)},\ \text{trained: biases }b,\ \text{lite residual weights }w_r\ \text{(group convolution, no }1\times1\ \text{expansion, output bilinearly upsampled), classifier head};\ \ \text{rationale: }\tfrac{\partial\mathcal L}{\partial W}=a_i^{\top}\tfrac{\partial\mathcal L}{\partial a_{i+1}}\ \text{needs the stored activation }a_i,\ \tfrac{\partial\mathcal L}{\partial b}=\tfrac{\partial\mathcal L}{\partial a_{i+1}}\ \text{does not}",\textstyle\sum_{\text{layers}}d_{out}\ \text{(biases)}+\sum_{\text{blocks}}|w_r|\ \text{(lite residual group convs)}+\text{head},"all bias vectors, one lite residual branch per mobile inverted-bottleneck block, and the classifier head (BatchNorm replaced by GroupNorm)","Selective translation of every layer's output (bias shift) plus a parallel low-resolution, narrow residual branch (downsample, group conv, upsample) per block; chosen to minimize stored activations rather than parameter count.",conditional,"Bias updates fold in trivially, but the lite residual branches are extra nonlinear modules that stay at inference (in the default protocol they are already part of the pre-trained architecture).","By default the lite residual modules are present during pre-training and initialized from those weights, so transfer starts exactly at the pre-trained function; with randomly initialized lite residuals (TinyTL-RandomL+B) there is no such guarantee and accuracy drops.","On-device training memory is dominated by the activations needed for weight gradients, not by the parameter count; bias gradients need no stored activations, so freeze weights, train biases, and recover capacity with tiny residual branches whose activations are small.","TinyTL saved up to 6.5x training memory relative to full fine-tuning with little accuracy loss, was up to 34.1% more accurate than last-layer tuning, and with feature-extractor adaptation saved 7.3-12.9x memory without accuracy loss.",False,method,R-selective,Lin,"TinyTL picks its coordinate block by the backprop cone rather than by parameter count. Biases need no stored activation (Obs IV.4), and the lite residual branches see downsampled, narrow activations. As an object it is BitFit \(\oplus\) a selective block of small pretrained branches \(\oplus\) the head.",cai2020tinytl,R,Lin,defect,none,MonxMon,M1,idempotent
autoprompt,AutoPrompt,AutoPrompt (gradient-guided discrete trigger-token search),AutoPrompt: Eliciting Knowledge from Language Models with Automatically Generated Prompts,Shin et al.,2020,EMNLP 2020,2010.15980,https://aclanthology.org/2020.emnlp-main.346/,https://github.com/ucinlp/autoprompt,False,,input-or-activation-augmentation,"x_{\text{prompt}}=\lambda(x_{\text{inp}},x_{\text{trig}}),\ \ x_{\text{trig}}=(x^{(1)}_{\text{trig}},\dots,x^{(\ell)}_{\text{trig}})\in\mathcal V^{\ell}\ \text{(discrete tokens shared across inputs, initialized to [MASK])};\ \ p(y\mid x_{\text{prompt}})=\textstyle\sum_{w\in\mathcal V_y}p([\mathrm{MASK}]=w\mid x_{\text{prompt}});\ \ \mathcal V_{\text{cand}}=\operatorname{top-}k_{w\in\mathcal V}\big[w_{\text{in}}^{\top}\nabla\log p(y\mid x_{\text{prompt}})\big]\ \text{(gradient w.r.t. the embedding of }x^{(j)}_{\text{trig}}),\ \text{keep the candidate with the highest }p(y\mid\cdot);\ \text{LM frozen}",0\ \text{continuous parameters};\ \ell\ \text{discrete token choices (search space }|\mathcal V|^{\ell})\ \text{plus label-token sets }\mathcal V_y,input token sequence (trigger tokens placed by a template around the input and the [MASK] slot),A discrete prompt: the prompt matrix is constrained to the vocabulary lattice \(\{E_w\}^{\ell}\subset\mathbb{R}^{\ell\times d}\) and optimized by first-order (HotFlip-style) coordinate swaps; prompt tuning is the continuous relaxation of this set.,no,"The trigger tokens lengthen every input, so inference is not at the original cost (though no new parameters exist).","Triggers start as [MASK] tokens; there is no identity guarantee, since the template itself changes the input.","Turn a task into masked-LM cloze form and search for a few shared discrete trigger tokens (and label words) with gradient-ranked candidate swaps, eliciting knowledge from a frozen MLM without any fine-tuning.","Without fine-tuning, AutoPrompt-prompted RoBERTa-large reached 91.4% on SST-2; on LAMA fact retrieval, AutoPrompt prompts for BERT reached 43.3% precision@1 (7 trigger tokens) vs 34.1% for the best prior single prompt (LPAQA Top1).",True,method,E0,Fun,AutoPrompt is prompt tuning restricted to the vocabulary lattice: a 0-dimensional object whose points map into prompt tuning's \(Q\) by \(w\mapsto E_w\). Its HotFlip search ranks swaps by the first-order term \(E_w^\top\nabla\). It uses the cotangent of the continuous relaxation to move on a discrete set.,shin2020autoprompt,E0,Fun,unpointed,none,GLxGL,Minf,
lora,LoRA,Low-Rank Adaptation,LoRA: Low-Rank Adaptation of Large Language Models,Hu et al.,2021,ICLR 2022,2106.09685,https://arxiv.org/abs/2106.09685,https://github.com/microsoft/LoRA,True,LoraConfig,additive-weight,"h = W_0 x + \tfrac{\alpha}{r} B A x,\quad W = W_0 + \tfrac{\alpha}{r} B A,\quad B\in\mathbb{R}^{d_{out}\times r},\ A\in\mathbb{R}^{r\times d_{in}};\ W_0 \text{ frozen},\ A,B \text{ trained}",r(d_{in}+d_{out}),"any linear layer (PEFT also: Embedding, Conv1d/2d/3d, MultiheadAttention, raw nn.Parameter e.g. MoE experts via target_parameters); originally \(W_q\), \(W_v\), commonly 'all-linear'","\(\Delta W\) factors through an \(r\)-dimensional space: \(\Delta W = BA\), \(\operatorname{rank}\Delta W \le r\)",yes,"\(BA\) is a dense \(d_{out} \times d_{in}\) matrix that can be added to \(W_0\) after training (merge_and_unload), giving zero inference overhead.","\(B = 0\) (\(A\) Kaiming-uniform in PEFT, Gaussian in the paper; init_lora_weights='gaussian' keeps \(B = 0\)); scaling \(\alpha/r\).","Fine-tuning updates have low intrinsic rank, so freeze \(W_0\) and learn only a rank-\(r\) factorization of the update.","Paper reports on-par or better quality than full fine-tuning on RoBERTa, DeBERTa, GPT-2 and GPT-3 175B, with 10,000x fewer trainable parameters and 3x less GPU memory for GPT-3.",True,method,R-additive,Cone,"LoRA is the determinantal cone \(\theta_0+\mathcal M_{\le r}\) pointed at its apex: the reference object of the slice, with gauge \(GL_r\) on the internal wire and merging as the canonical map \(\rho\) to the terminal object. Its \(\mathrm T_A\) pointings are classified by \(\mathrm{row}\,A_0\in\mathrm{Gr}(r,n)\).",hu2021lora,R,Cone,apex,GL,GLxGL,M1,span
adalora,AdaLoRA,Adaptive Budget Allocation for LoRA,AdaLoRA: Adaptive Budget Allocation for Parameter-Efficient Fine-Tuning,Zhang et al.,2023,ICLR 2023,2303.10512,https://arxiv.org/abs/2303.10512,https://github.com/QingruZhang/AdaLoRA,True,"AdaLoraConfig(init_r, target_r, tinit, tfinal, deltaT, beta1, beta2, orth_reg_weight, total_step)",additive-weight,"W=W_0+P\Lambda Q,\ P\in\mathbb{R}^{d_{out}\times r},\ \Lambda=\mathrm{diag}(\lambda_i),\ Q\in\mathbb{R}^{r\times d_{in}};\quad R(P,Q)=\lVert P^\top P-I\rVert_F^2+\lVert QQ^\top-I\rVert_F^2;\quad S_{k,i}=s(\lambda_{k,i})+\tfrac1{d_{out}}\textstyle\sum_js(P_{k,ji})+\tfrac1{d_{in}}\sum_js(Q_{k,ij}),\ s=\bar I\cdot\bar U,\ I(w)=|w\,\nabla_w\mathcal{L}|;\quad \lambda_{k,i}\leftarrow0\ \text{unless }S_{k,i}\in\text{top-}b^{(t)}","r_{init}(d_{in}+d_{out}+1)\ \text{per matrix during training},\ r_{init}=b^{(0)}/n\ (\text{masked triplets are kept and can be reactivated});\ \ \text{retained after pruning: }\textstyle\sum_k r_k(d_{in}+d_{out}+1),\ \sum_k r_k=b^{(T)}",any linear layer; budget shared across all adapted matrices,"SVD-shaped update \(\Delta W=P\Lambda Q\) with soft-orthogonal \(P,Q\) and a diagonal of singular values that is masked (pruned) by a global importance ranking under a cubic budget schedule",yes,\(P\Lambda Q\) is a dense matrix of the original shape.,"\(\Lambda=0\) (\(P,Q\) random Gaussian); importance scores are EMA-smoothed sensitivity times uncertainty.","Parameterize each update in SVD form so that rank can be reduced by zeroing singular values without expensive SVDs, and move rank budget to the matrices whose triplets are most important for the loss.",Reported better or on-par GLUE results vs LoRA at all budgets with DeBERTaV3-base and a 1.2% F1 gain on SQuAD 2.0 with under 0.1% trainable parameters.,True,method,R-additive,Cone,"AdaLoRA charts LoRA's cone by an SVD-shaped triple whose diagonal \(\Lambda\) is a zero gate, so it starts at an apex with only \(r\) first-order directions, and its budget mask moves between nested sub-cones (a union over rank allocations). It is simulated by LoRA via \(h=(P\Lambda,Q)\), but as pointed objects LoRA does not map into it.",zhang2023adalora,R,Cone,apex,nonlinear,GLxGL,M1,span
adamss,AdaMSS,Adaptive Multi-Subspace Approach for PEFT,AdaMSS: Adaptive Multi-Subspace Approach for Parameter-Efficient Fine-Tuning,Zheng et al.,2025,NeurIPS 2025,,https://papers.neurips.cc/paper_files/paper/2025/hash/1c85c302ece39939c1b334c78f7ee1b8-Abstract-Conference.html,https://github.com/jzheng20/AdaMSS,True,"AdamssConfig(r, num_subspaces, subspace_rank, use_asa=True)",additive-weight,"\hat W_0=U_{[:,1:R]}S_{[1:R]}V_{[:,1:R]}^\top,\ \text{output units clustered into }K\text{ subspaces }\mathcal{S}_k;\quad \Delta W_{\mathcal{S}_k,:}=C_k\,B_k\,\tilde A_k,\ \tilde A_k\in\mathbb{R}^{R_k\times d_{in}}\ \text{frozen orthonormal},\ B_k\in\mathbb{R}^{r_k\times R_k}\ \text{(QR-orthogonal init)},\ C_k\in\mathbb{R}^{|\mathcal{S}_k|\times r_k},\ C_k=0;\ \text{ASA keeps the top-}K_t\text{ blocks by AdaLoRA-style importance}","\textstyle\sum_{k}r_k\,(R_k+|\mathcal{S}_k|)\ \text{over the active subspaces}",linear layers,"block-structured low-rank update: the principal rank-\(R\) part of \(W_0\) is segmented (low-rank-representation clustering) into \(K\) subspaces, each receiving its own tiny low-rank update \(A_kB_kC_k\); whole subspaces are frozen by adaptive subspace allocation",yes,The scattered block updates form a dense matrix of the original shape (HF PEFT implements merge).,\(C_k=0\) (\(W_0\) untouched); frozen bases come from a data-free truncated SVD of \(W_0\) plus subspace clustering.,The principal row space of a pretrained weight decomposes into several smaller subspaces; adapting each with its own small rank and pruning irrelevant subspaces gives a tighter generalization bound and far fewer parameters than a single-subspace adapter like PiSSA.,"Reported +4.7% average accuracy over LoRA on seven ViT-Large tasks with 15.4% of its parameters, and +7% over PiSSA on RoBERTa-Large with about 94% fewer trainable parameters.",True,method,R-additive,Cone,"AdaMSS is a \(\oplus\)-word of \(K\) small LoRAs, each living on an output block \(\mathcal S_k\) and transported into a frozen principal-subspace frame of \(W_0\), with an AdaLoRA-style mask over whole summands. Although it starts from PiSSA's SVD, it keeps \(\theta_0\) as the residual and starts at an apex (Type I), so it is incomparable with PiSSA.",zheng2025adamss,R,Cone,apex,GL,OxO,M1,span
beft,BEFT,Bias-Efficient Fine-Tuning,BEFT: Bias-Efficient Fine-Tuning of Language Models in Low-Data Regimes,Huang et al.,2025,ACL 2026,2509.15974,https://aclanthology.org/2026.acl-long.1799/,https://github.com/whubaichuan/BEFT,True,BeftConfig,selective,"h = W_v x + b_v + \Delta b_v,\ \ \Delta b_v\in\mathbb{R}^{d_{out}} \text{ trained, all weights frozen};\ \ a(V+\mathbf{1}b_v^\top)=aV+\mathbf{1}b_v^\top \text{ (rows of } a \text{ sum to 1)}",d_{out} \text{ per value projection } (\approx 0.01\% \text{ of parameters}),"bias of the value projection \(W_v\) in every attention block (bias added, zero-initialized, for bias-free LLMs)","additive shift of the value-projection output; because attention rows sum to one, the shift passes straight to the attention output",conditional,"\(\Delta b_v\) adds to an existing value-projection bias after training. PEFT raises an error when merging into a bias-free layer (for example LLaMA-style projections), so merging is only possible when the base layer has a bias.","PEFT adds a separate zero-initialized \(\Delta b_v\) (init_weights=True), so the function is unchanged at init.","Among q/k/v biases, fine-tuning only the value bias \(b_v\) gives the best accuracy per parameter in low-data regimes.","Paper reports \(b_v\) fine-tuning consistently beating \(b_q\) and \(b_k\) fine-tuning across encoder- and decoder-only LLMs up to 6.7B, with about 9x fewer parameters than tuning all biases.",True,method,R-selective,Lin,"A one-bias coordinate subspace of BitFit, hence an A2 sub-object of it, translating the value projection; since attention rows sum to one it equals a constant shift of the attention output. It is Lin, regular and idempotent.",huang2025beft,R,Lin,regular,none,GLxGL,M1,idempotent
boft,BOFT,Butterfly Orthogonal Finetuning,Parameter-Efficient Orthogonal Finetuning via Butterfly Factorization,Liu et al.,2023,ICLR 2024,2311.06243,https://arxiv.org/abs/2311.06243,https://github.com/wy1iu/butterfly-oft,True,BOFTConfig,multiplicative-weight,"W = W_0 R(m,b)^{\top},\quad R(m,b)=\prod_{i=1}^{m}\tilde{B}^{b}_{(d_{in},i)},\ \big(\tilde{B}^{b}_{(d_{in},i)}\big)^{\top}\tilde{B}^{b}_{(d_{in},i)}=I,\ \text{each factor a permuted block-diagonal matrix of } b\times b \text{ Cayley-parameterized orthogonal blocks};\ W_0 \text{ frozen}","\tfrac{1}{2}\,m\,(b-1)\,d_{in}\quad(\mathcal{O}(d_{in}\log d_{in})\ \text{for } b=2,\ m=\log_2 d_{in})","any linear / conv layer (attention and MLP of ViTs, LLMs, SAM, Stable Diffusion); acts on the input side of \(W_0\)","right action of a product of \(m\) sparse butterfly factors, each a permutation conjugate of the block-diagonal subgroup \(O(b)^{d/b}\); the product is a dense orthogonal matrix. The paper frames this as information transmission on a butterfly grid graph (a Cooley-Tukey style factorization of an \(O(d)\) element).",yes,"The product \(R(m,b)\) is a fixed orthogonal matrix after training, so \(W_0 R(m,b)^T\) can be precomputed.","All skew-symmetric generators start at 0, so every butterfly factor is the identity and \(R = I\).",Build a dense orthogonal matrix as a product of sparse butterfly-structured orthogonal factors. OFT then gets dense rotations from \(O(d \log d)\) parameters. Block-diagonal OFT is the \(m=1\) case.,"Reports higher scores than LoRA and OFT on GLUE (DeBERTaV3), the best VTAB-1K average in its table (77.9% for BOFT \(m=2\), \(b=8\) with DINOv2-large), better Llama-2-7B MMLU and math (GSM8K/MATH) results, HQ-SAM-level segmentation with 3% of its parameters, and better controllable and subject-driven Stable Diffusion generation.",True,method,R-action,Sat,"BOFT (HF) is the torus saturation \(\mathrm{Diag}_m\cdot\mathrm{Im}(\text{butterfly OFT})\): an orthogonal action on the input side assembled from sparse block factors, plus a free output scale that weakens the Gram invariant to \(|\cos|\) between neurons (Cor II.6 remarks). Butterfly permutations connect the block hypergraph, and the rebasing closure is the group generated by its components.",liu2023parameter,R,Sat,regular,nonlinear,Pi,M1,group
c3a,C3A,Circular Convolution Adaptation,Parameter-Efficient Fine-Tuning via Circular Convolution,Chen et al.,2024,ACL 2025 (Findings),2407.19342,https://aclanthology.org/2025.findings-acl.102/,https://github.com/huggingface/peft,True,C3AConfig,additive-weight,"W = W_0 + \Delta W,\quad \Delta W = \big[\,\mathcal{C}(w_{ij})\,\big]_{i\le d_{out}/b,\ j\le d_{in}/b},\ \mathcal{C}(w)\in\mathbb{R}^{b\times b}\ \text{circulant with first row } w\in\mathbb{R}^{b}\ (\text{trained});\ \mathcal{C}(w) = F\,\mathrm{diag}\big(\tfrac{1}{b}Fw\big)F^{-1}\ (\text{paper's convention}),\ \text{so } \Delta W x \text{ is computed blockwise with FFTs};\ \text{HF PEFT additionally divides } \Delta W \text{ by } d_{in}","\tfrac{d_{in}\,d_{out}}{b}","any linear layer whose dimensions are divisible by the block size \(b\) (paper: RoBERTa, LLaMA-3-8B, ViT)","block-circulant update: each \(b\times b\) block is a circulant matrix (simultaneously diagonalised by the DFT), so rank can reach \(\min(d_{in}, d_{out})\) independently of the parameter count",yes,The block-circulant matrix can be materialised and added to \(W_0\).,"HF default initialises the kernels with xavier_uniform (non-zero, so not an exact identity); init_weights=True sets them to zero (no-op)","Use circular convolution (a circulant matrix) as the update: rank is decoupled from parameter count, and FFTs make forward and backward passes fast and memory-light; block-circulant structure handles non-square weights and tunes the budget.",Consistently outperforms LoRA and its variants across fine-tuning tasks (e.g. on LLaMA-3-8B) while being efficient in compute and memory.,True,method,R-additive,Lin,"C3A is a linear method: a coordinate subspace in the block-circulant frame (a DFT transport of a mask, Prop II.13), so its rank is decoupled from \(|M|=mn/b\) while its covariance is the imposed cyclic order \(\Pi_{\rm cyc}\). Its blocks include odd circulants, which FourierFT's point-symmetric image never reaches.",chen2024parameter,R,Lin,regular,none,Pi,M1,idempotent
cartridges,Cartridges,Cartridges (trained KV-cache prefixes via self-study),Cartridges: Lightweight and general-purpose long context representations via self-study,Eyuboglu et al.,2025,ICLR 2026,2506.06266,https://arxiv.org/abs/2506.06266,https://github.com/HazyResearch/cartridges,True,CartridgeConfig,input-or-activation-augmentation,"\forall l:\ K_l\leftarrow[Z_k^{(l)};K_l],\ V_l\leftarrow[Z_v^{(l)};V_l],\ Z_k^{(l)},Z_v^{(l)}\in\mathbb{R}^{p\times d};\ \ \min_Z\sum_{(x,\tilde c)}\sum_i D_{KL}\big(F(\cdot\mid\tilde c\oplus x_{:i})\,\|\,F_Z(\cdot\mid x_{:i})\big)","2L\,(p-p_f)\,d_{kv} \ \ (p=\text{num\_virtual\_tokens},\ p_f=\text{num\_frozen\_tokens}=1 \text{ by default},\ d_{kv}=\text{per-layer key/value width})",keys/values at every layer (a directly parameterized KV-cache prefix),"learned key/value vectors prepended at every layer, trained directly (no MLP reparameterization) by context distillation on synthetic self-study conversations about a corpus",no,"The cartridge is extra KV state attended by the model, not a weight change.","Not an identity. The paper recommends initializing \(Z\) from the prefill KV cache of the first \(p\) corpus tokens (PEFT: initialize_kv_prefix_from_text / initialize_kv_prefix_from_past_key_values). PEFT get_peft_model alone gives random \(\mathcal N(0,1)\) init. The first num_frozen_tokens (default 1) are frozen as an attention sink.","Compress a long corpus offline into a small trainable KV cache via self-study distillation, so it can replace in-context documents at inference.","Paper reports matching ICL quality with 38.6x less memory and 26.4x higher throughput, and extending effective context to 484k tokens.",True,method,E0,Fun,"Prefix tuning re-pointed: a deep key/value prefix \(Z\) on the sequence wire of every attention layer, an unpointed extension whose base point is the corpus prefill cache and whose attention-sink slot is frozen, which makes it an A2 sub-object of the direct prefix. Self-study distillation changes the loss, not the object \((Q,q_0,\rho)\).",eyuboglu2025cartridges,E0,Fun,unpointed,none,GLxGL,Minf,
cpt,CPT,Context-aware Prompt Tuning,Context-aware Prompt Tuning: Advancing In-Context Learning with Adversarial Methods,Blau et al.,2024,arXiv,2410.17222,https://arxiv.org/abs/2410.17222,https://github.com/tsachiblau/Context-aware-Prompt-Tuning-Advancing-In-Context-Learning-with-Adversarial-Methods,True,CPTConfig,input-or-activation-augmentation,"X_{ctx}=[T_i(x_i),S_{intra},T_o(y_i),S_{inter}]_{i=1}^{N};\ E\leftarrow\Pi_{\|E-E_0\|_2\le\epsilon}\big(E-\eta\nabla_E\mathcal{L}\big);\ \mathcal{L}=\sum_{k=1}^{N}\gamma^{N+1-k}\,\mathrm{CE}(\hat t_O^{(k)},t_O^{(k)})+\mathrm{CE}(\hat t_O^{(N+1)},t_O^{(N+1)})","\ell\,d \ \ (\ell=\text{number of context input/format tokens optimized; label tokens frozen})",input embedding sequence (embeddings of the in-context demonstrations),soft prompt initialized from real few-shot demonstrations; per-token embedding changes projected onto an L2 ball (projected gradient descent) with a recency-decayed context loss,no,"Optimized context tokens are extra inputs, not weights.",Not a no-op relative to the bare query: at init it equals ordinary in-context learning with the given demonstrations.,"Treat the in-context demonstrations themselves as trainable soft prompts, but keep them within an \(\varepsilon\)-ball of the real tokens and down-weight early examples to counter recency bias.","Paper reports gains over LoRA, prompt tuning, IPT and ICL on SST-2, AG News, DBpedia and TREC in 2/4/6-shot settings with BLOOM-1.7B, GPT-J-6B and Llama-3-8B.",True,method,E0,Fun,"Prompt tuning restricted (A2) to the context tokens of real demonstrations, with label tokens frozen and every token confined to an \(\varepsilon\)-ball around its embedding; the base point is the in-context-learning state, not the frozen zero-shot function. The constraint is global: at \(q_0\) the germ is open in prompt space.",blau2024context,E0,Fun,unpointed,none,OxO,Minf,
deft,DEFT,Decompositional Efficient Fine-Tuning,DEFT: Decompositional Efficient Fine-Tuning for Text-to-Image Models,Kumar et al.,2025,NeurIPS 2025,2509.22793,https://arxiv.org/abs/2509.22793,https://github.com/MAXNORM8650/DEFT,True,DeftConfig,additive-weight,"W=(I-QQ^\top)W_0+QR,\ \ Q=\mathrm{qr}(P),\ P\in\mathbb{R}^{d_{out}\times r},\ R\in\mathbb{R}^{r\times d_{in}};\ \ \text{(PEFT default 'relu'): } W=(I-P\,\mathrm{relu}(P)^\top)W_0+PR",r(d_{out}+d_{in}),Linear / Conv1D layers (mainly text-to-image diffusion transformers/UNets),rank-\(r\) update that removes an \(r\)-dimensional output subspace of \(W_0\) and injects new content into it: \(\Delta W = Q(R - Q^\top W_0)\),yes,The update equals a low-rank additive delta \(Q(R - Q^T W_0)\) that can be merged into \(W_0\).,"PEFT (init_weights=True) draws \(P \sim N(0, 0.02^2)\) and sets \(R\) so that the injection exactly cancels the removal term, so \(W = W_0\) at init.",Split adaptation into 'forget a subspace' (projection) and 'write new content there' (low-rank injection) to personalize while preserving the base model's instruction-following/editability.,Paper reports DreamBench Plus CLIP-T 0.361 on SDXL vs 0.341 for LoRA and 0.354 for PaRa.,True,method,R-additive,Cone,"DEFT's 'forget a subspace, then write into it' is LoRA in disguise: the shear \((P,R)\mapsto(P,R-\mathrm{relu}(P)^\top W_0)\) identifies it, as germs at the HF initialisation, with \(\mathrm{LoRA}_r\) pointed at \((P_0,0)\) in the \(\mathrm T_B\) stratum of Thm II.2. What separates it from default LoRA is the stratum of its pointing, not its image.",kumar2025deft,R,Cone,apex,GL,GLxGL,M1,span
para,PaRa,Parameter Rank Reduction,PaRa: Personalizing Text-to-Image Diffusion via Parameter Rank Reduction,Chen et al.,2024,ICLR 2025,2406.05641,https://arxiv.org/abs/2406.05641,,True,"DeftConfig(para=True, decomposition_method='qr')",multiplicative-weight,"W=(I-QQ^\top)W_0,\ \ Q=\mathrm{qr}(B),\ B\in\mathbb{R}^{d_{out}\times r} \text{ trained}","r\,d_{out}",attention/linear layers of text-to-image diffusion models,"left-multiplication of \(W_0\) by an orthogonal projector of corank \(r\), shrinking the output space of the layer (rank reduction)",yes,\((I - QQ^\top) W_0\) is a single dense matrix.,Not an identity: PEFT notes PaRa cannot be a no-op at initialization since only the projection is trained.,Personalization works by reducing the rank of generation: projecting out a few output directions narrows the model's output space toward the target concept.,Paper reports about 2x fewer parameters than LoRA and 82-97% human preference over LoRA across tested concepts.,False,method,R-action,Orb,"PaRa is an unpointed object of action type: \(\rho(B)=(I-\Pi_{\mathrm{col}B})W_0\) is the orbit of \(W_0\) under the Grassmannian of corank-\(r\) projectors, a compact set at positive distance from \(\theta_0\). It is DEFT restricted to \(R=0\), but only as a weak morphism, since no parameter value reproduces the frozen model.",chen2024para,R,Orb,unpointed,GL,GLxCO,M1,group
delora,DeLoRA,Decoupled Low-rank Adaptation,DeLoRA: Decoupling Angles and Strength in Low-rank Adaptation,Bini et al.,2025,ICLR 2025,2503.18225,https://arxiv.org/abs/2503.18225,https://github.com/ExplainableML/DeLoRA,True,DeloraConfig,additive-weight,"W=W_0+\frac{\lambda\|W_0\|}{r}\,B\,\Xi\,A,\ \ \Xi=\mathrm{diag}\Big(\tfrac{1}{\|b_i\|\,\|a_i\|}\Big),\ B\in\mathbb{R}^{d_{out}\times r},\ A\in\mathbb{R}^{r\times d_{in}},\ \lambda \text{ trainable}",r(d_{in}+d_{out})+1,nn.Linear layers only (PEFT),"sum of \(r\) unit-Frobenius rank-1 terms with a learnable global strength, so \(\|\Delta W\|_F\le\lambda\|W_0\|\) (a Frobenius-ball boundary)",yes,The normalized low-rank update is a fixed dense matrix after training.,Paper: subtract a frozen copy of the initial update from \(W_0\); PEFT default: \(B = 0\) (\(A\) Kaiming) with \(\lambda\) initialized to delora_lambda.,"Normalize the low-rank directions and learn their strength separately, bounding how far the weights can drift and making training robust to learning rate and length.","Paper reports GLUE avg 85.6 vs 84.7 for LoRA, parity with LoRA/DoRA on subject-driven generation, and better robustness to learning rate and extended training.",True,method,R-additive,Cone,"DeLoRA normalises each rank-one term and puts the strength in one scalar \(\lambda\). Its image is still LoRA's cone, and under HF's \(B=0\) initialisation it starts at the same apex, so LoRA simulates it through an explicit normalising \(h\). The normalisation changes the fibre (a non-linear gauge of dimension \(r^2+1\)) and hence the training geometry, not the expressivity.",bini2025delora,R,Cone,apex,nonlinear,GLxGL,M1,span
fourierft,FourierFT,Fourier Fine-Tuning (Discrete Fourier Transform PEFT),Parameter-Efficient Fine-Tuning with Discrete Fourier Transform,Gao et al.,2024,ICML 2024,2405.03003,https://arxiv.org/abs/2405.03003,https://github.com/Chaos96/fourierft,True,FourierFTConfig,additive-weight,"\Delta W=\alpha\,\mathrm{Re}\big(\mathcal{F}^{-1}_{2D}(F)\big),\ F\in\mathbb{C}^{d_{out}\times d_{in}} \text{ zero except at } n \text{ fixed random frequency locations (shared across layers) holding trainable } c\in\mathbb{R}^{n}",n \ \ (n=\text{n\_frequency}),"any linear layer (typically \(W_q\), \(W_v\))",\(\Delta W\) is the real part of the inverse 2D DFT of a sparse spectral matrix with \(n\) learnable coefficients,yes,The spatial-domain \(\Delta W\) can be computed once and added to \(W_0\).,"PEFT default init_weights=False draws coefficients from \(N(0,1)\), so it is NOT an exact identity; init_weights=True zero-initializes for a no-op.","Weight updates are compressible in the frequency domain, so learn only a handful of spectral coefficients.",Paper reports outperforming LoRA on LLaMA2-7B instruction tuning with 0.064M trainable parameters versus LoRA's 33.5M.,True,method,R-additive,Lin,"FourierFT is a mask in the real Fourier frame: each frequency contributes a rank-two real pattern, so \(\Delta W=\tfrac{\alpha}{mn}B_F\,\mathrm{diag}(c,-c)A_F\) with frozen trigonometric frames and FourierFT factors through LoRA-FA\((A_F)\), as VeRA does through LoRA-FA\((A)\). Its image lies in the point-symmetric subspace \(\Delta W_{j,l}=\Delta W_{-j,-l}\), an absolute invariant that neuron permutations do not respect.",gao2024parameter,R,Lin,regular,none,Pi,M1,idempotent
frod,FRoD,Full-Rank Efficient Fine-Tuning with Rotational Degrees,FRoD: Full-Rank Efficient Fine-Tuning with Rotational Degrees for Fast Convergence,Wan et al.,2025,AAAI 2026,2512.23485,https://arxiv.org/abs/2512.23485,https://github.com/Bane-Elvin/AAAI2026-FRoD,True,FrodConfig,additive-weight,"W_i = U_i\big(\Sigma_i + S_i\big)V^{\top},\quad V\ \text{global orthonormal basis shared by all layers (hierarchical joint QR + eigendecomposition of the stacked weights)},\ U_i\ \text{per-layer factor (frozen)};\ \Sigma_i\ \text{diagonal strengths and } S_i\ \text{random-pattern sparse off-diagonal perturbation (density } s)\ \text{trained}","d_{in} + s\,d_{in}^{2}\ \text{per adapted matrix (diagonal plus sparse off-diagonal entries of an } d_{in}\times d_{in} \text{ core)}","selected linear layers of ViT, LLaMA-style and encoder models (grouped by layer category for the joint decomposition)","cross-layer shared latent basis with a per-layer diagonal-plus-sparse core: on-axis updates rescale generalised singular values, sparse off-diagonal entries inject small rotations; full-rank updates",yes,\(U_i(\Sigma_i + S_i)V^T\) is a dense matrix that replaces \(W_i\) at no extra inference cost.,"\(S_i = 0\) and \(U_i \Sigma_i V^{\top}\) reconstructs \(W_i\) (maximum error below 1e-5), so the model is essentially unchanged at init; \(\Sigma_i\) (trained) starts at the decomposition's strengths; the joint decomposition is a costly one-off initialisation. HF PEFT: frod_lambda_l = diag strengths, frod_lambda_s_values = 0","Extract a basis shared by all layers via a hierarchical joint decomposition, then fine-tune only per-layer scaling factors plus sparse off-diagonal rotations in that basis, giving full-rank updates and fast convergence.","On 20 vision, reasoning and language benchmarks FRoD matches full fine-tuning accuracy using 1.72% of trainable parameters under identical training budgets.",True,method,R-additive,Lin,"FRoD is the linear method \((\Sigma_i,S_i)\mapsto U_i(\Sigma_i+S_i)V^\top\): a diagonal-plus-sparse mask in a cross-layer spectral frame \((U_i,V)\), pointed (up to reconstruction error) at the decomposition's strengths. Because \(V\) is shared across a layer group, its covariance holds only for transformations common to the whole group.",wan2025frod,R,Lin,regular,none,OxO,M1,idempotent
glora,GLoRA,Generalized LoRA (One-for-All),One-for-All: Generalized LoRA for Parameter-Efficient Fine-tuning,Chavan et al.,2023,arXiv,2306.07967,https://arxiv.org/abs/2306.07967,https://github.com/Arnav0400/ViT-Slim/tree/master/GLoRA,True,GloraConfig,hybrid,"h=(W_0+W_0\odot A+B)\,x+b_0+b_0\odot D+E+W_0C;\ \ A,B\in\{\text{LoRA},\text{vector},\text{scalar},\text{none}\},\ C\in\{\text{LoRA},\text{vector},\text{none}\},\ D,E\in\{\text{vector},\text{scalar},\text{none}\}","\text{config-dependent; PEFT default (A,B=LoRA, C=LoRA, D,E=constant) on a layer with bias: } 2r(d_{in}+d_{out})+r(d_{in}+1)+2;\ \text{bias-free layers: } 2r(d_{in}+d_{out})",nn.Linear layers (weights and biases),"unified reparameterization: Hadamard rescaling of \(W_0\), additive (low-rank) weight shift, bias rescaling/shift, and a \(W_0\)-coupled bias (layer-wise prompt) path; per-layer path types chosen by evolutionary search in the paper",yes,All paths are linear in the parameters and fold into \(W_{uni} = W_0 + W_0\odot A + B\) and \(b_{uni} = b_0 + b_0\odot D + E + W_0 C\).,Zero-initialized down-projections make every path zero (no-op) by default.,"Subsume LoRA, scaling/shifting and prompt-like methods in one reparameterizable layer and search the best path configuration per layer.","Paper reports 78.0% average on VTAB-1K, up to 2.9% above prior methods, and strong few-shot and domain-generalization results.",True,method,R-Hadamard,Cone,"GLoRA is an \(\oplus\)-word on the slice: \(\mathrm{HiRA}_r\oplus\mathrm{LoRA}_r\oplus(\text{bias paths})\), where HiRA \(=(D_{W_0})_*\mathrm{LoRA}\) supplies the coupling to \(\theta_0\). Its 'unification' is the statement that the torus ladder \(W_0\odot(J+Z)\) of Prop II.9 plus an additive term simulates (IA)\(^3\), SSF-type scalings, DoRA and LoRA.",chavan2023one,R,Cone,apex,GL,MonxMon,M1,span
gralora,GraLoRA,Granular Low-Rank Adaptation,GraLoRA: Granular Low-Rank Adaptation for Parameter-Efficient Fine-Tuning,Jung et al.,2025,NeurIPS 2025,2505.20355,https://arxiv.org/abs/2505.20355,https://github.com/SqueezeBits/GraLoRA,True,GraloraConfig,additive-weight,"W = W_0 + \tfrac{\alpha}{r}\big[\,B_{ij}A_{ij}^{\top}\,\big]_{i,j=1}^{k},\quad A_{ij}\in\mathbb{R}^{\frac{d_{in}}{k}\times\frac{r}{k}},\ B_{ij}\in\mathbb{R}^{\frac{d_{out}}{k}\times\frac{r}{k}};\ W_0\ \text{frozen},\ A_{ij},B_{ij}\ \text{trained}",r(d_{in}+d_{out}),any linear layer of LLMs,"\(k\times k\) grid of independent rank-\((r/k)\) blocks, equivalently \(B_G A_G^{\top}\) with sparse block-structured factors; rank up to \(k r\) at LoRA's parameter count; Hybrid GraLoRA adds a plain LoRA term.",yes,The block matrix is an ordinary dense update.,"\(A\) Kaiming-uniform and \(B = 0\) (HF PEFT, all \(k\) blocks and the optional hybrid LoRA), so \(\Delta W = 0\). HF scales by \(\alpha/(r + \mathtt{hybrid\_r})\).",Partition the weight into sub-blocks with their own small adapters so that input outlier channels only perturb local gradients and effective rank grows by k.,"Up to +8.5% absolute Pass@1 on HumanEval+ over LoRA, with consistent gains on commonsense reasoning across model sizes and ranks.",True,method,R-additive,Cone,"GraLoRA is the \(\oplus\)-word of \(k^2\) block-embedded \(\mathrm{LoRA}_{r/k}\) (Obs I.7). It has the same budget and the same \(d\) as \(\mathrm{LoRA}_r\) and a larger cut (rank \(kr\)), but every block is capped at rank \(r/k\): it moves the cut rather than enlarging the image.",jung2025gralora,R,Cone,apex,GL,Pi,M1,span
hira,HiRA,Hadamard High-Rank Adaptation,HiRA: Parameter-Efficient Hadamard High-Rank Adaptation for Large Language Models,Huang et al.,2025,ICLR 2025,,https://openreview.net/forum?id=TwJrTz9cRS,https://github.com/hqsiswiliam/hira,True,HiraConfig,multiplicative-weight,"W=W_0+W_0\odot(BA)=W_0\odot(\mathbf{1}\mathbf{1}^{\top}+BA),\quad B\in\mathbb{R}^{d_{out}\times r},\ A\in\mathbb{R}^{r\times d_{in}};\ W_0\ \text{frozen},\ B,A\ \text{trained}",r(d_{in}+d_{out}),any linear layer (LLM attention and MLP projections),"entry-wise (Hadamard) multiplicative modulation of \(W_0\) by \(J + BA\). \(\Delta W = W_0 \odot BA\) has rank \(\le \mathrm{rank}(W_0)\cdot r\), so the update is high-rank at LoRA's parameter cost. LoRA is recovered by replacing \(W_0\) with the all-ones matrix.",yes,\(W_0 + W_0 \odot BA\) is precomputed for deployment; the original weight can be recovered by element-wise division by \(1 + BA\).,"One factor is zero (the paper zero-initializes its \(d\times r\) factor and Kaiming-initializes the other), so \(\Delta W = 0\).",Multiply the pretrained matrix element-wise by a low-rank matrix. The Hadamard product with \(W_0\) raises the possible rank of the update (up to \(\mathrm{rank}(W_0)\cdot r\)) without extra parameters and carries the pretrained structure into the update.,"Reports gains over LoRA and other PEFT baselines on commonsense reasoning with Llama-2-7B and Llama-3-8B, plus further generation tasks, at LoRA's parameter count (ICLR 2025 oral).",True,method,R-Hadamard,Cone,"HiRA is LoRA transported by the \(\theta_0\)-dependent diagonal automorphism \(D_{W_0}:X\mapsto W_0\odot X\), i.e. LoRA in the Hadamard frame of \(W_0\). It has LoRA's \(d\), gauge and deficit, but a different cut (rank up to \(r\,\mathrm{rk}W_0\)) and only monomial covariance.",huang2025hira,R,Cone,apex,GL,MonxMon,M1,span
hra,HRA,Householder Reflection Adaptation,Bridging The Gap between Low-rank and Orthogonal Adaptation via Householder Reflection Adaptation,Yuan et al.,2024,NeurIPS 2024,2405.17484,https://arxiv.org/abs/2405.17484,https://github.com/DaShenZi721/HRA,True,HRAConfig,multiplicative-weight,"W=W_0H,\ \ H=\prod_{i=1}^{r}\Big(I-2\frac{u_iu_i^\top}{\|u_i\|^2}\Big),\ u_i\in\mathbb{R}^{d_{in}};\ \ \text{optional } \lambda\|I-U^\top U\|_F^2 \text{ (or Gram-Schmidt, apply\_GS)}","r\,d_{in}",linear and Conv2d layers (rotation of the input space),"product of \(r\) Householder reflections (orthogonal) acting on the input side of \(W_0\); equivalently \(W_0 + W_0U\Gamma U^\top\), an 'adaptive LoRA'",yes,\(W_0 H\) is a single dense matrix.,"Reflection vectors initialized in identical pairs (\(u_{2i} = u_{2i-1}\)), so consecutive reflections cancel and \(H = I\); requires even \(r\) in PEFT.","A chain of \(r\) Householder reflections is simultaneously an orthogonal transform and a rank-\(r\) additive update, bridging OFT and LoRA.","Paper reports better accuracy than LoRA/OFT-style baselines with fewer parameters on GLUE, LLaMA2-7B math reasoning, and subject-driven/controllable image generation.",True,method,R-action,Meet,"HRA is the image-level meet of \(\mathrm{LoRA}_r\) with the full orthogonal orbit \(W_0\cdot SO(n)\), and HF's paired initialisation is an apex, the multiplicative twin of LoRA's dead \(A\)-direction. Rebasing commutes with the meet, so re-merged HRA walks \(W_0\cdot SO(n)\) as ReLoRA walks \(\Theta\).",yuan2024bridging,R,Meet,apex,nonlinear,GLxCO,M1,group
ia3,(IA)³,Infused Adapter by Inhibiting and Amplifying Inner Activations,Few-Shot Parameter-Efficient Fine-Tuning is Better and Cheaper than In-Context Learning,Liu et al.,2022,NeurIPS 2022,2205.05638,https://arxiv.org/abs/2205.05638,https://github.com/r-three/t-few,True,IA3Config,multiplicative-weight,"k=l_k\odot(W_kx),\ v=l_v\odot(W_vx),\ h_{ff}=W_2\big(l_{ff}\odot\gamma(W_1x)\big);\ l_k,l_v\in\mathbb{R}^{d_{out}},\ l_{ff}\in\mathbb{R}^{d_{ff}} \text{ trained}","d_{out} \text{ per key/value projection},\ d_{ff} \text{ per FFN}",outputs of key/value projections and inputs of the FFN down-projection (feedforward_modules),diagonal scaling: \(W=\mathrm{diag}(l)W_0\) (output rows) or \(W=W_0\mathrm{diag}(l)\) (FFN input columns),yes,Diagonal scalings fold into the rows/columns of \(W_0\).,Scaling vectors \(l\) initialized to 1.,Learn only rescaling vectors that inhibit or amplify inner activations; with the T-Few recipe this beats in-context learning cheaply.,Paper reports T-Few (T0 + (IA)\(^3\)) outperforming GPT-3 in-context learning and reaching super-human performance on RAFT.,True,method,R-action,Lin,"(IA)\(^3\) is the left (or right) torus acting on \(W_0\); its orbit closure is linear, keeps the zeros of \(W_0\), and fixes row lines while scales are non-zero (Thm II.5(4)). It is the lowest rung \(W_0\odot(J+Z)\) of the torus ladder, a sub-object of HiRA\(_1\) at a non-default pointing, and it merges only into a neighbouring box by the calculus of Thm VI.3.",liu2022few,R,Lin,regular,none,MonxGL,M1->,idempotent
ln-tuning,LN Tuning,LayerNorm Tuning,Tuning LayerNorm in Attention: Towards Efficient Multi-Modal LLM Finetuning,Zhao et al.,2023,ICLR 2024,2312.11420,https://arxiv.org/abs/2312.11420,,True,LNTuningConfig,selective,"\mathrm{LN}(x)=\gamma\odot\frac{x-\mu(x)}{\sigma(x)}+\beta,\ \ \text{only } \gamma,\beta\in\mathbb{R}^{d} \text{ of (attention-block) LayerNorms trained}","2d \text{ per LayerNorm } (\gamma,\beta);\ d \text{ per RMSNorm (no } \beta)",LayerNorm gains and biases,"per-channel affine rescaling/shift of normalized activations (diagonal), applied by training existing LayerNorm parameters",yes,Only existing parameters change; the architecture is untouched.,Trivially identity: starts from the pretrained \(\gamma\) and \(\beta\).,Turning an LLM into a multimodal LLM is largely a domain-adaptation problem that LayerNorm parameters alone can absorb.,"Paper reports, on 13B MLLMs, about 20% better average performance than LoRA across five multimodal benchmarks with 41.9% fewer trainable parameters and 17.6% less GPU memory.",True,method,R-selective,Lin,"LN-tuning is a selective sub-object of full fine-tuning: it frees the coordinates \((\gamma,\beta)\) of the norm layers. By norm absorption (R6) a pre-norm gain is an input-side scaling of the consuming projections, tied across all of them: the transpose of (IA)\(^3\)'s output scaling.",zhao2023tuning,R,Lin,regular,none,MonxGL,M1->,idempotent
loha,LoHa,LoHa (Low-rank adaptation with Hadamard product; FedPara parameterization),FedPara: Low-Rank Hadamard Product for Communication-Efficient Federated Learning,Hyeon-Woo et al.,2021,ICLR 2022,2108.06098,https://arxiv.org/abs/2108.06098,https://github.com/KohakuBlueleaf/LyCORIS,True,LoHaConfig,additive-weight,"W = W_0 + \gamma\,(B_1A_1)\odot(B_2A_2),\quad B_k\in\mathbb{R}^{d_{out}\times r},\ A_k\in\mathbb{R}^{r\times d_{in}}\ (k=1,2),\ \gamma=\alpha/r;\ W_0\ \text{frozen},\ A_1,A_2,B_1,B_2\ \text{trained}",2r(d_{in}+d_{out}),any linear or convolutional layer; popular on Stable Diffusion UNet/text-encoder (LyCORIS),"Hadamard (entrywise) product of two rank-\(r\) matrices; \(\mathrm{rank}(\Delta W)\le r^2\) (FedPara Prop. 1) at the parameter cost of a rank-\(2r\) LoRA. Equivalently \((B_1\odot_r B_2)(A_1^{\top}\odot_r A_2^{\top})^{\top}\): a rank-\(r^2\) factorization through row-wise Khatri-Rao products. Conv kernels can use a Tucker-style core variant (FedPara Prop. 3, use_effective_conv2d).",yes,\(\Delta W\) is an explicit dense \(d_{out}\times d_{in}\) matrix that can be added to \(W_0\) after training.,HF PEFT: three factors Kaiming-uniform and one (hada_w2_b) zero so \(\Delta W = 0\); the original LyCORIS code uses normal init with one factor zeroed.,"Entrywise-multiplying two low-rank matrices multiplies their ranks, so a LoRA-sized budget yields an update of rank up to \(r^2\). Proposed for communication-efficient federated learning (FedPara) and turned into a fine-tuning adapter by LyCORIS.",FedPara matches original-layer accuracy with 3-10x lower federated communication; as a PEFT adapter LoHa is benchmarked mainly for text-to-image customization in the LyCORIS study (ICLR 2024).,True,method,R-additive,Cone,"LoHa is the Hadamard (copy-spider) composite of two LoRA cones; the face-splitting map exhibits it as factoring through \(\mathrm{LoRA}_{r_1r_2}\). It reaches high rank on a thin curved variety, because a whole two-sided torus is spent on gauge: rank is a cut, dimension a volume. Its Hadamard product involves no \(\theta_0\), so it is filed under R-additive (HiRA is the R-Hadamard row).",hyeonwoo2021fedpara,R,Cone,apex,GLxTorus,MonxMon,M1,span
lokr,LoKr,LoKr (Low-rank adaptation with Kronecker product),Navigating Text-To-Image Customization: From LyCORIS Fine-Tuning to Model Evaluation,Yeh et al.,2023,ICLR 2024,2309.14859,https://arxiv.org/abs/2309.14859,https://github.com/KohakuBlueleaf/LyCORIS,True,LoKrConfig,additive-weight,"W = W_0 + \gamma\,C\otimes(BA),\quad C\in\mathbb{R}^{u_p\times u_q},\ B\in\mathbb{R}^{v_p\times r},\ A\in\mathbb{R}^{r\times v_q},\ u_pv_p=d_{out},\ u_qv_q=d_{in};\ W_0\ \text{frozen},\ C,B,A\ \text{trained (C optionally factorized: decompose\_both)}","u_pu_q + r(v_p+v_q)\ \text{(right factor factorized, default when } r<\max(v_p,v_q)/2\text{)};\ r(u_p+u_q)+r(v_p+v_q)\ \text{(decompose\_both)};\ u_pu_q+v_pv_q\ \text{(neither factorized)}",any linear or convolutional layer; widely used for diffusion-model customization,"Kronecker product of a small dense block \(C\) with a low-rank block \(BA\): \(\mathrm{rank}(\Delta W)=\mathrm{rank}(C)\,\mathrm{rank}(BA)\le \min(u_p,u_q)\,r\). Block sizes: paper Eq. 5 sets \(u_p\) = largest divisor of \(d_{out}\) not exceeding \(\min(f, \sqrt{d_{out}})\); HF's factorization() returns \((f, d/f)\) when \(f\) divides \(d\) and otherwise the divisor pair nearest \(\sqrt{d}\) subject to the smaller factor \(\le f\) (default \(f = -1\), i.e. near-square).",yes,\(C \otimes (BA)\) is materialised as a dense matrix of \(W_0\)'s shape and added to it.,"HF PEFT zero-initializes the left Kronecker factor \(C\) (lokr_w1) and Kaiming-initializes the right factors, so \(\Delta W = 0\).","Ranks multiply under the Kronecker product, so a tiny dense block times a low-rank block gives a high-rank, block-structured update with very few parameters.","Evaluated alongside LoRA and LoHa in the LyCORIS study of Stable Diffusion customization, which reports method-dependent trade-offs in fidelity, diversity and controllability rather than a single winner.",True,method,R-additive,Cone,"LoKr is LoRA across a different cut of the same 4-leg tensor. The Van Loan-Pitsianis rearrangement \(\mathcal R\) transports it to a rank-one LoRA with a low-rank second factor, so 'ranks multiply' is a statement about the ordinary cut, and LoKr with small inner rank sits inside \(\mathrm{LoRA}_{\min(u_p,u_q)r'}\) (Thm II.11(e)).",yeh2023navigating,R,Cone,apex,GL,Pi,M1,span
miss,MiSS (formerly Bone),"Matrix Shard Sharing (successor of Block-Affine Adaptation, Bone)",MiSS: Revisiting the Trade-off in LoRA with an Efficient Shard-Sharing Structure,Kang & Yin,2024,ICLR 2026,2409.15371,https://arxiv.org/abs/2409.15371,https://github.com/Joluck/MiSS,True,MissConfig (init_weights=True | 'bat' | 'mini'); BoneConfig removed in v0.19.0,additive-weight,"W=W_0+\Delta W,\ \ \Delta W=[\,D\ D\ \cdots\ D\,]=D\,(\mathbf{1}^\top_{d_{in}/r}\otimes I_r),\ D\in\mathbb{R}^{d_{out}\times r};\ \text{equivalently } \Delta W\,x=D\sum_{j=1}^{d_{in}/r}x^{(j)},\ x^{(j)}\in\mathbb{R}^{r} \text{ the } j\text{-th input shard}","r\,d_{out}",any linear layer,shard sharing: one \(d_{out}\times r\) matrix replicated across the \(d_{in}/r\) input shards (rank \(\le r\)). Optional modes: 'bat' (Bone-style block-affine \(W_0\)-dependent update \(W_{blk} D + D\)) and 'mini' (\(D\) shared across output groups of size mini_r),yes,expand(D) is a fixed dense matrix after training.,\(D = 0\).,"A single small matrix shared across input shards keeps LoRA-like expressivity with lower compute, memory and no expensive initialization.",Paper reports Llama2-7B GSM8K 48.16 vs 40.75 for LoRA and MATH 8.58 vs 5.22.,True,method,R-additive,Lin,"MiSS (balance mode) is isomorphic to LoRA-FA with the frozen summing projection \(\mathbf 1^\top_{d_{\rm in}/r}\otimes I_r\): a linear sub-object of LoRA pointed at \((0,\mathbf 1^\top\otimes I_r)\) whose covariance is the imposed shard structure \(\Pi\). Its BAT mode \((W_{\rm blk}+I)D\) is still linear in \(D\) but depends on \(W_0\), so it is not additive.",kang2024miss,R,Lin,regular,none,Pi,M1,idempotent
multitask-prompt-tuning,MPT,Multitask Prompt Tuning,Multitask Prompt Tuning Enables Parameter-Efficient Transfer Learning,Wang et al.,2023,ICLR 2023,2303.02861,https://arxiv.org/abs/2303.02861,,True,MultitaskPromptTuningConfig,input-or-activation-augmentation,"P_k=P^*\odot(u_kv_k^\top),\ \ P^*\in\mathbb{R}^{\ell\times d} \text{ shared (distilled from source tasks)},\ u_k\in\mathbb{R}^{\ell},v_k\in\mathbb{R}^{d};\ \text{input}=[P_k;E(x)]",\ell d+\ell+d \text{ per target task},input embedding sequence,soft prompt = Hadamard product of a shared prompt matrix and a task-specific rank-one matrix,no,Prompt tokens extend the input sequence; they are not a weight change.,Not an identity (adds tokens); target prompts initialized from the distilled shared source prompt.,Distill many source-task prompts into one shared prompt and adapt it to each target task with a cheap multiplicative rank-one update.,Paper reports SuperGLUE average 74.1 vs 57.8 for vanilla prompt tuning while tuning 0.035% task-specific parameters.,True,method,E0,Fun,"With the shared prompt also trained, \(\rho(P^*,u,v)=P^*\odot uv^\top\) is a Hadamard reparametrisation of prompt tuning: its image is all of \(\mathbb R^{\ell\times d}\) and its gauge is the torus \((\mathbb R^\times)^\ell\times(\mathbb R^\times)^d\). It is expressively equal to prompt tuning and differs only in the cometric and in the pointing at the distilled \(P^*\).",wang2023multitask,E0,Fun,unpointed,torus,GLxGL,Minf,
oft,OFT,Orthogonal Finetuning,Controlling Text-to-Image Diffusion by Orthogonal Finetuning,Qiu et al.,2023,NeurIPS 2023,2306.07280,https://arxiv.org/abs/2306.07280,https://github.com/Zeju1997/oft,True,OFTConfig,multiplicative-weight,"W=W_0R^\top,\ \ R=\mathrm{blockdiag}(R_1,\dots,R_n)\in O(d_{in}),\ R_i=(I+Q_i)(I-Q_i)^{-1},\ Q_i^\top=-Q_i\in\mathbb{R}^{b\times b},\ n=d_{in}/b;\ \text{COFT: }\|Q\|\le\epsilon","n\,\tfrac{b(b-1)}{2}=\tfrac{d_{in}(b-1)}{2} \ \ (\text{or one shared block if block\_share})","linear, Conv2d and Embedding layers in PEFT (rotation of the input space of \(W_0\))","block-diagonal orthogonal \(R\in O(d_{in})\) (Cayley-parameterized) multiplying \(W_0\), preserving hyperspherical energy (pairwise angles between neurons)",yes,\(W_0 R^T\) is a dense matrix that replaces \(W_0\).,"\(Q = 0\), so \(R = I\).","Fine-tune by rotating neurons rather than adding to them, which provably preserves the pairwise angular structure of pretrained weights.",Paper reports better generation quality and faster convergence than existing methods on subject-driven and controllable text-to-image generation.,True,method,R-action,Orb,"OFT is an action-type object \(\rho(Q)=W_0\,C(Q)^\top\) whose image is an orbit of the block-orthogonal group. It can never change \(K_{\rm out}\), the spectrum or the block partial Grams (Cor II.6), however often it is re-merged. Its expressivity is that of a group orbit, regular at \(\theta_0\), with the block normaliser as covariance.",qiu2023controlling,R,Orb,regular,none,GLxCO,M1,idempotent
oftv2,OFTv2,Orthogonal Finetuning v2 (input-centric OFT with Cayley-Neumann parameterization; QOFT for quantized models),Orthogonal Finetuning Made Scalable,Qiu et al.,2025,EMNLP 2025,2506.19847,https://arxiv.org/abs/2506.19847,,True,OFTConfig (use_cayley_neumann=True is the default; num_cayley_neumann_terms=5),multiplicative-weight,"h = W_0\,(R^{\top}x),\quad R=\operatorname{diag}(R_1,\dots,R_r),\ R_i=(I+Q_i)\Big(I+\sum_{k=1}^{K}Q_i^{k}\Big)\approx(I+Q_i)(I-Q_i)^{-1},\ Q_i=-Q_i^{\top}\in\mathbb{R}^{b\times b};\ \text{QOFT: } h=\mathrm{Dequant}(W_q)\,(R^{\top}x);\ W_0 \text{ (or } W_q) \text{ frozen}","\tfrac{d_{in}(b-1)}{2},\ b=d_{in}/r",any linear layer (input activations are rotated before the frozen matmul); works on top of quantized base weights,"the same block-diagonal (now only approximately) orthogonal action as OFT, evaluated as an action on the input vector \(x\) (two matrix-vector products, \(O(nd + d^2)\)) instead of on \(W_0\) (matrix-matrix, \(O(nd^2)\)). The truncated Neumann series makes the Cayley map only approximately orthogonal.",yes,"For a full-precision base, \(R\) can be folded into the weight (\(W_0 R^T\)); for QOFT, merging requires dequantizing and re-quantizing the merged weight.",\(Q = 0\) gives \(R = I\).,"Rotate the input instead of the weight, which cuts OFT's cost from cubic to quadratic. Replace the matrix inverse in the Cayley transform with a truncated Neumann series. Because \(R\) acts on activations, the method runs on any quantized backbone (QOFT).","Reports up to 10x faster training and 3x lower GPU memory than the original OFT, and better results than QLoRA when fine-tuning quantized Qwen2.5 models (0.5B-72B) for math reasoning; also applied to Stable Diffusion 3.5.",True,method,R-action,Orb,"OFTv2 (HF's default OFTConfig) is OFT with the Cayley map replaced by its truncated Neumann series, \(R=C(Q)(I-Q^4)\). This is a quasi-orthogonal action whose image leaves the \(K_{\rm out}\) level set at order \(\|Q\|^4\) and whose rebasing closure is \(\prod GL^+(b)\) rather than \(\prod SO(b)\). With exact Cayley it is the same object as OFT.",qiu2025orthogonal,R,Orb,regular,none,GLxCO,M1,group
osf,OSF,Orthogonal Subspace Fine-tuning (adaptive-SVD constrained full fine-tuning),Sculpting Subspaces: Constrained Full Fine-Tuning in LLMs for Continual Learning,Nayak et al.,2025,ICLR 2026,2504.07097,https://arxiv.org/abs/2504.07097,https://github.com/Red-Hat-AI-Innovation-Team/orthogonal-subspace-learning,True,OSFConfig,hybrid,"W_0=U_{hi}\Sigma_{hi}V_{hi}^\top+U_{lo}\Sigma_{lo}V_{lo}^\top;\ U_{hi},\Sigma_{hi},V_{hi} \text{ frozen};\ U_{lo},\Sigma_{lo},V_{lo} \text{ trained with projected gradients } \nabla_{U_{lo}}\leftarrow(I-U_{hi}U_{hi}^\top)\nabla_{U_{lo}},\ \nabla_{V_{lo}^\top}\leftarrow\nabla_{V_{lo}^\top}(I-V_{hi}V_{hi}^\top)","k(d_{out}+d_{in}+1),\ \ k=\min(d_{in},d_{out})-\text{effective\_rank}",any linear layer ('all-linear' supported),SVD split of \(W_0\): top singular subspace (important for prior tasks) frozen; minor singular components trained with gradients projected orthogonally to the frozen subspace,yes,The frozen and trained SVD components recombine into one dense \(W\).,"Trainable components initialized from \(W_0\)'s own SVD, so \(W = W_0\) at init.","For continual learning, update only directions orthogonal to the dominant singular subspaces of earlier tasks, giving full-rank-capacity updates with little forgetting.",Paper reports 71.3 vs 69.6 (O-LoRA) on the 15-task T5-Large benchmark and 48.4 vs 41.3 on TRACE with LLaMA-2 7B.,True,method,R-additive,Lin,"OSF is a split (MiLoRA-type) pointing of \(\mathrm{LoRA}_k\) with \(k\) half the rank, plus a backward projection that confines the factors to the complements of the frozen top singular subspaces. Under that projection its reach is the linear minor block \(\theta_0+U_\perp(\cdot)V_\perp^\top\) of the SVD frame, the exact dual of PSOFT, which adapts only inside the principal block.",nayak2025sculpting,R,Lin,regular,nonlinear,OxO,M1,idempotent
p-tuning,P-Tuning,P-Tuning (continuous prompts with a prompt encoder),"GPT Understands, Too",Liu et al.,2021,AI Open 2024,2103.10385,https://doi.org/10.1016/j.aiopen.2023.08.012,https://github.com/THUDM/P-tuning,True,PromptEncoderConfig,input-or-activation-augmentation,"T=\{[P_{0:i}],\,x,\,[P_{i+1:j}],\,y,\,[P_{j+1:k}]\}\ \longmapsto\ \{h_0,\dots,h_i,\,e(x),\,h_{i+1},\dots,h_j,\,e(y),\,h_{j+1},\dots,h_k\},\quad (h_0,\dots,h_k)=f_\psi(P_0,\dots,P_k)\ \ (f_\psi:\ \text{LSTM or MLP prompt encoder});\ \ P,\psi\ \text{trained, LM frozen (or tuned)}","\ell d+|\psi|\ \text{(encoder dropped after training, leaving } \ell d\text{)}","input embedding sequence, at arbitrary template positions interleaved with discrete anchor tokens","Virtual-token embeddings produced by a shared reparametrization network \(h=f_\psi(P)\) (bi-LSTM or MLP) that models dependencies between prompt tokens, inserted at template positions and concatenated with discrete prompt/anchor tokens.",no,The continuous prompt tokens lengthen the input; only the encoder can be discarded (its outputs cached as embeddings).,"No identity: the continuous prompt embeddings are freshly (randomly) initialized and concatenated with discrete prompt/anchor tokens, which the paper finds improves performance. The paper ablates LSTM, MLP and identity (EMB) prompt encoders and finds EMB unstable.","Make prompts continuous and let a small encoder couple the prompt tokens, which stabilizes training against the large variance of discrete prompts and lets GPT-style models compete with BERT-style models on NLU.",With a frozen LM on LAMA knowledge probing P-Tuning beats manual prompts by 20+ points and searched prompts by 9 points; with tuned LMs it beats PET on SuperGLUE in both fully supervised and few-shot settings.,True,method,E0,Fun,"Prompt tuning precomposed with a 2-cell \(\sigma=f_\psi\) (LSTM or MLP encoder): the prompt image is unchanged and \(\sigma\) only replaces the flat metric on prompt space by the point-dependent \(D\sigma\,\Lambda\,D\sigma^\top\) (Obs III.2). The encoder is a training device; the stored object is a soft prompt.",liu2021gpt,E0,Fun,unpointed,nonlinear,GLxGL,Minf,
peanut,PEANuT,Parameter-Efficient Adaptation with Weight-aware Neural Tweakers,PEANuT: Parameter-Efficient Adaptation with Weight-aware Neural Tweakers,Zhong et al.,2024,KDD 2026,2410.01870,https://arxiv.org/abs/2410.01870,https://github.com/yibozhong/peanut,True,PeanutConfig,additive-weight,"W=W_0+f(W_0;\theta),\ \ f(W_0;\theta)^\top=\sigma(W_0^\top\Theta_1)\,\Theta_2,\ \Theta_1\in\mathbb{R}^{d_{out}\times r},\ \Theta_2\in\mathbb{R}^{r\times d_{out}} \ (\text{paper writes } \sigma(W_0\Theta_1)\Theta_2 \text{ with } W_0\in\mathbb{R}^{d_{in}\times d_{out}};\ \text{optional depth: extra } r\times r \text{ encoder/decoder layers with residuals})","2r\,d_{out}+2\,\text{depth}\,r^2",nn.Linear layers,nonlinear weight-conditioned update: a small MLP applied to the columns of \(W_0\) (one \(d_{out}\)-vector per input feature) produces \(\Delta W\) (rank \(\le r\)),yes,\(f(W_0)\) is computed once after training and added to \(W_0\).,Output projection \(\Theta_2\) (\(B\)) zero-initialized.,Generate the update as a nonlinear function of the frozen weight itself instead of a weight-agnostic linear factorization.,Paper reports consistent gains over strong PEFT baselines on four benchmarks spanning 20+ NLP and vision datasets at comparable or fewer parameters.,True,method,R-additive,Cone,"PEANuT is a \(\theta_0\)-dependent object over LoRA: \(\rho=\theta_0+\Theta_2^\top\sigma(\Theta_1^\top\theta_0)\) factors through LoRA by \(h=(\Theta_2^\top,\sigma(\Theta_1^\top W_0))\), so it is LoRA's cone with a non-linear chart whose \(A\)-frame is computed from the base point (the whole cone when \(d_{out}\ge d_{in}\), a sub-cone when \(d_{out}+r\le d_{in}\)). Conversely, with \(W_0\) of full column rank, LoRA\(_r\) embeds in PEANuT\(_{2r}\) through \(\sigma(x)-\sigma(-x)=x\), which holds for ReLU, GELU and SiLU alike.",zhong2024peanut,R,Cone,apex,nonlinear,MonxGL,M1,span
prefix-tuning,Prefix-Tuning,Prefix-Tuning,Prefix-Tuning: Optimizing Continuous Prompts for Generation,Li & Liang,2021,ACL 2021,2101.00190,https://aclanthology.org/2021.acl-long.353/,https://github.com/XiangLi1999/PrefixTuning,True,PrefixTuningConfig,input-or-activation-augmentation,"h_i=\begin{cases}P_\theta[i,:] & i\in P_{\mathrm{idx}}\\ \mathrm{LM}_\phi(z_i,h_{<i}) & \text{otherwise}\end{cases};\quad \text{equivalently, in each layer } l=1,\dots,L:\quad \mathrm{head}^{(l)}=\mathrm{Attn}\big(XW_q^{(l)},\,[P_k^{(l)};XW_k^{(l)}],\,[P_v^{(l)};XW_v^{(l)}]\big),\quad P_k^{(l)},P_v^{(l)}\in\mathbb{R}^{\ell\times d};\quad \text{training: } P_\theta[i,:]=\mathrm{MLP}_\theta(P'_\theta[i,:]),\quad P'_\theta\in\mathbb{R}^{\ell\times k};\quad \phi\ (W_0)\ \text{frozen}","2L\ell d\ \text{(stored, one key and one value prefix per attention layer of a decoder-only LM; an encoder-decoder prefixes each attention stack)};\ \ \ell k+|\mathrm{MLP}_\theta|\ \text{during training (MLP discarded afterwards)}",keys/values at every attention layer (decoder; encoder and decoder for enc-dec models in the paper),"Learned key/value vectors prepended at every layer, i.e. a learned initial KV-cache state of length \(\ell\). By He et al. (2022) this is equivalently a gated parallel attention-adapter: \(h \leftarrow (1-\lambda(x))\,h+\lambda(x)\,\mathrm{softmax}(xW_qP_k^\top)P_v\), with gate \(\lambda(x)\) = attention mass on the prefix.",no,The prefix adds \(\ell\) extra key/value slots to every attention layer (extra attention cost per token); it can be served as a cached prefix but not folded into \(W_0\).,"No exact identity: any prefix diverts attention mass \(\lambda(x)>0\) away from the content. HF PEFT's init_weights='zero' zeroes keys and values, which still rescales attention outputs by \(1-\lambda(x)\). Li & Liang initialize the prefix with activations of real (preferably task-relevant) words, which substantially helps in low-data settings; direct optimization of \(P\) is unstable, hence the MLP reparametrization.","Optimize a short continuous 'context' that every token can attend to at every layer, steering a frozen LM like a prompt would but with far more expressive power than input embeddings alone (discrete prompt < embedding-only < prefix-tuning).","With 0.1% of parameters, GPT-2 prefix-tuning is comparable to fine-tuning on table-to-text (E2E, WebNLG, DART), outperforms it in low-data settings and extrapolates better to unseen categories, but trails full fine-tuning on XSUM summarization with BART.",True,method,E0,Fun,"An unpointed extension on the key/value wire of every attention layer: by Thm VI.5(b) each layer becomes the gated parallel adapter \((1-\lambda_q)\mathrm{Attn}_q(C)+\lambda_q\mathrm{Attn}_q(P)\), so it has no neutral point and is not box-mergeable. Li–Liang's MLP is a training 2-cell that leaves the prefix image unchanged (Obs III.2).",li2021prefix,E0,Fun,unpointed,nonlinear,GLxGL,Minf,
prompt-tuning,Prompt Tuning,Prompt Tuning (soft prompts),The Power of Scale for Parameter-Efficient Prompt Tuning,Lester et al.,2021,EMNLP 2021,2104.08691,https://arxiv.org/abs/2104.08691,https://github.com/google-research/prompt-tuning,True,PromptTuningConfig,input-or-activation-augmentation,"\text{input}=[P;\,E(x)],\ \ P\in\mathbb{R}^{\ell\times d} \text{ trained},\ \text{model frozen}","\ell\,d",input embedding sequence,learned soft-token embeddings prepended to the input,no,Soft tokens extend the input; nothing to fold into weights.,"Not an identity (adds tokens); initialized randomly, from text (vocab embeddings), or by random discrete vocab sampling (PEFT >= 0.18).","With large enough models, a few learned input embeddings match full fine-tuning.",Paper reports prompt tuning closing the gap to model tuning as T5 scales past billions of parameters.,True,method,E0,Fun,"The basic unpointed extension: soft tokens on the input sequence wire, \(\tilde f(\theta_0,P,x)=f(\theta_0,[P;x])\), with no \(P\) reproducing \(f(\theta_0,-)\). In causal decoders it maps into deep prompt tuning by \(p\mapsto(K_j(p),V_j(p))_j\), an arrow of the unpointed slice over the realisation, not of \(\mathsf{Meth}\) (Thm VI.5(e)).",lester2021power,E0,Fun,unpointed,none,GLxGL,Minf,
psoft,PSOFT,Principal Subspace Orthogonal Fine-Tuning,Efficient Orthogonal Fine-Tuning with Principal Subspace Adaptation,Wu et al.,2025,ICLR 2026,2505.11235,https://arxiv.org/abs/2505.11235,https://github.com/fei407/PSOFT,True,PsoftConfig,multiplicative-weight,"W=W_{res}+B\,\operatorname{diag}(\beta)\,R^{\top}\operatorname{diag}(\alpha)\,A,\quad W_0=U\Sigma V^{\top},\ A=V_{:,:r}^{\top}\in\mathbb{R}^{r\times d_{in}}\ \text{(row-orthonormal)},\ B=U_{:,:r}\Sigma_{:r,:r}\in\mathbb{R}^{d_{out}\times r},\ W_{res}=W_0-BA\ \text{(all frozen)};\ R\in SO(r)\ \text{(Cayley or Cayley-Neumann)},\ \alpha,\beta\in\mathbb{R}^{r}\ \text{trained};\ \alpha=\beta=\mathbf{1}\Rightarrow W=W_0\big(I+A^{\top}(R^{\top}-I)A\big)",\tfrac{r(r-1)}{2}+2r,any linear layer; acts on the principal input subspace of \(W_0\),"OFT restricted to the \(r\)-dimensional principal input subspace. \(O(r)\) acts on \(W_0\) from the right through the embedding \(R \mapsto I + A^\top(R-I)A\) in \(O(d_{in})\), which is the identity on the orthogonal complement. Two diagonal scalings (\(\alpha\), \(\beta\)) gradually relax exact orthogonality.",yes,"The adapted weight \(W_{res} + B\,\mathrm{diag}(\beta)\,R\,\mathrm{diag}(\alpha)\,A\) is a fixed dense matrix after training.",\(Q = 0\) (so \(R = I\)) and \(\alpha = \beta = 1\) give \(W = W_0\) exactly.,"Confine orthogonal fine-tuning to the principal subspace of \(W_0\) found by SVD. An \(r\times r\) rotation plus two tunable scaling vectors then preserves the subspace geometry the way OFT does, with LoRA-like memory and far fewer parameters.","Across 35 NLP/CV tasks and four backbones, avoids the out-of-memory failures of BOFT and GOFTv2/qGOFTv2, gives up to 18x higher parameter efficiency than BOFT, OFTv2 and LoRA variants on the smaller models, the best VTAB-1K average (73.4%), +2.28% over LoRA on LLaMA-3.2-3B GSM8K and +1.4% over LoRA on LLaMA-3.1-8B commonsense reasoning.",True,method,R-action,Sat,"PSOFT is OFT restricted to the principal singular block and saturated by two diagonal tori: \(\Delta W=U_r\Sigma_r(D_\beta C(Q)^\top D_\alpha-I)V_r^\top\). Its image lies in LoRA-XS's linear core (hence in PiSSA's cone), and its default pointing is an apex, because the two relaxation tori are first-order indistinguishable at \(R=I\).",wu2025efficient,R,Sat,apex,scalar,OxO,M1,group
pvera,PVeRA,Probabilistic Vector-Based Random Matrix Adaptation,PVeRA: Probabilistic Vector-Based Random Matrix Adaptation,Fillioux et al.,2025,WACV 2026,2512.07703,https://arxiv.org/abs/2512.07703,https://github.com/leofillioux/pvera,True,PveraConfig,additive-weight,"h = W_0x + \alpha\,\Lambda_b B\, z,\quad z = \mu + \epsilon\odot\sigma,\ \epsilon\sim\mathcal{N}(0,I),\quad [\mu;\sigma] = \Lambda_d A x;\ A\in\mathbb{R}^{2r\times d_{in}},\ B\in\mathbb{R}^{d_{out}\times r}\ \text{frozen random shared};\ d\in\mathbb{R}^{2r},\ b\in\mathbb{R}^{d_{out}}\ \text{trained};\ \mathcal{L}=\mathcal{L}_{task}+\beta\sum \mathrm{KL}(\mathcal{N}(\mu,\sigma^2)\,\|\,\mathcal{N}(0,I));\ \text{deterministic inference: } W = W_0 + \alpha\Lambda_b B\,\Lambda_{d_\mu}A_\mu",d_{out} + 2r,"linear layers (paper: \(W_q\), \(W_v\) of ViT); shared random matrices as in VeRA","VeRA with a stochastic (VAE-style reparameterised) rank-\(r\) bottleneck: the \(r\)-dim code is sampled from a Gaussian whose mean and std are VeRA-style scaled random projections of \(x\); KL prior on the code (HF PEFT reads the second half of \(\Lambda_d A x\) as a log-variance, \(\sigma = \exp(\tfrac12\log\sigma^2)\), and adds no explicit \(\alpha\))",conditional,With mean (deterministic) inference \(z = \mu\) the update is a fixed matrix that merges like VeRA; Monte-Carlo sampling mode at test time is input-dependent and cannot be merged.,"\(b = 0\) (HF: \(\lambda_b\) zeros), \(d = d_{initial}\) (0.1); so the adapter output is zero at init","Make VeRA's shared-random-basis bottleneck probabilistic so the adapter learns a distribution over adaptations, enabling uncertainty estimates while keeping VeRA's tiny footprint and mergeability.",Outperforms VeRA and the other benchmarked adapters (seven adapters in total in the comparison) on average on VTAB-1k with ViT backbones; deterministic (mean) inference keeps it mergeable.,True,method,R-additive,Cone,"PVeRA is VeRA times a variational coordinate: its merged map factors as \(\rho_{\rm VeRA}\circ\mathrm{pr}\), the \(\sigma\)-half of \(d\) never reaching \(\Theta\) and only shaping the stochastic training forward and the KL term. Under mean inference it is VeRA (toric cone, apex, scalar gauge); Monte-Carlo inference makes it a family over noise that cannot be merged.",fillioux2025pvera,R,Cone,apex,scalar,frame,M1,span
randlora,RandLoRA,RandLoRA: full-rank PEFT via scaled random bases,RandLoRA: Full-rank parameter-efficient fine-tuning of large models,Albert et al.,2025,ICLR 2025,2502.00987,https://arxiv.org/abs/2502.00987,https://github.com/PaulAlbert31/RandLoRA,True,RandLoraConfig,additive-weight,"\Delta W=\sum_{j=1}^{n}B_j\Lambda_jA\,\Gamma_j,\ \ B_j\in\mathbb{R}^{d_{out}\times r} \text{ and shared } A\in\mathbb{R}^{r\times d_{in}} \text{ frozen random},\ \Lambda_j\in\mathbb{R}^{r\times r},\ \Gamma_j \text{ trainable diagonal},\ n=\lceil\min(d_{in},d_{out})/r\rceil \ (\text{PEFT applies }\Gamma_j\text{ on the smaller dimension})","n\,\big(r+\min(d_{in},d_{out})\big)\ \approx\ \tfrac{d^2}{r}+d \text{ for } d_{in}=d_{out}=d",nn.Linear layers only (PEFT),"sum of \(n\) frozen random rank-\(r\) bases with trainable diagonal scalings on both sides, reaching full rank; parameter count grows as the basis rank shrinks",yes,The scaled sum of bases is a fixed dense matrix.,"PEFT sets \(\Lambda_j = 0\) and \(\Gamma_j\) to the constant \(1/\max(n, \min(d_{in},d_{out}))\) (in practice \(1/\min(d_{in},d_{out})\)), so \(\Delta W = 0\).",Separate parameter count from rank: combine many frozen random low-rank bases with learned diagonal scalings to get full-rank updates cheaply.,"Paper reports RandLoRA overtaking LoRA as the parameter budget grows on vision (DinoV2, CLIP), vision-language and commonsense reasoning (e.g. LLaMA3-8B).",True,method,R-additive,Cone,"RandLoRA is an \(\oplus\)-sum of \(n=\lceil\min(m,n)/r\rceil\) two-sided-diagonal random-frame terms \(B_j\Lambda_jA\Gamma_j\), with one scalar slide per term (a torus of dimension \(n\)) and \(\dim S_1=nr\) at \(\Lambda=0\); the sum reaches full rank and its rebasing span is \(\Theta\). It factors through LoRA\(_{nr}\) at a degenerate pointing whose stacked \(A_0\) repeats rows.",albert2025randlora,R,Cone,apex,torus,frame,M1,span
road,RoAd,2D Rotary Adaptation,"3-in-1: 2D Rotary Adaptation for Efficient Finetuning, Efficient Batching and Composability",Liao & Monz,2024,NeurIPS 2024,2409.00119,https://arxiv.org/abs/2409.00119,https://github.com/BaohaoLiao/road,True,RoadConfig(variant='road_1'|'road_2'|'road_4'),multiplicative-weight,"W=RW_0,\ \ R=\mathrm{blockdiag}_i\Big(\alpha_i\begin{bmatrix}\cos\theta_i&-\sin\theta_i\\\sin\theta_i&\cos\theta_i\end{bmatrix}\Big) \text{ over output pairs};\ \ h=r_1\odot(W_0x)+r_2\odot\widehat{(W_0x)}","d_{out}\ (\text{RoAd}_1),\ 2d_{out}\ (\text{RoAd}_2),\ 4d_{out}\ (\text{RoAd}_4)",linear layers (outputs); works with bitsandbytes-quantized bases,"block-diagonal 2x2 scaled rotations applied to pairs of output dimensions, implemented element-wise",yes,\(R W_0\) is a dense matrix; unmerged it is cheap element-wise ops enabling mixed-adapter batches.,"\(\theta = 0\) and \(\alpha = 1\), so \(R = I\).","Fine-tuning mostly rotates representations, so learn tiny 2D rotations that are element-wise (batchable across adapters) and composable.",Paper reports matching or beating full fine-tuning on GLUE with <0.1% trainable parameters and 2x LoRA's throughput in heterogeneous multi-adapter batches.,True,method,R-action,Orb,"RoAd\(_1\) is (IA)\(^3\) over \(\mathbb C\): the torus \((\mathbb C^\times)^{m/2}\) of scaled 2D rotations acting on pairs of output neurons, with a linear orbit closure of dimension \(m\). It multiplies each pair's input Gram by \(\alpha_i^2\); RoAd\(_{2,4}\) enlarge the torus to the non-abelian block monoid \(M_2(\mathbb R)^{m/2}\).",liao20243,R,Orb,regular,none,MonxGL,M1,idempotent
shira,SHiRA,Sparse High Rank Adapters,Sparse High Rank Adapters,Bhardwaj et al.,2024,NeurIPS 2024,2406.13175,https://arxiv.org/abs/2406.13175,https://github.com/Qualcomm-AI-research/SHiRA,True,ShiraConfig,selective,"W = W_0 + M\odot\Delta W,\quad \|M\|_0 \approx 1\text{--}2\%\ \text{of } d_{out}d_{in}\ \big(\text{HF PEFT: } r(d_{in}+d_{out})\big),\quad M\in\{\text{Struct (rows/cols + diagonal)},\ \text{Rand},\ \text{WM: top-}|W_0|,\ \text{Grad: top-}|g|,\ \text{SNIP: top-}|g\odot W_0|\}",\text{paper: } 1\text{--}2\%\ \text{of each adapted matrix};\ \text{HF PEFT: } r(d_{in}+d_{out})\ \text{(budget matched to LoRA; the update itself is high-rank)},"any nn.Linear (e.g. attention projections of LLMs, UNet layers of SDXL)","fixed sparse, generally high-rank coordinate mask; SHiRA-Struct = diagonal (high-rank) plus a few full rows/columns (rank-1 part); non-overlapping SHiRA-Struct adapters are nearly orthogonal",yes,"The adapter overwrites only the masked entries of \(W_0\) (scatter), so it runs in fused mode at original cost while still allowing rapid switching.",\(\Delta W\) initialized to 0 (HF PEFT init_weights=True).,"Directly fine-tune 1-2% of the base weights through a static sparse mask; the update is high-rank, can be switched by overwriting a few entries, and multiple sparse adapters interfere less when fused.","On LLaMA-7B and LLaMA2-7B commonsense reasoning SHiRA is up to 2.7% better than LoRA, and on SDXL style adapters it reduces concept loss in multi-adapter fusion; loading is 5x-16x faster than LoRA fusion on CPU.",True,method,R-selective,Lin,"SHiRA is a coordinate sub-object of full fine-tuning, the linear method \(\Delta\mapsto W_0+M\odot\Delta\) (full FT with the complementary coordinates frozen at their base values). Its high rank is a cut property of the support, not of a factorisation.",bhardwaj2024sparse,R,Lin,regular,none,MonxMon,M1,idempotent
super-tuning,Super-Tuning (Super / Supra),Super-Tuning: sparse fine-tuning from activation-aware pruning saliency,Super-Tuning: From Activation-Aware Pruning to Sparse Fine-Tuning,Ilin et al.,2026,arXiv,2607.09287,https://arxiv.org/abs/2607.09287,https://github.com/vectozavr/SuperTuning,True,SupertuningConfig (r=None: Super; r>0: Supra hybrid; select_top=False: bottom-k),selective,"W=W_0+M\odot U\ \big(+\,\tfrac{\alpha}{r}BA \text{ in Supra}\big),\ \ M=\mathrm{TopK}\ \text{or}\ \mathrm{BottomK}(S),\ S_{ij}=|W_{0,ij}|\,\|X_{:,j}\|_2 \text{ (paper: Wanda score from a calibration pass) or } S_{ij}=|W_{0,ij}| \text{ (magnitude; the only option in PEFT)}","(1-\text{sparsity})\,d_{in}d_{out}\ \big(+\,r(d_{in}+d_{out}) \text{ for Supra}\big)",nn.Linear layers only (PEFT),sparse coordinate mask chosen by Wanda saliency (paper) or data-free weight magnitude (PEFT); Supra = sparse-plus-low-rank,yes,Sparse and low-rank deltas are fixed matrices that add into \(W_0\).,Sparse values \(U = 0\) and LoRA \(B = 0\).,"Reuse pruning saliency to choose an unrestricted-rank sparse trainable support at a fixed budget, optionally adding a low-rank part.",Paper reports Supra beating LoRA on Math17K (Llama-3.2-1B 62.23 vs 61.07; Meta-Llama-3-8B 79.12 vs 73.17).,True,method,R-selective,Lin,"A fixed coordinate mask \(W_0+M\odot U\) chosen once from saliency: a Lin method in the standard frame, the same object as SHiRA-WM for TopK magnitude and PaFi's mask for BottomK. Supra adds a LoRA summand (A5), which turns the germ into a cone at the apex.",ilin2026super,R,Lin,regular,none,MonxMon,M1,idempotent
tinylora,TinyLoRA,TinyLoRA (learning to reason in 13 parameters),Learning to Reason in 13 Parameters,Morris et al.,2026,arXiv,2602.04118,https://arxiv.org/abs/2602.04118,,True,TinyLoraConfig,additive-weight,"W=W_0+U_r\Sigma_r\Big(\sum_{i=1}^{u}v_iP_i\Big)V_r^\top,\ \ U_r,\Sigma_r,V_r \text{ from truncated SVD of } W_0 \text{ (frozen)},\ P_i\in\mathbb{R}^{r\times r} \text{ fixed random},\ v\in\mathbb{R}^{u} \text{ trained, optionally tied across modules} \ (\text{PEFT splits } \Sigma_r^{1/2} \text{ to both sides: } U_r\Sigma_r^{1/2}R\,\Sigma_r^{1/2}V_r^\top)","u \text{ per module, or } u \text{ for the whole model with full weight tying}","Linear, Embedding and Conv1D layers",LoRA-XS core \(R=\sum_i v_iP_i\) confined to a \(u\)-dimensional random subspace of \(r\times r\) matrices in the top-\(r\) singular frame of \(W_0\),yes,The update is a fixed rank-\(r\) matrix after training.,"PEFT default init_weights=True sets \(v = 0\), an exact no-op. init_weights='uniform' draws \(v \sim U(-0.02, 0.02)\).","With RL, reasoning can be unlocked by a handful of parameters projected through fixed random tensors into the principal singular frame.","Paper reports Qwen2.5-8B reaching 91% on GSM8K with 13 trained parameters under RL, and RL vastly outperforming SFT at tiny budgets.",True,method,R-additive,Lin,"TinyLoRA is a \(u\)-dimensional random linear subspace of LoRA-XS's \(r\times r\) core in the top-\(r\) SVD frame of \(W_0\): a linear method that maps into LoRA-XS and, composing with LoRA-XS\(\to\)PiSSA, into PiSSA. Full weight tying shares one \(v\) across modules, so the per-box covariance of Obs II.15 needs the same transformation on every tied box.",morris2026learning,R,Lin,regular,none,OxO,M1,idempotent
trainable-tokens,Trainable Tokens,Trainable Tokens (selective embedding-row tuning),,Hugging Face PEFT team,2025,"Hugging Face PEFT (software, no paper)",,https://huggingface.co/docs/peft/main/en/package_reference/trainable_tokens,https://github.com/huggingface/peft,True,TrainableTokensConfig; or LoraConfig(trainable_token_indices=[...]),selective,"E_{t,:}\leftarrow v_t\ (t\in\mathcal{T}),\ \ v_t\in\mathbb{R}^{d} \text{ trained, initialized to } E_{0,t,:};\ \text{other rows frozen (equivalently } E=E_0+\textstyle\sum_{t\in\mathcal{T}}e_t(v_t-E_{0,t,:})^\top)","|\mathcal{T}|\,d",rows of the input embedding (and tied LM head),sparse row mask on the embedding matrix,yes,Updated rows are written back into the embedding matrix.,New row values initialized to the existing token embeddings (no-op).,Train only the embeddings of new or special tokens (e.g. reasoning tokens) without full-embedding fine-tuning or a LoRA on the embedding.,PEFT docs report about 4 GiB VRAM saved on gemma-2-2b versus fully fine-tuning the embedding matrix.,True,method,R-selective,Lin,"LoRA-FB with frozen \(B=S_T\), the row selector of the chosen tokens: a Lin row mask on the embedding, regular and idempotent. It lies in the \(\mathrm T_B\) stratum of LoRA, not in the default \(\mathrm T_A\) one.",team2025trainable,R,Lin,regular,none,MonxGL,M1,idempotent
uni-lora,Uni-LoRA,Uni-LoRA: one vector for all LoRA parameters via an isometric projection,Uni-LoRA: One Vector is All You Need,Li et al.,2025,NeurIPS 2025,2506.00799,https://arxiv.org/abs/2506.00799,https://github.com/KaiyangLi1992/Uni-LoRA,True,UniLoraConfig,additive-weight,"\theta_D = P\,\theta_d,\quad \theta_D = \mathrm{Concat}_{\ell}\big(\mathrm{vec}(B^{\ell}),\mathrm{vec}(A^{\ell})\big)\in\mathbb{R}^{D},\ D=\sum_\ell r\,(d^{\ell}_{in}+d^{\ell}_{out}),\quad W_\ell = W_{0,\ell} + B^{\ell}A^{\ell};\ P\in\mathbb{R}^{D\times d}\ \text{frozen: each row one-hot at a uniformly random column, column } j \text{ scaled to } 1/\sqrt{n_j};\ \theta_d\in\mathbb{R}^{d}\ \text{trained (a single vector for the whole model)}","d\ \text{for the whole model (independent of } L,\ d_{in},\ d_{out},\ r)","all LoRA-adapted modules of the model jointly (global, cross-layer)","global random isometric projection from one vector to all LoRA factors: a random partition of the \(D\) LoRA entries into \(d\) groups, each group sharing one (\(1/\sqrt{n_j}\)-scaled) value; the projection framework \(\theta_D = P\theta_d\) also expresses LoRA (\(P=I\)), Tied-LoRA, VeRA, LoRA-XS and VB-LoRA",yes,"\(\theta_d\) determines fixed \(B\), \(A\) for every layer, and each \(BA\) merges into \(W_0\).","Not exact: \(\theta_d \sim U(-0.02, 0.02)\) (HF default; zeros avoided to prevent vanishing gradients), so \(B\), \(A\) are small and \(\Delta W = BA\) is near zero but non-zero","All parameter-efficient LoRA variants are projections of a low-dimensional vector into LoRA's parameter space and differ only in the projection matrix; a global, uniform, isometric random-grouping projection gives maximal cross-layer sharing at negligible cost (matching Fastfood).","Matches or outperforms state-of-the-art LoRA variants on GLUE, mathematical reasoning (GSM8K/MATH) and instruction tuning while training a single vector for the whole LLM; the random-grouping projection matches Fastfood at much lower cost.",True,method,R-additive,Cone,"Uni-LoRA is LoRA precomposed with a frozen random isometric linear map \(P:\mathbb R^d\to\mathbb R^D\): \(\rho=\rho_{\rm LoRA}\circ P\), a quadratic cone in \(\theta_d\) with \(S_1=0\) at \(\theta_d=0\), which is why it must start off the base point. Its 'projection framework' parametrises a family of objects by \(P\); different fixed \(P\) give incomparable images, so it supplies arrows into LoRA, not arrows from the methods it 'generalises'.",li2025uni,R,Cone,defect,none,frame,M1,span
vb-lora,VB-LoRA,Vector-Bank Low-Rank Adaptation,VB-LoRA: Extreme Parameter Efficient Fine-Tuning with Vector Banks,Li et al.,2024,NeurIPS 2024,2405.15179,https://arxiv.org/abs/2405.15179,https://github.com/leo-yangli/VB-LoRA,True,VBLoRAConfig,additive-weight,"W = W_0 + BA,\quad \text{every length-}b\text{ sub-vector } u \text{ of every column of } B \text{ and row of } A:\ u = \sum_{s=1}^{h} w_s(\sigma)\,\alpha_s,\ \ w(\sigma) = \mathrm{Softmax}\big(\mathrm{TopK}(\sigma,k)\big);\ \text{bank } \{\alpha_s\in\mathbb{R}^{b}\}_{s=1}^{h}\ \text{shared by all modules and layers (trained)},\ \sigma\in\mathbb{R}^{h}\ \text{logits per sub-vector (trained)}","\text{training: } \tfrac{r(d_{in}+d_{out})}{b}\,h\ \text{logits per matrix} + hb\ \text{shared};\ \ \text{stored } (k=2,\ \text{uint8 indices}): \tfrac{3}{2}\,\tfrac{r(d_{in}+d_{out})}{b}\ \text{per matrix} + hb\ \text{shared}","any linear layer, sharing across modules and layers (paper: query/value or all linear layers of RoBERTa, GPT-2, Llama2, Mistral, Gemma)","divide-and-share: LoRA's rank-one component vectors are split into sub-vectors, each a sparse top-\(k\) convex combination (simplex-constrained) of a globally shared vector bank -- a hierarchical, constrained CP/tensor factorisation spanning the whole model",yes,"After training the logits are discarded, the selected mixtures define fixed \(B\), \(A\), and \(BA\) merges into \(W_0\).","Not exact: bank \(\sim U(-0.02, 0.02)\) and logits \(\sim \mathcal{N}(0, 0.1^2)\) (HF defaults), so \(\Delta W\) is small but non-zero; an all-zero bank is avoided because it would give zero gradients","Treat all LoRA parameters of a model as sub-vectors drawn from one small learned vector bank via differentiable sparse top-\(k\) admixture, so storage stops scaling with model width, depth and number of modules.","On Llama2-13B instruction tuning VB-LoRA uses only 0.4% of LoRA's stored parameters yet scores higher on MT-Bench; competitive with or better than VeRA, Tied-LoRA and LoRA on GLUE, E2E (about 20% fewer stored parameters than VeRA) and GSM8K/MATH (Mistral-7B, Gemma-7B).",True,method,R-additive,Cone,"VB-LoRA assembles every length-\(b\) chunk of LoRA's factors as a top-\(k\) softmax mixture of one shared trainable bank: on each top-\(k\) chamber \(\rho=\rho_{\rm LoRA}\circ h\) with \(h\) of degree two, so the image is a cone with \(S_1=0\) at a zero bank and the method starts at a small defect. Its geometry is the imposed chunk partition \(\Pi\) (a reshape \(\mathbb R^m=\mathbb R^{m/b}\otimes\mathbb R^b\) tied across all boxes), not a random frame, since the bank is trained.",li2024vb,R,Cone,defect,none,Pi,M1,span
vera,VeRA,Vector-based Random Matrix Adaptation,VeRA: Vector-based Random Matrix Adaptation,Kopiczko et al.,2023,ICLR 2024,2310.11454,https://arxiv.org/abs/2310.11454,,True,VeraConfig,additive-weight,"h=W_0x+\Lambda_bB\Lambda_dAx,\ \ A\in\mathbb{R}^{r\times d_{in}},B\in\mathbb{R}^{d_{out}\times r} \text{ frozen random, shared across layers},\ \Lambda_d=\mathrm{diag}(d),\Lambda_b=\mathrm{diag}(b) \text{ trained}",r+d_{out},linear layers (shared \(A\)/\(B\) sliced to each layer's shape),frozen shared random low-rank bases with trainable diagonal scalings on both sides,yes,\(\Lambda_b B \Lambda_d A\) is a fixed low-rank matrix.,"\(b = 0\) (\(d = 0.1\)), so the update is zero.",Random projections are good enough as LoRA bases; only learn per-layer scaling vectors.,"Paper reports matching LoRA with 10x fewer trainable parameters on GLUE, E2E and instruction tuning.",True,method,R-additive,Cone,"VeRA is the toric cone \(\{\Lambda_bB\Lambda_dA\}\) of dimension \(m+r-1\): an A3 sub-object of LoRA-FA\((A)\) via \(h(b,d)=\Lambda_bB\Lambda_d\), with apex at \(b=0\), a one-scalar gauge and rebasing closure exactly LoRA-FA\((A)\) (Thm V.3, Cor 3). It is the NOLA construction with coordinate-structured bases \(E_{ii}B\), \(E_{jj}A\).",kopiczko2023vera,R,Cone,apex,scalar,frame,M1,span
waveft,WaveFT,Wavelet Fine-Tuning,Exploring Sparsity for Parameter Efficient Fine Tuning Using Wavelets for Vision,Bilican et al.,2025,arXiv,2505.12532,https://arxiv.org/abs/2505.12532,https://github.com/huggingface/peft,True,WaveFTConfig,additive-weight,"W = W_0 + \lambda\,\mathrm{IDWT}_{2D}(C),\quad C\in\mathbb{R}^{d_{out}\times d_{in}}\ \text{sparse: exactly } p \text{ entries chosen uniformly at random are trainable, the rest fixed at } 0","p\ \ (\text{any integer, e.g. far below LoRA's rank-1 count } d_{in}+d_{out})","any linear layer (paper: SDXL attention layers for personalisation, ViT-Base, RoBERTa on GLUE)","sparse coefficients in a 2-D discrete wavelet basis (semi-local receptive fields); SHiRA is the special case IDWT = identity; the linear, rank-preserving IDWT keeps the high-rank property of sparse updates",yes,The inverse wavelet transform of the trained sparse coefficients is a dense matrix added to \(W_0\).,"\(C = 0\), so \(W = W_0\) at the start of training (Gaussian init explored as an ablation)","Learn highly sparse updates in the wavelet domain: wavelets aggregate spatially coherent gradients (better coverage than raw weight sparsity) without the global interference of Fourier bases, giving fine-grained parameter control below LoRA's minimum.",On DreamBooth with SDXL WaveFT reaches 0.495 DINO similarity versus LoRA's 0.463 at equal parameter counts with higher diversity; on ViT-Base it reaches 78.29% average accuracy with 72K parameters versus LoRA's 77.58% at 581K; slightly below FourierFT on GLUE.,True,method,R-additive,Lin,"WaveFT is a mask in the 2-D wavelet frame, \(\Delta W=\lambda\,\mathrm{IDWT}_{2D}(C_\Omega)\), i.e. SHiRA transported by the invertible IDWT: a transport is an automorphism of the slice and not an arrow, so WaveFT and SHiRA are the same kind of object in different frames, with different images. With a separable DWT every atom is a rank-one outer product, so WaveFT factors through LoRA-FA with frozen wavelet frames.",bilican2025exploring,R,Lin,regular,none,Pi,M1,idempotent
dora,DoRA,Weight-Decomposed Low-Rank Adaptation,DoRA: Weight-Decomposed Low-Rank Adaptation,Liu et al.,2024,ICML 2024,2402.09353,https://arxiv.org/abs/2402.09353,https://github.com/NVlabs/DoRA,True,LoraConfig(use_dora=True),hybrid,"W_{i,:}=m_i\,\frac{(W_0+\tfrac{\alpha}{r}BA)_{i,:}}{\|(W_0+\tfrac{\alpha}{r}BA)_{i,:}\|_2},\ \ m\in\mathbb{R}^{d_{out}} \text{ trained (init } m_i=\|(W_0)_{i,:}\|_2),\ B,A \text{ as LoRA}",r(d_{in}+d_{out})+d_{out},"linear, embedding and Conv1d/2d/3d layers (PEFT DoRA variants)",magnitude-direction decomposition: learned per-output norm times the normalized (\(W_0\) + low-rank) direction (the paper's 'column-wise' norm in its transposed convention),yes,After training \(m\) and the normalized direction combine into one dense weight (merging recommended to remove the overhead).,"\(B = 0\) and \(m =\) row norms of \(W_0\), so \(W = W_0\).",Full fine-tuning changes magnitude and direction differently; let LoRA handle direction and a separate vector handle magnitude.,"Paper reports consistent gains over LoRA on commonsense reasoning (LLaMA family), visual instruction tuning and image/video-text understanding.",True,method,R-action,Sat,"DoRA's image is \(\mathrm{Diag}_m\cdot(W_0+\mathcal M_{\le r})\), exactly LoRA followed by a trainable output scale (Prop II.8): a torus saturation of LoRA's cone that inherits LoRA's apex and \(GL_r\) gauge. What it adds beyond that image is training geometry (the row-normalised metric, or HF's detached, non-gradient backward).",liu2024dora,R,Sat,apex,GL,MonxGL,M1,span
rslora,rsLoRA,Rank-Stabilized LoRA,A Rank Stabilization Scaling Factor for Fine-Tuning with LoRA,Kalajdzievski,2023,arXiv,2312.03732,https://arxiv.org/abs/2312.03732,,True,LoraConfig(use_rslora=True),additive-weight,"W=W_0+\gamma_r BA,\quad \gamma_r=\tfrac{\alpha}{\sqrt r}\ \ (\text{instead of }\tfrac{\alpha}{r}),\quad B\in\mathbb{R}^{d_{out}\times r},\ A\in\mathbb{R}^{r\times d_{in}}",r(d_{in}+d_{out}),any linear layer,same \(\Delta W=BA\) as LoRA; only the scalar multiplier changes so that activations and gradients stay \(\Theta(1)\) as \(r\) grows,yes,Identical to LoRA up to a scalar.,\(B=0\) as in LoRA.,"Shows that the standard \(\alpha/r\) scaling makes higher-rank adapters learn too slowly (gradient collapse), and that \(\alpha/\sqrt{r}\) is the rank-stable choice that lets larger ranks actually help.","Fine-tuning Llama 2 on 20k OpenOrca examples with \(r \in \{4,\dots,2048\}\): with \(\alpha/r\) larger ranks learn no better (gradient collapse), while with \(\alpha/\sqrt{r}\) perplexity keeps improving as \(r\) grows and gradient norms stay rank-stable.",True,method,R-additive,Cone,"rsLoRA is LoRA itself: the scale change is the isomorphism \(h=(\sqrt r\,B,A)\) of the slice, or equivalently a point of the hyperparameter torus (Thm III.10). Its content is a choice of trajectory \(r\mapsto(\alpha,\eta)\) across ranks, not a new object.",kalajdzievski2023rank,R,Cone,apex,GL,GLxGL,M1,span
pissa,PiSSA,Principal Singular values and Singular vectors Adaptation,PiSSA: Principal Singular Values and Singular Vectors Adaptation of Large Language Models,Meng et al.,2024,NeurIPS 2024,2404.02948,https://arxiv.org/abs/2404.02948,https://github.com/GraphPKU/PiSSA,True,"LoraConfig(init_lora_weights=""pissa"")  (or ""pissa_niter_[n]"" for fast randomized SVD)",additive-weight,"W_0=U S V^\top,\quad B=U_{[:,:r]}S_{[:r,:r]}^{1/2},\quad A=S_{[:r,:r]}^{1/2}V_{[:,:r]}^\top,\quad W^{res}=U_{[:,r:]}S_{[r:,r:]}V_{[:,r:]}^\top=W_0-BA,\qquad h=(W^{res}+BA)\,x;\ W^{res}\text{ frozen},\ A,B\text{ trained}",r(d_{in}+d_{out}),any linear layer (attention and MLP projections),"\(\Delta W\) factors through an \(r\)-dimensional space (\(\Delta W = BA - B_0A_0\)); the base point is moved from \(W_0\) to the rank-\((\min(d_{in},d_{out})-r)\) residual \(W^{res}\) and the adapter starts on the principal rank-\(r\) SVD component of \(W_0\)",yes,\(W^{res}+BA\) is a dense matrix of the original shape; to ship as a plain LoRA on the untouched \(W_0\) the paper converts it to \(\Delta W=[B'\ B][A';-A]\) at rank \(2r\).,Exact: \(W^{res}+B_0A_0=W_0\) by construction (data-free truncated SVD of \(W_0\); fast randomized SVD makes it seconds).,"Instead of zero-initializing the adapter, put the top-\(r\) singular triplets of \(W_0\) into the trainable factors and freeze the residual, so training updates the directions that matter most and converges faster; the residual also quantizes better (QPiSSA).","Reported consistent gains over LoRA on 11 models (184M-70B), e.g. GSM8K 53.22 vs 42.85 on LLaMA-2-7B and 77.78 vs 74.53 on Gemma-7B; QPiSSA on LLaMA-3-70B reaches 86.05 vs 81.73 for QLoRA.",True,method,R-additive,Cone*,"PiSSA is the Type II point \(P=[W_0]_r\) of the stratum \(\mathcal M_r\): the vertex moves to \(W_0-[W_0]_r\), \(\theta_0\) becomes a smooth point with full first-order reach, and the pointing is balanced at equal rates (Prop III.8). Measured from \(\theta_0\), its updates \(Y-P\) reach rank \(2r\), which is the PiSSA \(\to\) LoRA\(_{2r}\) conversion.",meng2024pissa,R,Cone*,regular,GL,OxO,M1,span
olora,OLoRA,Orthonormal Low-Rank Adaptation,OLoRA: Orthonormal Low-Rank Adaptation of Large Language Models,Büyükakyüz,2024,arXiv,2406.01775,https://arxiv.org/abs/2406.01775,,True,"LoraConfig(init_lora_weights=""olora"")",additive-weight,"W_0=QR,\quad B_0=Q_{[:,1:r]},\quad A_0=R_{[1:r,:]},\quad W^{res}=W_0-s\,B_0A_0,\qquad h=(W^{res}+s\,BA)\,x;\ W^{res}\text{ frozen},\ A,B\text{ trained}\ \ (s=\alpha/r,\text{ or }\alpha/\sqrt r\text{ with rsLoRA, in HF PEFT})",r(d_{in}+d_{out}),any linear layer,\(\Delta W\) factors through an \(r\)-dimensional space; \(B\) starts with orthonormal columns (first \(r\) columns of the QR factor \(Q\) of \(W_0\)) and \(A\) with the first \(r\) rows of the upper-triangular factor \(R\),yes,"\(W^{res}+s\,BA\) is an ordinary dense matrix of the original shape.","Exact as implemented in HF PEFT (olora_init subtracts \(s B_0A_0\) and the forward adds \(s BA\)); data-free QR of \(W_0\). Note the paper's Alg. 1 subtracts \(s B_0A_0\) but writes the forward as \(W+B A\), which is exact only for \(s=1\).","Use a cheap QR decomposition of \(W_0\) to give the adapter an orthonormal starting basis, which the author argues improves conditioning, stability and convergence speed.","Reported higher final accuracy than LoRA in 53 of 60 model/task/rank settings on six commonsense benchmarks for Mistral-7B, LLaMA-2-7B, TinyLlama-1.1B, Gemma-2B and OPT-1.3B.",True,method,R-additive,Cone*,"OLoRA is another point of the Type II stratum, \(P=Q_rR_r\), chosen by a QR flag rather than a spectral frame. The flag privileges the first \(r\) input coordinates, so unlike PiSSA its pointing is not permutation-natural, and its charge \(\Phi_0=I/\eta_B-R_rR_r^\top/\eta_A\) is generally unbalanced.",buyukakyuz2024olora,R,Cone*,regular,GL,Pi,M1,span
loftq,LoftQ,LoRA-Fine-Tuning-aware Quantization,LoftQ: LoRA-Fine-Tuning-Aware Quantization for Large Language Models,Li et al.,2023,ICLR 2024,2310.08659,https://arxiv.org/abs/2310.08659,https://github.com/yxli2123/LoftQ,True,"LoraConfig(init_lora_weights=""loftq"", loftq_config=LoftQConfig(loftq_bits=4, loftq_iter=1))  (on the full-precision model; or replace_lora_weights_loftq(peft_model) on a bnb-quantized model)",additive-weight,"\min_{Q,A,B}\lVert W_0-Q-BA\rVert_F:\quad Q_t=q_N(W_0-B_{t-1}A_{t-1}),\ \ W_0-Q_t=\textstyle\sum_i\sigma_{t,i}u_{t,i}v_{t,i}^\top,\ \ B_t=[\sqrt{\sigma_{t,i}}u_{t,i}]_{i\le r},\ A_t=[\sqrt{\sigma_{t,i}}v_{t,i}^\top]_{i\le r};\qquad h=(Q_T+BA)x;\ Q_T\text{ frozen (N-bit)},\ A,B\text{ trained}",r(d_{in}+d_{out}),any linear layer of a quantized model,"\(\Delta W\) factors through an \(r\)-dimensional space; the base point is an \(N\)-bit quantized matrix \(Q\) and the adapter is initialized to the rank-\(r\) SVD of the quantization residual, alternating \(T\) times",conditional,"\(BA\) can be added to the dequantized \(Q\), but the merged matrix is no longer \(N\)-bit unless re-quantized, which reintroduces error.","Approximate: \(Q_T+B_TA_T\approx W_0\) (built to be closer than QLoRA's \(Q+0\); HF's initialiser ignores the LoRA scale \(s=\alpha/r\), so with one iteration it is closer only for \(0<s<2\)); data-free alternating quantization/SVD.","When the base will be quantized, choose the quantized base and the low-rank adapter jointly so that their sum best approximates \(W_0\), instead of zero-initializing the adapter on top of an inaccurate quantized weight.","Reported large gains over QLoRA at low bit widths, e.g. about 8% on MNLI and over 10% on SQuAD v1.1 at 2-bit, and convergence where QLoRA fails.",True,method,R-additive,Cone*,"LoftQ is base change along the quantiser followed by an approximate section: it chooses \((Q,q_0)\) with \(\rho(q_0)\) close to \(\theta_0\), landing at a smooth point of the cone over \(Q_T\). With one iteration it is QLoRA's own map \(\kappa\theta_0+\mathcal M_{\le r}\), re-pointed from the apex to \(s\,\mathrm{SVD}_r(\theta_0-\kappa\theta_0)=-s\,\mathrm{SVD}_r(e)\), with \(s=\alpha/r\) the LoRA scale that HF's initialiser ignores (Prop V.2(b)).",li2023loftq,R,Cone*,defect,GL,MonxMon,Mq,span
eva,EVA,Explained Variance Adaptation,Parameter Efficient Fine-tuning via Explained Variance Adaptation,Paischer et al.,2024,NeurIPS 2025,2410.07170,https://arxiv.org/abs/2410.07170,https://github.com/ml-jku/EVA,True,"LoraConfig(init_lora_weights=""eva"", eva_config=EvaConfig(rho=2.0))  (+ initialize_lora_eva_weights)",additive-weight,"X^{\ell}\in\mathbb{R}^{b\times d_{in}}\ \text{(input activations)}=U\Sigma V^\top\ \text{(incremental SVD)},\quad A^{\ell}=V_{[:,:r_\ell]}^\top,\quad B^{\ell}=0,\quad \xi_j=\frac{\sigma_j^2}{(M-1)\lVert\sigma\rVert_1},\quad \{r_\ell\}=\text{top-}Nr\text{ of }\{\xi_j^\ell\}_{j\le \rho r},\qquad h=W_0x+\tfrac{\alpha_\ell}{r_\ell}B^{\ell}A^{\ell}x,\ \alpha_\ell=\alpha\,r_\ell/r\ (\text{effective scale }\alpha/r\text{ in every layer});\ W_0\text{ frozen}","r_\ell(d_{in}+d_{out}),\ \ \textstyle\sum_\ell r_\ell=N r,\ r_\ell\le\rho r",any linear layer; ranks redistributed across all adapted layers,\(\Delta W=BA\) with \(A\) spanning the top right-singular (principal input-activation) directions of the downstream data; per-layer rank \(r_\ell\) chosen by globally ranking explained-variance ratios,yes,Plain LoRA update on an untouched \(W_0\).,"\(B=0\) (\(W_0\) untouched); \(A\) is data-driven: top right-singular vectors of minibatch input activations, computed by incremental SVD until cosine similarity of successive estimates exceeds a threshold \(\tau\).",Initialize the down-projection on the directions of maximal input-activation variance for the downstream task and redistribute a fixed rank budget to the layers whose activations have the most explainable variance.,"Reported the highest average score among LoRA initializations across 51 tasks spanning language generation/understanding, image classification and RL, with initialization costing about 0.7% of training time.",True,method,R-additive,Cone,"EVA is LoRA in the stratum \(\mathrm T_A\) at the data-chosen point \(\mathrm{row}\,A_0=\) top-\(r_\ell\) input principal subspace of \(\mathrm{Gr}(r_\ell,n)\): same cone \(W_0+\mathcal M_{\le r_\ell}\) and apex as LoRA, but a different isomorphism class of pointed object, detected by \(S_1=\{XV_{r_\ell}^\top\}\) (Thm II.2(a)). Its image is \(GL\times GL\)-covariant; only the pointing and the rank allocation are \(CO(n)\)-covariant (Prop II.16).",paischer2024parameter,R,Cone,apex,GL,GLxGL,M1,span
corda,CorDA,Context-Oriented Decomposition Adaptation,CorDA: Context-Oriented Decomposition Adaptation of Large Language Models for Task-Aware Parameter-Efficient Fine-tuning,Yang et al.,2024,NeurIPS 2024,2406.05223,https://arxiv.org/abs/2406.05223,https://github.com/iboing/CorDA,True,"LoraConfig(init_lora_weights=""corda"", corda_config=CordaConfig(corda_method=""ipm""|""kpm""))  (+ preprocess_corda)",additive-weight,"C=XX^\top\in\mathbb{R}^{d_{in}\times d_{in}},\quad \mathrm{SVD}(W_0C)=U\Sigma V^\top,\quad W_0=U\Sigma(V^\top C^{-1});\ \ \text{IPM: }B=U_{[:,:r]}\Sigma_{[:r]}^{1/2},\ A=\Sigma_{[:r]}^{1/2}(V^\top C^{-1})_{[:r,:]};\ \ \text{KPM: same with the last }r\text{ components};\quad W'=W_0-BA,\ \ h=(W'+BA)x;\ W'\text{ frozen}",r(d_{in}+d_{out}),any linear layer,"\(\Delta W\) factors through an \(r\)-dimensional space; the base point is split along the singular directions of \(W_0C\) (covariance-whitened weight), i.e. a generalized SVD of \(W_0\) w.r.t. the input-activation metric \(C\)",yes,\(W'+BA\) is an ordinary dense matrix of the original shape.,Exact: \(W'+B_0A_0=W_0\) because the \(C^{-1}\) factor undoes the covariance orientation; data-driven (covariance from a few hundred task or QA samples).,Orient the weight decomposition by the covariance of activations from either the downstream task (instruction-previewed mode: train the dominant components) or world-knowledge data (knowledge-preserved mode: train the least-used components to limit forgetting).,"Reported IPM GSM8K 53.90 / MATH 8.52 vs PiSSA 51.48 / 7.60 on LLaMA-2-7B, KPM preserving more NQ-open knowledge than LoRA, and best GLUE average (83.38) with RoBERTa-base.",True,method,R-additive,Cone*,"CorDA is a Type II pointing of LoRA (stratum \(\mathrm S\)): the cone is translated to the vertex \(W_0-P\), \(P=[W_0C]_rC^{-1}\) (IPM) or its covariance-oriented tail (KPM), so \(\theta_0\) is a smooth point with full first-order reach \(S_1=T_P\mathcal M_r\). The split is \(CO(m)\times CO(n)\)-covariant undamped (Prop II.16(b)); damping \(C+\lambda I\) cuts the input side to \(O(n)\).",yang2024corda,R,Cone*,regular,GL,OxO,M1,span
astra,Astra,Activation-Space Tail-Eigenvector Low-Rank Adaptation,Astra: Activation-Space Tail-Eigenvector Low-Rank Adaptation of Large Language Models,Liu et al.,2026,Findings of ACL 2026,2602.19111,https://aclanthology.org/2026.findings-acl.1593/,https://github.com/LyoAI/Astra,True,"LoraConfig(init_lora_weights=""astra"", astra_config=AstraConfig())  (+ preprocess_astra)",additive-weight,"\mathrm{Cov}(y)=\mathbb{E}[yy^\top]-\mathbb{E}[y]\mathbb{E}[y]^\top=Q\Lambda Q^\top,\ y=W_0x,\quad B_0=Q_{tail}\in\mathbb{R}^{d_{out}\times r},\ A_0=Q_{tail}^\top W_0,\quad W^{res}=W_0-B_0A_0=(I-Q_{tail}Q_{tail}^\top)W_0,\qquad h=(W^{res}+BA)x;\ W^{res}\text{ frozen}",r(d_{in}+d_{out}),any linear layer,\(\Delta W\) factors through an \(r\)-dimensional space whose output side starts on the \(r\) tail eigenvectors (smallest eigenvalues) of the output-activation covariance; the base is \(W_0\) projected off that subspace,yes,\(W^{res}+BA\) is an ordinary dense matrix of the original shape.,Exact: \(B_0A_0=Q_{tail}Q_{tail}^\top W_0\) is subtracted from the base; data-driven from a small calibration set (e.g. 64 samples).,"Characterize each layer by the output activations it produces on the downstream task and place the trainable update in the under-used tail eigenspace of those activations, which preserves dominant behaviour while giving room for task adaptation.","Reported outperforming LoRA/PiSSA/CorDA-style baselines on 16 NLU and NLG benchmarks at equal or lower rank, sometimes surpassing full fine-tuning.",True,method,R-additive,Cone*,"Astra is a Type II split with vertex \(W_0-\Pi_{\rm tail}W_0\), \(\Pi_{\rm tail}\) the tail eigenprojector of the output covariance \(W_0\,\mathrm{Cov}(x)\,W_0^\top\); because the split sees the data only through that output covariance it is \(CO(m)\times GL(n)\)-covariant (Prop II.16(a), with \(C\) the centred input covariance). On layers with \(d_{\rm out}-\operatorname{rank}W_0\ge r\) the tail lies in \(\mathrm{coker}\,W_0\), \(A_0=0\), and the pointing collapses into the apex stratum \(\mathrm T_B\).",liu2026astra,R,Cone*,regular,GL,OxO,M1,span
mica,MiCA,Minor Component Adaptation,MiCA Learns More Knowledge Than LoRA and Full Fine-Tuning,Rüdiger & Raschka,2026,arXiv,2604.01694,https://arxiv.org/abs/2604.01694,,True,LoraConfig(init_lora_weights='mica'),additive-weight,"W_0=U\Sigma V^\top;\ B=U_{[:,-r:]} \text{ (frozen)},\ A=0 \text{ (trained)};\ W=W_0+\tfrac{\alpha}{r}BA","r\,d_{in}",linear and embedding layers,"update confined to the column space of the \(r\) minor left-singular vectors of \(W_0\) (\(B\) fixed, only \(A\) learned)",yes,\(BA\) is a fixed low-rank update.,\(A = 0\) (exact no-op without modifying the base weight).,Write new knowledge into the least-used singular directions of the pretrained weight to absorb more and interfere less.,"Paper reports up to 5.9x better knowledge acquisition than LoRA, e.g. 61.33% vs 58.28% on BLOGS-MC with Llama-2-7B.",True,method,R-additive,Lin,"MiCA is the one-sided method \(\mathrm{FB}(U_{-r})\) in the minor left-singular frame: an A2 sub-object of LoRA pointed in stratum \(\mathrm T_B\), and also of MiLoRA, whose image \(W_p+\mathcal M_{\le r}\) contains \(W_0+\{U_{-r}Y\}\). Its image is a fixed affine subspace, so merge-and-restart with the frame frozen is idempotent.",rudiger2026mica,R,Lin,regular,none,OxO,M1,idempotent
lora-ga,LoRA-GA,Low-Rank Adaptation with Gradient Approximation,LoRA-GA: Low-Rank Adaptation with Gradient Approximation,Wang et al.,2024,NeurIPS 2024,2407.05000,https://arxiv.org/abs/2407.05000,https://github.com/Outsider565/LoRA-GA,True,"LoraConfig(init_lora_weights=""lora_ga"", lora_ga_config=LoraGAConfig())  (+ preprocess_loraga)",additive-weight,"G=\nabla_{W}\mathcal{L}(W_0)=USV^\top,\quad A_0=\tfrac{\sqrt[4]{d_{out}}}{\sqrt{\gamma}}V_{[:,1:r]}^\top,\quad B_0=\tfrac{\sqrt[4]{d_{out}}}{\sqrt{\gamma}}U_{[:,r+1:2r]},\quad W^{res}=W_0-\tfrac{\alpha}{\sqrt r}B_0A_0,\qquad h=(W^{res}+\tfrac{\alpha}{\sqrt r}BA)\,x;\ W^{res}\text{ frozen},\ A,B\text{ trained}",r(d_{in}+d_{out}),any linear layer,\(\Delta W\) factors through an \(r\)-dimensional space; \(A\) and \(B\) are initialized from disjoint blocks of the top-\(2r\) singular vectors of a sampled full gradient so that the first LoRA step \(\eta^2(G A_0^\top A_0+B_0B_0^\top G)\) best approximates \(\zeta G\),yes,"\(W^{res}+\tfrac{\alpha}{\sqrt r}BA\) is an ordinary dense matrix of the original shape (but the base differs from \(W_0\), so the adapter alone is not a LoRA on \(W_0\)).","Exact: the offset \(W_0-\eta B_0A_0\) cancels the nonzero adapter; initialization is gradient-driven (one sampled batch, layer-by-layer backward for \(O(1)\) memory) with the stable scale factor \(\sqrt[4]{d_{out}}/\sqrt{\gamma}\) (paired with \(\eta=\alpha/\sqrt r\)) chosen so that forward and backward magnitudes stay rank- and width-stable.","Choose \(A\) and \(B\) from the SVD of the full-fine-tuning gradient so that the very first LoRA update is the best low-rank approximation of the full-fine-tuning update, with a rank- and width-stable scale.","Reported +5.69% over LoRA on a GLUE subset with T5-Base and +0.34 / +11.52 / +5.05 points on MT-Bench / GSM8K / HumanEval with LLaMA-2-7B, converging 2-4x faster than LoRA.",True,method,R-additive,Cone*,"LoRA-GA is a Type II object: it picks the point \(P\propto U_{G,[r+1:2r]}V_{G,[1:r]}^\top\) of the stratum \(\mathcal M_r\) and moves the cone's vertex to \(\theta_0-P\), combining smoothness, gradient alignment of \(\mathrm{row}\,A_0\) and a stable scale (Prop II.3). It is incomparable with zero-init LoRA.",wang2024lorab,R,Cone*,regular,GL,OxO,M1,span
kasa,KaSA,Knowledge-aware Singular-value Adaptation,KaSA: Knowledge-Aware Singular-Value Adaptation of Large Language Models,Wang et al.,2024,ICLR 2025,2412.06071,https://arxiv.org/abs/2412.06071,https://github.com/juyongjiang/KaSA,True,"LoraConfig(kasa_config=KasaConfig(beta, gamma))",additive-weight,"W_0=\sum_{i=1}^{k}\sigma_iu_iv_i^\top,\quad W_{world}=\sum_{i=1}^{k-r}\sigma_iu_iv_i^\top,\qquad W=W_{world}+\tfrac{\alpha}{r}B\,\mathrm{diag}(\Delta\sigma)\,A,\qquad \mathcal{L}=\mathcal{L}_{task}+\beta\textstyle\sum_j\Delta\sigma_j^2+\gamma\big(\lVert B^\top B-I_r\rVert_F+\lVert AA^\top-I_r\rVert_F\big);\ W_{world}\text{ frozen},\ B,\Delta\sigma,A\text{ trained}",r(d_{in}+d_{out})+r,linear layers (attention and MLP projections),"SVD-shaped update \(\Delta W=B\,\mathrm{diag}(\Delta\sigma)\,A\) with soft orthogonality on \(B,A\) and a learnable singular-value vector, added on top of a base whose \(r\) smallest singular components were removed",yes,"\(B\,\mathrm{diag}(\Delta\sigma)\,A\) is a dense \(d_{out}\times d_{in}\) matrix that folds into the (truncated) base, though the truncation itself is irreversible.","Not exact: \(B=0\) (official repo and HF KasaLinearVariant; \(\Delta\sigma\sim\mathcal{N}(0,1)\), \(A\) Kaiming-uniform) makes the adapter zero, but the base is permanently truncated by its \(r\) smallest singular components (a small, data-free perturbation of \(W_0\)).","Treat the smallest singular components of \(W_0\) as task-irrelevant noise, discard them, and relearn that subspace with an explicitly SVD-shaped adapter whose singular values are learned and regularized.","Reported outperforming 14 PEFT baselines on GLUE (86.3 average with RoBERTa-base at about 0.24% trainable parameters), instruction following and commonsense benchmarks.",True,method,R-additive,Cone,"KaSA is base change along the truncation \(\kappa:W_0\mapsto W_0-[W_0]_{\rm tail\,r}\) followed by a diagonal-core LoRA at \(\kappa\theta_0\): like QLoRA it carries the defect \(e=-[W_0]_{\rm tail\,r}\). Its image is exactly MiLoRA's, \(W_p+\mathcal M_{\le r}\), but it starts at the vertex \(W_p\) instead of the smooth point \(\theta_0\), so the two are related only by a weak morphism.",wang2024kasa,R,Cone,defect,nonlinear,OxO,M1,span
alora,aLoRA,Activated LoRA,Activated LoRA: Fine-tuned LLMs for Intrinsics,Greenewald et al.,2025,NeurIPS 2025,2504.12397,https://arxiv.org/abs/2504.12397,,True,LoraConfig(alora_invocation_tokens=[...]),hybrid,"h_t=\begin{cases}W_0x_t,& t<t_{inv}\\(W_0+BA)\,x_t,& t\ge t_{inv}\end{cases}\quad\text{for } W\in\{W_q,W_k,W_v\}",r(d_{in}+d_{out}),"attention projections of causal LMs, applied only to tokens at/after the invocation sequence","token-position-gated low-rank update: identity before the invocation token, LoRA after it, so prefix KV caches equal the base model's",no,"The adapter is applied selectively by token position, so it cannot be folded into \(W_0\).",\(B = 0\) as in LoRA.,"Activate the adapter only after an invocation string, so the base model's KV cache can be reused and adapters can be switched in mid-conversation for free.","Paper reports 2-7x faster adapter generation even for 250-token prompts and over 20x on long prompts, with no consistent accuracy difference from LoRA.",True,method,F_T,Fun,"Activated LoRA is LoRA pulled back along a position gate: a family \(T\to Q\) that sits at \(q_0\) before the invocation token, so its realisation \(\Phi\circ\rho\circ a\) is not \(\Phi_f(\theta)\) for any single \(\theta\). Being pointed before \(t_{inv}\) is what makes the base KV cache reusable, and it is also what blocks merging.",greenewald2025activated,F_T,Fun,apex,GL,GLxGL,Minf,
qa-lora,QA-LoRA,Quantization-Aware Low-Rank Adaptation,QA-LoRA: Quantization-Aware Low-Rank Adaptation of Large Language Models,Xu et al.,2023,ICLR 2024,2309.14717,https://arxiv.org/abs/2309.14717,https://github.com/yuhuixu1993/qa-lora,True,"LoraConfig(use_qalora=True, qalora_group_size=g) (GPTQ backends only)",additive-weight,"\tilde W=\alpha\odot(\hat W-\beta),\ \hat W=\lfloor W_0/\alpha\rceil+\beta \text{ (group-wise INT-}k\text{, group size } g);\ h=\tilde Wx+s\,BA\,\mathrm{pool}_g(x),\ A\in\mathbb{R}^{r\times d_{in}/g} \ (\mathrm{pool}_g=\text{sum over each group});\ \text{merge: } \beta'=\beta-s\,\mathrm{expand}_g(BA)\oslash\alpha",r\big(\tfrac{d_{in}}{g}+d_{out}\big),linear layers of a group-wise quantized (GPTQ) model,"LoRA on group-average-pooled inputs, so the update is constant within each quantization group",yes,"The group-constant update is absorbed into the quantization zero-points, keeping the merged model in INT4.",\(B = 0\).,Balance quantization and adaptation degrees of freedom with group-wise pooling so the fine-tuned model stays quantized after merging.,"Paper reports LLaMA-7B 5-shot MMLU 39.4 vs 36.0 for QLoRA+GPTQ at INT4, with faster inference.",True,method,R-additive,Cone,"QA-LoRA is QLoRA precomposed with group pooling: LoRA on the quotient of the input space by the quantisation groups, so its image is the determinantal cone inside the group-constant subspace. That subspace is exactly the zero-point direction of the quantiser, which is why this is the one adapter whose exact merge stays in the quantised type.",xu2023qa,R,Cone,defect,GL,Pi,M1,span
monteclora,MonteCLoRA,Monte Carlo Low-Rank Adaptation,Robust and Efficient Fine-tuning of LLMs with Bayesian Reparameterization of Low-Rank Adaptation,Sengupta et al.,2024,TMLR 2025,2411.04358,https://arxiv.org/abs/2411.04358,,True,"LoraConfig(monteclora_config=MontecloraConfig(num_samples, sample_scaler, kl_loss_weight, ...))",optimizer-or-training-procedure,"A=\sum_{k=1}^{N}\pi_k\theta_k,\ \theta_k\sim\mathcal{N}(\mu,\Sigma),\ \Sigma\sim\mathcal{W}_r(V,n),\ \pi\sim\mathrm{Dir}(\alpha),\ \mu=A_{LoRA};\ \mathcal{L}=\mathcal{L}_{task}+\eta\,(\mathrm{KL}_{\mathcal{D}}+\mathrm{KL}_{\mathcal{W}}+\mathrm{KL}_{\mathcal{N}})+\textstyle\sum_k\pi_k^2",r(d_{in}+d_{out})+O(r+N),same as LoRA (training-time variational sampler on lora_A),"LoRA whose \(A\) factor is treated as a Gaussian mixture (Wishart covariance, Dirichlet weights) estimated by Monte Carlo during training; plain LoRA at inference",yes,At inference the sampler is disabled and the adapter is a standard LoRA.,\(B = 0\) as in LoRA.,Treat low-rank parameters as a distribution and average Monte Carlo samples to make LoRA robust to hyperparameters.,Paper reports up to 62% lower accuracy spread than LoRA across hyperparameters on LLaMA-3.2-3B (and 53% on LLaMA-1-7B commonsense).,False,method,R-additive,Cone,"MonteCLoRA is LoRA times an inert factor: LoRA \(\to\) MonteCLoRA \(\to\) LoRA (freeze the variational coordinates, then project them out), so the two simulate each other without being isomorphic. Everything it adds is trained-method data: a stochastic cotangent signal for \(A\) plus KL penalties.",sengupta2024robust,R,Cone,apex,GL,GLxGL,M1,span
velora,VeLoRA,Memory-efficient training with rank-1 sub-token projections,VeLoRA: Memory Efficient Training using Rank-1 Sub-Token Projections,Miles et al.,2024,NeurIPS 2024,2405.17991,https://arxiv.org/abs/2405.17991,https://github.com/roymiles/VeLoRA,True,"LoraConfig(velora_config=VeloraConfig(num_groups, scale, init_type))",optimizer-or-training-procedure,"\text{fwd: } z=\mathrm{group}_M(x),\ z_p=z\,v \text{ (stored)};\ \text{bwd: } \hat x=\mathrm{ungroup}(z_pv^\top),\ \nabla_A\mathcal{L}=\delta^\top\hat x;\ v\in\mathbb{R}^{M} \text{ fixed (first-batch average)}",r(d_{in}+d_{out}) \ (\text{unchanged; saves activation memory}),input activations of the LoRA \(A\) projection,activation compression for the backward pass: sub-tokens projected onto a fixed rank-1 direction and coarsely reconstructed when computing weight gradients,yes,Only the backward pass changes; the adapter is a standard LoRA.,\(B = 0\) as in LoRA.,"Weight gradients tolerate coarse activations, so store each sub-token as a single scalar along a fixed vector instead of the full activation.","Paper reports beating QLoRA by 0.5pp on LLaMA-7B with 15.4% less memory, and 45% less memory than GaLore on RoBERTa.",False,method,R-additive,Cone,"VeLoRA keeps LoRA's object and replaces its backward lens by an approximate one: the \(A\)-block is fed \(\hat G\) while \(B\) is fed the true \(G\). By Thm III.5 this block-dependent cotangent breaks LoRA's Noether charge, which is the dynamical cost of the activation-memory saving.",miles2024velora,R,Cone,apex,GL,GLxGL,M1,span
bd-lora,BD-LoRA,Block-Diagonal LoRA,Block-Diagonal LoRA for Eliminating Communication Overhead in Tensor Parallel LoRA Serving,Wang et al.,2025,NeurIPS 2025,2510.23346,https://arxiv.org/abs/2510.23346,https://github.com/huggingface/peft/tree/main/examples/bdlora_finetuning,True,LoraConfig(use_bdlora=BdLoraConfig(...)),additive-weight,"W = W_0 + s\,BA,\ \ B=\mathrm{diag}(B_1,\dots,B_N),\ B_i\in\mathbb{R}^{\frac{d_{out}}{N}\times\frac{r}{N}}\ (\text{column-sharded: } W_q,W_k,W_v,\text{up},\text{gate})\ \text{or}\ A=\mathrm{diag}(A_1,\dots,A_N),\ A_i\in\mathbb{R}^{\frac{r}{N}\times\frac{d_{in}}{N}}\ (\text{row-sharded: } W_o,\text{down}),\ N=\text{tensor-parallel degree};\ s=\alpha/\sqrt{r/N}\ \text{in the paper (rsLoRA-style, since it trains independent rank-}r/N\text{ adapters per shard); HF uses the LoraConfig scaling}","r\,d_{in}+\tfrac{r}{N}d_{out}\ \ (B\ \text{block-diagonal})\quad\text{or}\quad \tfrac{r}{N}d_{in}+r\,d_{out}\ \ (A\ \text{block-diagonal})","attention and MLP projections, with the block-diagonal factor chosen to match the layer's tensor-parallel sharding","LoRA with one factor constrained to a block-diagonal matrix aligned with the tensor-parallel shards, so the adapter factors through a direct sum of \(N\) per-device maps and needs no extra all-gather/all-reduce.",yes,"It is a constrained LoRA, so \(BA\) can be merged; the design target is unmerged multi-adapter serving.","Standard LoRA initialization (\(B = 0\), or \(B_i = 0\) per block), so \(\Delta W = 0\).",Choose the shape of the adapter to fit the hardware sharding: block-diagonal factors make multi-LoRA serving communication-free with almost no loss in quality per parameter.,Matches LoRA's downstream quality at similar parameter counts and gives up to 1.79x end-to-end serving speed-up over S-LoRA tensor parallelism for Llama-3.1-8B on eight A100 GPUs.,True,method,R-additive,Cone,"BD-LoRA is the \(\oplus\) of \(N\) row-block-embedded \(\mathrm{LoRA}_{r/N}\), i.e. GraLoRA with the grid on one side only. It is a constrained sub-object of LoRA, chosen so that the adapter factors through the direct sum of the tensor-parallel shards (a hardware-imposed \(\Pi\)).",wang2025block,R,Cone,apex,GL,Pi,M1,span
genknowsub,GenKnowSub,General Knowledge Subtraction,GenKnowSub: Improving Modularity and Reusability of LLMs through General Knowledge Subtraction,Bagherifard et al.,2025,ACL 2025 (short),2505.10939,https://aclanthology.org/2025.acl-short.54/,,True,"LoraConfig(arrow_config=ArrowConfig(use_gks=True)); create_arrow_model(..., general_adapter_paths=[...])",composition-or-routing,"A_i\leftarrow A_i-\tfrac{1}{G}\sum_{g=1}^{G}A^{gen}_g,\ \ B_i\leftarrow B_i-\tfrac{1}{G}\sum_{g=1}^{G}B^{gen}_g \text{ (PEFT implementation)};\ \text{then Arrow routing over the residual experts}",0 \ (\text{post-hoc arithmetic on trained adapters}),LoRA library used by Arrow,"adapter arithmetic: subtract the mean general-domain LoRA from each task LoRA to obtain residual task modules, then route",no,Inference uses token-level Arrow routing.,Not applicable (operates on trained adapters).,Task LoRAs carry generic language knowledge; subtracting a general-knowledge LoRA purifies them and improves zero-shot recombination.,"Paper reports consistent gains over Arrow on Phi-3 in monolingual and cross-lingual settings, also confirmed on Phi-2.",False,method,P,Fun,"GenKnowSub is a post-hoc map on factor tuples composed with Arrow's \(F_X\) router. It subtracts factors rather than products, and \((B_i-\bar B)(A_i-\bar A)=B_iA_i-B_i\bar A-\bar BA_i+\bar B\bar A\) depends on the gauge representatives. By Prop V.4 it is well defined only after a joint gauge fixing, such as a shared frozen \(A\).",bagherifard2025genknowsub,P,Fun,unpointed,,OxO,Minf,
lora-plus,LoRA+,LoRA+ (decoupled learning rates for A and B),LoRA+: Efficient Low Rank Adaptation of Large Models,Hayou et al.,2024,ICML 2024,2402.12354,https://arxiv.org/abs/2402.12354,https://github.com/nikhil-ghosh-berkeley/loraplus,True,"peft.optimizers.create_loraplus_optimizer(model, optimizer_cls, lr, loraplus_lr_ratio)",optimizer-or-training-procedure,"W = W_0 + \tfrac{\alpha}{r}BA;\qquad A \leftarrow A - \eta_A\, g_A,\quad B \leftarrow B - \eta_B\, g_B,\quad \eta_B = \lambda\,\eta_A,\ \ \lambda\gg 1\ (\text{e.g. } \lambda=2^4)",r(d_{in}+d_{out}),same as LoRA,"Unchanged rank-\(r\) factorization; the optimizer applies a block-diagonal learning-rate operator \(\mathrm{diag}(\eta_A I,\ \lambda\eta_A I)\) to \((A,B)\). Infinite-width analysis: efficient feature learning requires \(\eta_A=\Theta(n^{-1}),\ \eta_B=\Theta(1)\), i.e. \(\eta_B/\eta_A=\Theta(n)\) (\(n\) = model width); this explicitly breaks the \(GL(r)\) gauge symmetry in favour of \(B\).",yes,Only the training procedure changes; the trained adapter is a standard LoRA product that merges into \(W_0\).,"\(\Delta W = 0\) at init under either zero-product scheme analysed in the paper: Init[1] (\(B = 0\), \(A\) random with variance \(\Theta(1/n)\); the standard LoRA/PEFT default) or Init[2] (\(A = 0\), \(B\) random with variance \(\Theta(1)\)). Most of the paper's experiments (and the recommended ratio \(\lambda \sim 2^4\) for RoBERTa) use Init[2]; with Init[1] the optimal ratio is smaller (\(\sim 2^2\)-\(2^3\)).","With one shared learning rate, \(A\) and \(B\) cannot both learn features efficiently as width grows; setting the \(B\) learning rate a fixed large multiple of the \(A\) learning rate fixes this while keeping a 1-D LR search.","Reports 1-2% accuracy improvements and up to ~2x faster fine-tuning at the same compute as LoRA (RoBERTa/GPT-2 on GLUE, Llama-7b on MNLI and flan-v2/MMLU); the best ratio is model/task/init dependent: \(\sim 2^4\) for RoBERTa with Init[2], \(\sim 2^2\)-\(2^3\) with Init[1], \(\sim 2^1\)-\(2^2\) for Llama.",True,method,R-additive,Cone,"LoRA+ is not a new object but a point of LoRA's hyperparameter torus: under Adam, from zero-initialised \(B\), its ratio \(\lambda\) is absorbed into \(\alpha\), so any gain must come from torus-breaking ingredients (global clipping, a shared \(\varepsilon\) or decay). Under gradient flow it moves the crossover scale \(\sigma^*\) by \(\sqrt\lambda\), and LoRA-FA is the endpoint \(\lambda\to\infty\).",hayou2024lora,R,Cone,apex,GL,GLxGL,M1,span
lora-fa,LoRA-FA,LoRA with Frozen-A,LoRA-FA: Memory-efficient Low-rank Adaptation for Large Language Models Fine-tuning,Zhang et al.,2023,arXiv,2308.03303,https://arxiv.org/abs/2308.03303,https://github.com/huggingface/peft/blob/main/src/peft/optimizers/lorafa.py,True,"peft.optimizers.create_lorafa_optimizer(model, r, lora_alpha, lr) on a LoraConfig model",additive-weight,"W=W_0+s\,BA_0,\ \ s=\tfrac{\alpha}{r},\ A_0\in\mathbb{R}^{r\times d_{in}}\ \text{random and frozen},\ B\in\mathbb{R}^{d_{out}\times r}\ \text{trained with}\ \ \tilde g_B=\tfrac{1}{s^{2}}\,\nabla_B\mathcal L\,(A_0A_0^{\top})^{-1}\ \Rightarrow\ s\,\tilde g_BA_0=G\,A_0^{\top}(A_0A_0^{\top})^{-1}A_0=\arg\min_{\hat g\in\mathbb{R}^{d_{out}\times r}A_0}\lVert\hat g-G\rVert_F,\ \ G=\nabla_W\mathcal L","r\,d_{out}",any linear layer targeted by LoRA,\(\Delta W=sBA_0\) with \(A_0\) a frozen random row space: the update lives in the fixed \(r\)-dimensional subspace \(\mathbb{R}^{d_{out}}\otimes\mathrm{row}(A_0)\); the corrected \(B\)-gradient is the orthogonal projection of the full gradient onto that subspace,yes,"\(sBA_0\) is an ordinary rank-\(r\) matrix that folds into \(W_0\) exactly, as in LoRA.","\(B = 0\) with \(A_0\) random (Gaussian or uniform; the paper ablates the choice), so the initial model equals the pretrained one.","Freezing \(A\) has two effects. Memory: LoRA no longer stores the full \(d_{in}\)-dimensional input activation, only the \(r\)-dimensional \(A_0x\). Optimization: with SGD, \(\Delta W=-\eta s^{2}GA_0^{\top}A_0\) is a fixed random projection of the gradient, and the \((A_0A_0^{\top})^{-1}\) correction turns it into the exact least-squares projection of the full gradient.","Matches existing PEFT methods and full fine-tuning on GLUE (RoBERTa), GSM8K, MT-Bench and HumanEval (Llama-2/3 and MoE models) while substantially reducing activation memory and compute.",True,method,R-additive,Lin,"LoRA-FA is the sub-object \(\mathrm{FA}(A_0)\hookrightarrow\mathrm{LoRA}_{(0,A_0)}\) obtained by freezing \(A\) (A2): a linear method with the same first-order image as zero-init LoRA. Its corrected gradient gives the frame-only cometric \(K(G)=\eta\,GP_V\), which depends only on \(\mathrm{row}\,A_0\) under SGD, but on \(A_0\) modulo \(B_r\) under the published AdamW.",zhang2023lora,R,Lin,regular,none,frame,M1,idempotent
riemannian-preconditioned-lora,Riemannian LoRA,Riemannian Preconditioned LoRA,Riemannian Preconditioned LoRA for Fine-Tuning Foundation Models,Zhang & Pilanci,2024,ICML 2024,2402.02347,https://arxiv.org/abs/2402.02347,https://github.com/pilancilab/Riemannian_Preconditioned_LoRA,True,"peft.optimizers.create_riemannian_optimizer(model, optimizer_cls, lr, reg)",optimizer-or-training-procedure,"A\leftarrow A-\eta\,(B^\top B+\delta I_r)^{-1}\nabla_A\mathcal{L},\ \ B\leftarrow B-\eta\,\nabla_B\mathcal{L}\,(AA^\top+\delta I_r)^{-1}",r(d_{in}+d_{out}),LoRA layers (optimizer-level),\(r\times r\) preconditioners turning Euclidean gradients into scaled (Riemannian) gradients on the manifold of rank-\(r\) matrices,yes,The trained adapter is a standard LoRA.,\(B = 0\) as in LoRA (\(\delta\) regularizes the singular preconditioner).,LoRA's factorization is ill-conditioned; precondition each factor by the Gram matrix of the other to follow the geometry of the low-rank manifold.,"Paper reports faster convergence and more robustness to learning rate with SGD and AdamW on GPT-2, Mistral-7B and diffusion models, with negligible overhead.",True,method,R-additive,Cone,"Riemannian preconditioning keeps LoRA's object and chooses a cometric that is a function of \(W\) on the full-rank locus, i.e. a metric descended to the quotient \(\mathcal M_r=Q^{\rm full}/GL_r\). The damping and the Adam wrapper used in practice shrink the respected gauge from \(GL_r\) to \(O(r)\) and then to \(B_r\).",zhang2024riemannian,R,Cone,apex,GL,GLxGL,M1,span
qlora,QLoRA,Quantized Low-Rank Adaptation,QLoRA: Efficient Finetuning of Quantized LLMs,Dettmers et al.,2023,NeurIPS 2023,2305.14314,https://arxiv.org/abs/2305.14314,https://github.com/artidoro/qlora,True,"LoraConfig(target_modules='all-linear', ...) on a model loaded with BitsAndBytesConfig(load_in_4bit=True, bnb_4bit_quant_type='nf4', bnb_4bit_use_double_quant=True, bnb_4bit_compute_dtype=torch.bfloat16), after peft.prepare_model_for_kbit_training(model)",additive-weight,"h=\mathrm{doubleDequant}\big(c_1^{\mathrm{FP32}},c_2^{\mathrm{FP8}},W_0^{\mathrm{NF4}}\big)\,x+\tfrac{\alpha}{r}BAx,\quad W_0^{\mathrm{NF4}}=q_{\mathrm{NF4}}(W_0)\ \text{frozen (blockwise, constants double-quantized)},\ \ B\in\mathbb{R}^{d_{out}\times r},A\in\mathbb{R}^{r\times d_{in}}\ \text{trained in BF16 (paged optimizer)}",r(d_{in}+d_{out}),every linear layer of the transformer (attention and MLP); base weights stored as 4-bit NormalFloat,"rank-\(r\) additive update \(BA\) on top of a frozen 4-bit NF4 (quantile-quantized, blockwise, double-quantized constants) base weight; storage dtype NF4, compute dtype BF16, so \(\Delta W\) factors through an \(r\)-dimensional space while \(W_0\) lives on a 16-level grid",conditional,"\(BA\) merges exactly only into a dequantized 16-bit copy of \(W_0\); merging and re-quantizing to NF4 adds fresh rounding error, so exact inference at the original 4-bit cost is not preserved.","\(B = 0\) (LoRA default, \(A\) random), so the initial function is the quantized model \(\mathrm{dequant}(q_{NF4}(W_0))\), not \(W_0\): the quantization gap is left uncompensated at init (the gap LoftQ / LQ-LoRA / ApiQ are built to shrink).","Backpropagate through a frozen 4-bit base model into LoRA adapters. Three memory tricks make this work: NF4 (a quantile data type that is information-theoretically optimal for normally distributed weights), double quantization of the scale constants, and paged optimizers. Together they let a 65B model be fine-tuned on one 48GB GPU.",Fine-tunes a 65B model on a single 48GB GPU while matching 16-bit fine-tuning; Guanaco-65B reaches 99.3% of ChatGPT's score on the Vicuna benchmark after 24 hours on one GPU.,True,method,R-additive,Cone,"QLoRA needs no new structure: it is the LoRA cone translated to the quantised base \(\kappa\theta_0\), an object with pointing defect \(e\). Since \(-e\) is generically full rank, \(\theta_0\notin\mathrm{Im}\,\)QLoRA, and its exact merge leaves the NF4 grid (Mq).",dettmers2023qlora,R,Cone,defect,GL,MonxMon,Mq,span
layer-replication,LoRA layer replication (DUS),Memory-efficient depth up-scaling with per-replica LoRA,SOLAR 10.7B: Scaling Large Language Models with Simple yet Effective Depth Up-Scaling,Kim et al.,2023,NAACL 2024 (Industry),2312.15166,https://arxiv.org/abs/2312.15166,,True,"LoraConfig(layer_replication=[[start, end), ...])",hybrid,"f=\ell_{\pi(L')}\circ\cdots\circ\ell_{\pi(1)},\ \ \pi:[L']\to[L] \text{ (stacked layer ranges, base weights shared)};\ W^{(j)}=W_{0,\pi(j)}+B^{(j)}A^{(j)} \text{ (distinct LoRA per replica)}",\sum_{j=1}^{L'} r(d_{in}+d_{out}) \text{ per adapted module type},whole transformer stack (layer duplication) plus LoRA on every replica,"depth up-scaling by repeating layer ranges (mergekit passthrough convention) with weight sharing, differentiated by per-replica low-rank updates",conditional,"Merging requires materializing separate weights for each replica, yielding a larger (deeper) model rather than the original architecture.",Not an identity of the original model: replication changes depth; each replica's LoRA starts at \(B = 0\).,"Grow a model's depth by reusing its own layers, then specialize the copies cheaply with LoRA instead of storing duplicated weights.",,False,method,E0,Fun,"Layer replication is an unpointed extension: the depth-upscaled network lives over a larger \(\Theta\times\Theta'\) with tied weights, and no parameter value recovers \(f(\theta_0,-)\), so it is not an object of \(\mathsf{Meth}(\Theta,\theta_0)\). The per-replica LoRAs are ordinary pointed objects over the replicated base point.",kim2023solar,E0,Fun,unpointed,GL,GLxGL,M1,span
kappatune,KappaTune,Condition-number-based selective fine-tuning,The Condition Number as a Scale-Invariant Proxy for Information Encoding in Neural Units,Ludwig,2025,arXiv,2506.16289,https://arxiv.org/abs/2506.16289,,True,"peft.helpers.find_kappa_target_modules / KappaTuneSelector -> LoraConfig(target_modules=..., target_parameters=...)",selective,"\kappa(W)=\frac{\sigma_{\max}(W)}{\sigma_{\min}(W)};\ \ \mathcal{S}=\text{lowest-}\kappa \text{ top-}p \text{ fraction of tensors};\ \text{train (or attach LoRA to) } W\in\mathcal{S},\ \text{freeze the rest}",\sum_{W\in\mathcal{S}}|W| \ (\text{KappaTune}) \text{ or } \sum_{W\in\mathcal{S}}r(d_{in}+d_{out}) \ (\text{KappaTune-LoRA}),module selection over all linear layers and fused MoE expert parameters,data-free target selection by spectral condition number (most isotropic tensors are adapted),yes,Selected parameters or LoRAs are ordinary weight changes.,Inherits from the chosen tuner (LoRA: \(B = 0\)).,"Well-conditioned (low-\(\kappa\), high-entropy) tensors encode less specialized information and can absorb new tasks with less forgetting.",Paper reports about 6x lower forgetting than LoRA on OLMoE and 2.8x lower with KappaTune-LoRA on DeepSeek-V2-Lite.,False,method,R-selective,Lin,"KappaTune is the coordinate sub-object of full fine-tuning spanned by a spectrally chosen block of tensors, i.e. full FT with the complement frozen. Its only dependence on \(\theta_0\) is through the \(CO\times CO\)-invariant \(\kappa\): a spectral selection at the granularity of whole tensors.",ludwig2025condition,R,Lin,regular,none,OxO,M1,idempotent
milora,MiLoRA,Minor singular component LoRA,MiLoRA: Harnessing Minor Singular Components for Parameter-Efficient LLM Finetuning,Wang et al.,2024,NAACL 2025,2406.09044,https://aclanthology.org/2025.naacl-long.248/,https://github.com/sufenlp/MiLoRA,False,,additive-weight,"W_0=\sum_{i}\sigma_i u_i v_i^\top=W_p+W_m,\quad W_m=\sum_{i>k-r}\sigma_i u_i v_i^\top=\underbrace{U_m\Sigma_m^{1/2}}_{B}\,\underbrace{\Sigma_m^{1/2}V_m^\top}_{A},\qquad h=(W_p+BA)\,x;\ W_p\text{ frozen},\ A,B\text{ trained}",r(d_{in}+d_{out}),any linear layer (attention and MLP projections),"\(\Delta W\) factors through an \(r\)-dimensional space; base point \(W_p\) is the rank-\((k-r)\) principal truncation of \(W_0\) (\(k=\min(d_{in},d_{out})\)) and the adapter is initialized on the \(r\) smallest singular triplets",yes,\(W_p+BA\) is an ordinary dense matrix of the original shape.,Exact: \(W_p+B_0A_0=W_0\) by construction (data-free SVD of \(W_0\)); no extra scaling hyperparameter is needed.,"Keep the principal subspace (assumed to store pretrained knowledge) frozen and adapt only within the minor singular subspace, which is less likely to interfere with pretrained abilities.","Reported gains over LoRA on LLaMA-2-7B / LLaMA-3-8B commonsense reasoning (+1.6 / +1.1), math reasoning (+2.0), instruction following and LLaVA-1.5 visual instruction tuning.",True,method,R-additive,Cone*,"MiLoRA is the Type II pointing with \(P=\) bottom-\(r\) SVD part of \(W_0\): image \((W_0-P)+\mathcal M_{\le r}\), \(\theta_0\) smooth, \(S_1=T_P\mathcal M_r\). It is the \(C=I\) member of CorDA-KPM, but for \(C\not\propto I\) the vertices differ and no arrow connects the two.",wang2024milora,R,Cone*,regular,GL,OxO,M1,span
lora-one,LoRA-One,LoRA-One (one-step full-gradient spectral initialization),"LoRA-One: One-Step Full Gradient Could Suffice for Fine-Tuning Large Language Models, Provably and Efficiently",Zhang et al.,2025,ICML 2025,2502.01235,https://arxiv.org/abs/2502.01235,https://github.com/YuanheZ/LoRA-One,False,,additive-weight,"G=-\nabla_W\mathcal{L}(W_0)=U_GS_GV_G^\top,\ \bar S=S_G/\sigma_1(G),\ \gamma=1/s,\quad B_0=\sqrt{\gamma}\,U_{G,[:,1:r]}\bar S_{[1:r]}^{1/2},\quad A_0=\sqrt{\gamma}\,\bar S_{[1:r]}^{1/2}V_{G,[:,1:r]}^\top,\qquad W=W_0+\tfrac{\alpha}{\sqrt r}BA;\ W_0\text{ frozen},\ A,B\text{ trained with AdamW}\ \ (\text{LoRA-One-P: precondition }\nabla_B\mathcal{L}(AA^\top+\lambda I)^{-1},\ (B^\top B+\lambda I)^{-1}\nabla_A\mathcal{L})",r(d_{in}+d_{out}),any linear layer,"\(\Delta W\) factors through an \(r\)-dimensional space and is initialized to the (normalized, scaled) best rank-\(r\) approximation of one full-batch negative gradient, i.e. a truncated gradient step; the LoRA-One-P variant adds \((B^\top B+\lambda I)^{-1},(AA^\top+\lambda I)^{-1}\) preconditioners",yes,Plain additive low-rank update on \(W_0\).,"No: \(W_0\) is not offset, so the initial model equals one best rank-\(r\) full-batch gradient-descent step from \(W_0\) (gradient-driven spectral initialization from a large sampled batch).","Theory shows LoRA iterates align with the top singular subspace of the one-step full fine-tuning gradient, so initializing there (and preconditioning against ill-conditioning) achieves the alignment immediately; it also corrects LoRA-GA's choice of singular vectors.","Reported 88.73 vs 82.72 GLUE average over LoRA (T5-base) and 28.66 vs 25.85 HumanEval, with negligible time/memory overhead.",False,method,R-additive,Cone,"LoRA-One enters LoRA's own cone at a smooth point instead of the apex: a base change \(\theta_0\mapsto\theta_0+[-\eta G]_r\) (one truncated full-FT step), followed by a split pointing whose residual is the original \(\theta_0\). In \(\mathsf{Meth}(\Theta,\theta_0)\) it is only an unpointed object, related to LoRA by \(h=\mathrm{id}\) without preservation of base points.",zhang2025lorab,R,Cone,defect,GL,GLxGL,M1,span
gora,GoRA,Gradient-driven Adaptive Low Rank Adaptation,GoRA: Gradient-driven Adaptive Low Rank Adaptation,He et al.,2025,NeurIPS 2025,2502.12171,https://arxiv.org/abs/2502.12171,https://github.com/hhnqqq/MyTransformers,False,,additive-weight,"\bar G=\tfrac1N\textstyle\sum_i\partial\mathcal{L}_i/\partial W_0,\quad I(W)=\mathrm{avg}(|W_0\odot\bar G|),\quad a_\ell=\tfrac{I(W_\ell)}{\sum_j I(W_j)},\quad r_\ell=\mathrm{clip}\big(\mathrm{round}(b\,a_\ell/\sqrt{d_{in}+d_{out}}),\,r_{min},\,r_{max}\big);\quad A_0\sim\mathcal{U}_{\text{Kaiming}},\ B_0=-\xi\,\bar G A_0^\top(A_0A_0^\top)^{-1},\ \xi=\gamma\sqrt{d_{in}}/\alpha,\qquad W=W_0+\tfrac{\alpha}{\sqrt{r_\ell}}BA","r_\ell(d_{in}+d_{out}),\ \ \text{budget }b=\textstyle\sum_\ell\sqrt{d_{in}+d_{out}}\;r_{ref}",any linear layer; ranks allocated across all adapted layers,\(\Delta W=BA\) with per-layer rank \(r_\ell\) set by gradient sensitivity; \(B_0\) is the least-squares solution making \(B_0A_0\) the best approximation of \(-\bar G\) in the row space of the random \(A_0\),yes,Plain additive low-rank update on \(W_0\).,"No: \(W_0\) is not offset; the initial adapter \(\tfrac{\alpha}{\sqrt r}B_0A_0\approx-\gamma\bar G\) restricted to the row space of the random \(A_0\), i.e. a compressed gradient-descent step with tunable step size \(\gamma\) (\(\xi=\gamma\sqrt{d_{in}}/\alpha\)), computed from gradients accumulated over \(N\) mini-batches.","A single accumulated-gradient pass before training is used twice: to allocate ranks across layers by gradient sensitivity and to initialize \(B\) so that the adapter starts as a compressed gradient step, without touching \(W_0\).",Reported Llama-3.1-8B-Base GSM8K 75.74 vs full fine-tuning 73.69 and HumanEval 52.03 vs 51.63 at reference rank 128.,False,method,R-additive,Cone,"GoRA is LoRA with the frozen residual \(W_0\) untouched but started off the base point, at \(\theta_0+e\) with \(e\approx-\gamma\bar G P_{\mathrm{row}A_0}\) a compressed gradient step: an object of the unpointed slice with a designed defect, which over its own start is a Type II split with \(P=e\). Its rank allocation by \(|W_0\odot\bar G|\) is a coordinatewise statistic.",he2025gora,R,Cone,defect,GL,GLxGL,M1,span
lora-sb,LoRA-SB,LoRA Silver Bullet,Initialization using Update Approximation is a Silver Bullet for Extremely Efficient Low-Rank Fine-Tuning,Ponkshe et al.,2024,ICLR 2025 Workshop (SCOPE),2411.19557,https://arxiv.org/abs/2411.19557,https://github.com/CERT-Lab/lora-sb,False,,additive-weight,"\Delta W_{avg}=-\eta\,\mathrm{sign}\Big(\textstyle\sum_i\nabla_W\mathcal{L}(W_0,x_i)\Big)=USV^\top,\quad B=U_{[:,1:r]},\ A=V_{[:,1:r]}^\top,\ R_0=\tfrac1s S_{[1:r,1:r]},\qquad W=W_0+s\,BRA;\ B,A\text{ frozen},\ R\in\mathbb{R}^{r\times r}\text{ trained}",r^2,any linear layer,"\(\Delta W=BRA\) with frozen orthonormal outer factors \(B,A\) (from the SVD of an approximate first full-FT update) and a trainable \(r\times r\) core \(R\)",yes,\(BRA\) is a dense matrix of the original shape and folds into \(W_0\).,"No: \(W_0\) is not offset, so the model starts at \(W_0\) plus the optimal rank-\(r\) approximation of the simulated first AdamW step (sign of summed gradients over ~0.1% of the training data).","With the LoRA-XS architecture (frozen \(B,A\), trainable \(r\times r\) \(R\)), initializing \(B,A\) from the SVD of an approximate full-FT update makes the learning dynamics hyperparameter-free in the scale \(s\) and gives the optimal low-rank approximation of full-FT gradients.","Reported beating LoRA with 27-90x fewer trainable parameters and comprehensively outperforming LoRA-XS on GSM8K/MATH, commonsense reasoning and GLUE with RoBERTa-large, Llama-3.2-3B, Mistral-7B and Gemma-2-9B.",True,method,R-additive,Lin,"LoRA-SB is the categorical product \(\mathrm{FA}(V_r^\top)\times\mathrm{FB}(U_r)\) of Prop I.8(a) taken in the frame of the simulated first Adam update rather than of \(W_0\), re-pointed at \(R_0=S_r/s\): a linear \(r^2\)-dimensional image with a designed defect. Because that frame is the SVD of \(\mathrm{sign}(\sum\nabla)\), its covariance is only signed permutations and homotheties on each side, not \(CO\times CO\).",ponkshe2024initialization,R,Lin,defect,none,MonxMon,M1,idempotent
lora-null,LoRA-Null,LoRA initialized in the Null space of activations,Put the Space of LoRA Initialization to the Extreme to Preserve Pre-trained Knowledge,Tang et al.,2025,AAAI 2026,2503.02659,https://ojs.aaai.org/index.php/AAAI/article/view/40608,https://github.com/HungerPWAY/LoRA-Null,False,,additive-weight,"X_{pre}=U\Sigma V^\top,\ U_{null}=U_{[:,-r:]}\in\mathbb{R}^{d_{in}\times r},\quad W_0U_{null}U_{null}^\top=U'\Sigma'V'^\top,\quad B=U'_{[:,:r]}\Sigma'^{1/2}_{[:r]},\ A=\Sigma'^{1/2}_{[:r]}V'^\top_{[:r,:]},\quad W_0'=W_0-BA,\qquad h=(W_0'+BA)x",r(d_{in}+d_{out}),any linear layer,\(\Delta W\) factors through an \(r\)-dimensional space initialized as the projection of \(W_0\) onto the (approximate) null space of pre-training-knowledge input activations,yes,\(W_0'+BA\) is an ordinary dense matrix of the original shape.,Exact: \(W_0'+B_0A_0=W_0\); data-driven from activations of knowledge-probing (pre-training-like) data.,"Argues that the space in which LoRA is initialized, not the residual weight, governs forgetting, and initializes the adapter in the null space of pre-trained-knowledge activations so that updates minimally disturb what the model already knows.",Reported better knowledge preservation than CorDA (e.g. 93.18% vs 89.00% on LLaMA-3.2-3B math setting) with competitive downstream accuracy.,False,method,R-additive,Cone*,"LoRA-Null is a Type II split with \(P=W_0P_{\rm null}\), the projection of \(W_0\) onto the minor input-activation directions of pretraining data; \(\theta_0\) is a smooth point of \((W_0-P)+\mathcal M_{\le r}\). Since \(P\) depends on the output side only through \(W_0\), the split is \(GL(m)\times CO(n)\)-covariant.",tang2025put,R,Cone*,regular,GL,GLxCO,M1,span
dylora,DyLoRA,Dynamic Search-Free Low-Rank Adaptation,DyLoRA: Parameter Efficient Tuning of Pre-trained Models using Dynamic Search-Free Low-Rank Adaptation,Valipour et al.,2022,EACL 2023,2210.07558,https://arxiv.org/abs/2210.07558,https://github.com/huawei-noah/KD-NLP/tree/main/DyLoRA,False,,additive-weight,"b\sim p_B\ \text{on}\ \{r_{min},\dots,r_{max}\},\quad h=W_0x+\tfrac{\alpha}{b}\,B_{[:,1:b]}A_{[1:b,:]}\,x,\quad \mathcal{L}^{DY}_{\downarrow b}=\textstyle\sum_i\ell\big(f(x_i;A_{[1:b,:]},B_{[:,1:b]}),y_i\big)",r_{max}(d_{in}+d_{out}),"any linear layer (typically \(W_q\), \(W_v\))","nested family of truncations \(\Delta W_{\downarrow b}=B_{[:,1:b]}A_{[1:b,:]}\) trained jointly (nested-dropout-like ordering of rank-1 components), so every prefix rank is a usable adapter",yes,"After choosing any rank \(b\) at deployment, \(B_{[:,1:b]}A_{[1:b,:]}\) folds into \(W_0\).",Standard LoRA initialization (up-projection \(B=0\)).,"Train a single adapter for a whole range of ranks by sampling a truncation rank at every step, so the rank can be chosen after training without a search.","Reported training 4-7x faster than searching LoRA ranks, with GLUE average 86.66 vs 86.49 for LoRA on RoBERTa-base.",True,method,R-additive,Cone,"DyLoRA's object at full rank is LoRA\(_{r_{\max}}\), but its nested-dropout loss is a sum over the filtration \(W_0+\mathcal M_{\le b}\), and only the torus \(T_r\) preserves every truncation, so the training gauge is \(T_r\) rather than \(GL_r\). The truncations are A2 sub-objects DyLoRA\(_b\hookrightarrow\)DyLoRA\(_{r_{\max}}\).",valipour2022dylora,R,Cone,apex,torus,GLxGL,M1,span
sora,SoRA,Sparse Low-rank Adaptation,Sparse Low-rank Adaptation of Pre-trained Language Models,Ding et al.,2023,EMNLP 2023,2311.11696,https://arxiv.org/abs/2311.11696,https://github.com/TsinghuaC3I/SoRA,False,,additive-weight,"h=W_0x+B\big(g\odot(Ax)\big),\ g\in\mathbb{R}^{r_{max}};\quad \mathcal{L}=\mathcal{L}_0+\lambda\textstyle\sum_k\lVert g^{(k)}\rVert_1;\quad g_{t+1}=\mathcal{T}_{\eta_t\lambda}\big(g_t-\eta_t\nabla_g\mathcal{L}_0\big),\ \mathcal{T}_\xi(x)=\mathrm{sign}(x)\max(|x|-\xi,0)",r_{max}(d_{in}+d_{out}+1)\ \text{during training};\ r'(d_{in}+d_{out})\ \text{after pruning zero gates},any linear layer,"\(\Delta W=B\,\mathrm{diag}(g)\,A\) with a sparse gate vector driven to exact zeros by proximal (soft-thresholding) updates; zeroed rank-1 components are removed",yes,"After pruning, \(B\,\mathrm{diag}(g)\,A\) is a plain low-rank matrix that folds into \(W_0\).","\(B=0\) as in LoRA (\(A\) Kaiming-uniform, gate \(g \sim N(0,1)\) in the official code).","Start with a generous rank and let an L1-regularized gate, optimized by proximal gradient, decide how many rank-1 components each matrix keeps.","Reported GLUE average 89.36 with 0.91M parameters vs LoRA 88.38 (1.33M) and AdaLoRA 88.83 (1.27M) on DeBERTaV3-base, with about 30% faster training.",False,method,R-additive,Cone,"SoRA is the map \((B,g,A)\mapsto W_0+B\,\mathrm{diag}(g)A\) pointed at \(B=0\) (stratum \(\mathrm T_A\), \(\dim S_1=mr_{\max}\)); it factors through LoRA by \(h=(B\,\mathrm{diag}(g),A)\), and pruning zero gates moves to a lower-rank sub-object. The \(\ell_1\) penalty lives on \(Q\), not on \(\Theta\): the slide \((BD^{-1},Dg,A)\) fixes \(\rho\) but rescales \(\|g\|_1\), so the sparsity it induces depends on the gauge.",ding2023sparse,R,Cone,apex,nonlinear,GLxGL,M1,span
increlora,IncreLoRA,Incremental Parameter Allocation LoRA,IncreLoRA: Incremental Parameter Allocation Method for Parameter-Efficient Fine-tuning,Zhang et al.,2023,arXiv,2308.12043,https://arxiv.org/abs/2308.12043,https://github.com/FeiyuZhang98/IncreLoRA,False,,additive-weight,"W=W_0+\textstyle\sum_{i=1}^{r_k}\lambda_i\,b_ia_i^\top=W_0+B\Lambda A;\quad R=\lVert AA^\top-I\rVert_F^2+\lVert B^\top B-I\rVert_F^2\ (\text{drives }\lVert b_ia_i^\top\rVert_F\to1);\quad S_k^{(t)}=\mathrm{avg}\big(|\Delta W_k\odot\nabla_{\Delta W_k}\mathcal{L}|\big)\ \text{(EMA-smoothed}\times\text{uncertainty)};\ \text{every }\nu\text{ steps add a rank-1 component to the top-}h\text{ modules}","r_k(d_{in}+d_{out}+1)\ \text{plus one reserve component }(d_{in}+d_{out})\text{ per module during allocation},\ r_k\ \text{growing from }1\ \text{until}\ \textstyle\sum_k r_k=r_{final}",any linear layer; budget shared across modules,sum of scaled rank-1 components whose number per module grows during training according to an importance score; each new component is pre-trained as a reserve with tiny scale (advance learning) and gets its own restarted warmup,yes,The final sum of rank-1 terms is a dense matrix of the original shape.,\(\lambda_i=0\) for active components (reserve components held at \(\lambda\approx10^{-5}\)).,"Grow, rather than prune, the rank of each module: start every matrix at rank 1 and add components where the importance score says capacity is needed, which avoids AdaLoRA's upper bound on per-module rank.","Reported GLUE average 89.61 (1.33M params) vs AdaLoRA 89.46 (1.27M) and LoRA \(r=8\) 88.50 (1.33M) on DeBERTaV3-base, with larger advantages at low budgets.",False,method,R-additive,Cone,"IncreLoRA is the \(P\Lambda Q\) object pointed at \(\Lambda=0\) (\(\dim S_1=r_k\), apex), walked up the rank filtration by A5 stages \(r_k\to r_k+1\) instead of down it as in AdaLoRA; its reachable set is a budgeted union of cones \(W_0+\mathcal M_{\le r_k}\) without AdaLoRA's per-module ceiling.",zhang2023increlora,R,Cone,apex,nonlinear,GLxGL,M1,span
alora-allocating,ALoRA,Allocating Low-Rank Adaptation,ALoRA: Allocating Low-Rank Adaptation for Fine-tuning Large Language Models,Liu et al.,2024,NAACL 2024,2403.16187,https://arxiv.org/abs/2403.16187,,False,,additive-weight,"h=W_0x+B_mG_mA_mx,\ G_m=\mathrm{diag}(\alpha_{m,1},\dots,\alpha_{m,r_m}),\ \alpha_{m,i}\in\{0,1\}\ (\text{init }1,\text{ not trained});\quad \mathrm{IS}(i)=S(\mathcal{M})-S(\mathcal{M}_{\setminus i})+S(\mathcal{M}_{i}),\ S=-\mathrm{CE}\ \text{on a validation batch};\ \text{prune the }n_A\text{ lowest-IS ranks, give }n_A\text{ new ranks to un-pruned modules, retrain }K_2\text{ epochs, repeat }N_A\text{ times}","r_m(d_{in}+d_{out})\ \text{per module, with}\ \textstyle\sum_m r_m\ \text{fixed}",any linear layer; ranks moved between modules,"\(\Delta W=B\,\mathrm{diag}(\alpha)\,A\) with binary per-rank gates; rank-1 components with low ablation-based importance are zeroed and the same number of new ranks is appended to modules that lost none, so \(\sum_m r_m\) stays at \(R_{target}\)",yes,"After allocation, each \(B\,\mathrm{diag}(\alpha)\,A\) is a plain low-rank matrix.","Gates are all 1 at initialization; each module starts at \(r_m=R_{target}/N_{mod}\). The LoRA factors follow the usual LoRA initialization (the paper gives no separate scheme), and newly added gates are initialized to 1.","Estimate each rank-1 component's importance by ablation (performance with it removed and with it alone) on a validation batch, prune the useless ones, and hand their rank budget to modules that need it.","Reported outperforming LoRA, SoRA and AdaLoRA at comparable budgets on GLUE/SuperGLUE tasks, E2E and instruction tuning with LLaMA-2-7B.",False,method,R-additive,Cone,"ALoRA trains plain LoRA with frozen binary gates, \(\rho=W_0+B\,\mathrm{diag}(\alpha)A\), and moves between objects of the rank filtration by pruning and re-granting rank-one components: its reachable set is a budgeted union of LoRA cones at fixed total rank. Its ablation score is a function of the rank-one split of \(BA\), which the \(GL_r\) gauge does not fix.",liu2024alora,R,Cone,apex,GL,GLxGL,M1,span
autolora,AutoLoRA,Automatic rank tuning for LoRA via meta-learning,AutoLoRA: Automatically Tuning Matrix Ranks in Low-Rank Adaptation Based on Meta Learning,Zhang et al.,2024,NAACL 2024,2403.09113,https://arxiv.org/abs/2403.09113,,False,,additive-weight,"\Delta W_\ell=\textstyle\sum_{j=1}^{k_\ell}\alpha_\ell^j\,b_\ell^j a_\ell^{j\top},\quad \alpha_\ell^j=\frac{\exp\beta_\ell^j}{\sum_i\exp\beta_\ell^i};\quad \min_\beta\mathcal{L}_{val}\big(W-\eta\nabla_W\mathcal{L}_{train}(W,\beta)\big);\quad r_\ell=\#\{j:\alpha_\ell^j\ge 1/k_\ell\}",k_\ell(d_{in}+d_{out}+1)\ \text{during search};\ r_\ell(d_{in}+d_{out})\ \text{after retraining},any linear layer,"weighted sum of rank-1 components with softmax selection variables learned by bi-level (train / validation) optimization; thresholding selects the rank, then the adapter is retrained",yes,The retrained rank-\(r_\ell\) update is a plain low-rank matrix.,Standard LoRA-style zero-product initialization of the rank-1 components (not separately specified beyond LoRA).,"Treat the per-layer rank as a hyperparameter to be meta-learned: selection weights on rank-1 components are fit on validation loss through a one-step-unrolled bi-level problem, then thresholded.",Reported GLUE average 85.5 vs LoRA 84.9 and AdaLoRA 85.0 with RoBERTa-base at about 0.3M parameters.,False,recipe,R-additive,Cone,"AutoLoRA is a recipe whose output is LoRA\(_{r_\ell}\) with meta-learned ranks; during the search \(\rho=W_0+\sum_j\mathrm{softmax}(\beta)_jb_ja_j^\top\), and since each \(\mathrm{softmax}(\beta)_j>0\) can be absorbed into \(b_j\), the selection variables \(\beta\) lie entirely in the fibre of \(\rho\). They act only through the cometric (as per-component learning rates), so the thresholded rank depends on the gauge representative the bi-level dynamics picks, not on the update.",zhang2024autolora,R,Cone,apex,GL,GLxGL,M1,span
elalora,ElaLoRA,Elastic & Learnable Low-Rank Adaptation,ElaLoRA: Elastic & Learnable Low-Rank Adaptation for Efficient Model Fine-Tuning,Chang et al.,2025,arXiv,2504.00254,https://arxiv.org/abs/2504.00254,https://github.com/HuandongChang/ElaLoRA,False,,additive-weight,"W=W_0+P\Lambda Q;\quad S_i=s(\lambda_i)+\tfrac1{d_{out}}\textstyle\sum_js(P_{ji})+\tfrac1{d_{in}}\sum_js(Q_{ij}),\ s(w)=|w\,\partial\mathcal{L}/\partial w|;\ \text{every }t_{adjust}\text{ steps prune the }b^{(t)}\text{ globally least important ranks and expand }b^{(t)}\text{ ranks in matrices whose weakest ranks are most important},\ b^{(t)}=\mathrm{round}\big(b(1-P^3)\big)","r_\ell(d_{in}+d_{out}+1),\ \textstyle\sum_\ell r_\ell\ \text{held at the budget}",any linear layer,AdaLoRA-style SVD-shaped update whose per-matrix rank can both shrink and grow during training; new ranks are Gram-Schmidt orthogonalized,yes,\(P\Lambda Q\) is a dense matrix of the original shape.,\(\Lambda=0\) as in AdaLoRA (confirmed in the official loralib/elalora.py); expanded ranks initialized by Gram-Schmidt orthogonalization.,"Make rank allocation elastic: alongside AdaLoRA-style pruning, re-expand ranks where importance indicates under-capacity, with a cubic schedule that tapers the reallocation.","Reported GLUE average (DeBERTaV3-base) 88.01 at \(r=2\) vs AdaLoRA 87.39 at \(r=2\) and above AdaLoRA at \(r=4\) (87.89), plus gains on XSum (BART-base) and VTAB-1k (ViT-B/16).",False,method,R-additive,Cone,"ElaLoRA is AdaLoRA's \(P\Lambda Q\) object at \(\Lambda=0\) with an elastic schedule that both prunes (A2 sub-objects) and expands (A5 stages, Gram–Schmidt-orthogonalised new frames at \(\lambda=0\)) inside the rank filtration; it shares AdaLoRA's coordinates, with the gauge recorded as non-linear because the generic fibre \(r^2+r\) exceeds the torus.",chang2025elalora,R,Cone,apex,nonlinear,GLxGL,M1,span
lora-drop,LoRA-drop,LoRA-drop (output-based LoRA parameter pruning),LoRA-drop: Efficient LoRA Parameter Pruning based on Output Evaluation,Zhou et al.,2024,COLING 2025,2402.07721,https://aclanthology.org/2025.coling-main.371/,,False,,additive-weight,"g_i=\textstyle\sum_{x\in D_s}\lVert\Delta W_ix_i\rVert_2^2,\quad I_i=g_i/\sum_jg_j;\quad \text{keep individual }B_iA_i\text{ for the top layers until }\sum I_i\ge T,\ \text{all other layers share one }B_sA_s:\ \ h_i=W_{0,i}x+\tfrac{\alpha}{r}B_sA_sx","(n_{keep}+1)\,r(d_{in}+d_{out})\ \text{per adapted weight type (vs. }L\,r(d_{in}+d_{out})\text{ for LoRA)}",LoRA modules across layers; unimportant layers share one adapter,"layer-wise allocation: important layers keep their own rank-\(r\) \(\Delta W_i=B_iA_i\), the rest are tied to a single shared rank-\(r\) update",yes,Each layer's (own or shared) \(BA\) folds into its \(W_0\).,Standard LoRA initialization (\(B=0\)); importance measured after a few warm-up steps on about 10% of the data.,"Judge each layer's LoRA by the actual magnitude of its output on data rather than by parameter statistics, and stop paying for separate adapters in layers whose output contribution is small.",Reported GLUE average 86.2 vs LoRA 86.1 and full fine-tuning 86.4 on RoBERTa-base while keeping about 50% of the LoRA parameters.,False,method,R-additive,Cone,"LoRA-drop composes per-layer LoRA on the important layers with a single LoRA pulled back along the diagonal \(\Theta_{\rm box}\to\prod_{j\in\rm share}\Theta_j\): tying is a diagonal monomorphism into the product of per-layer LoRAs. Under merge-and-restart with the sharing pattern frozen the shared layers move together, so \(R_\infty\) is the diagonal subspace on them, not \(\Theta\).",zhou2024lora,R,Cone,apex,GL,GLxGL,M1,span
dora-dynamic-rank,DoRA (dynamic rank),Dynamic Low-Rank Adaptation (Mao et al.; not the weight-decomposed DoRA),DoRA: Enhancing Parameter-Efficient Fine-Tuning with Dynamic Rank Distribution,Mao et al.,2024,ACL 2024,2405.17357,https://aclanthology.org/2024.acl-long.626/,https://github.com/MIkumikumi0116/DoRA,False,,additive-weight,"W=W_0+\textstyle\sum_{i=1}^{r'}c_i\,b_ia_i^\top,\ b_i\in\mathbb{R}^{d_{out}},a_i\in\mathbb{R}^{d_{in}};\quad s_i=\frac{\lVert c_ib_ia_i^\top\rVert_F}{\lVert\sum_jc_jb_ja_j^\top\rVert_F}\ \text{(EMA-smoothed)};\ \text{prune by }c_i\leftarrow0\ \text{under a cubic budget }b^{(0)}=r'\to b^{(T)}=r;\quad R_{DEM}=\tfrac1n\textstyle\sum_i(\mathrm{Var}(a_i)+\mathrm{Var}(b_i))","r'(d_{in}+d_{out}+1)\ \text{during training},\ r'\approx1.5\,r;\ \ r_\ell(d_{in}+d_{out})\ \text{retained}",any linear layer; budget shared across matrices,sum of scaled rank-1 components pruned by their Frobenius-norm share of the layer update; pruned components can revive,yes,The retained sum of rank-1 terms is a dense matrix of the original shape.,"\(c_i=0\) (\(a_i,b_i\) Kaiming-initialized).","Decompose each LoRA layer into single-rank components and prune by how much each actually contributes to the layer's update norm, with a variance regularizer that keeps component entries balanced.","Reported outperforming LoRA by 0.84-0.88 and AdaLoRA by 0.45-0.59 points on GLUE, plus SQuAD and XSum results with RoBERTa and BART, at under 0.3% trainable parameters.",False,method,R-additive,Cone,"DoRA (dynamic rank) is the map \(W_0+B\,\mathrm{diag}(c)A\) pointed at \(c=0\) with random \(B_0,A_0\) (only \(c\) moves to first order, \(\dim S_1=r'\)), pruned along a cubic budget; it has nothing to do with weight-decomposed DoRA. Its importance \(\|c_ib_ia_i^\top\|_F\) is invariant under the torus slides but not under the whole fibre, since the rank-one split of the update is not unique.",mao2024dora,R,Cone,apex,nonlinear,GLxGL,M1,span
lora-rite,LoRA-RITE,Robust Invariant Transformation Equilibration for LoRA,LoRA Done RITE: Robust Invariant Transformation Equilibration for LoRA Optimization,Yen et al.,2024,ICLR 2025,2410.20625,https://arxiv.org/abs/2410.20625,https://github.com/gkevinyen5418/LoRA-RITE,False,,optimizer-or-training-procedure,"A^{\top}=U_AR_A\ (\text{polar}),\ \ \bar\nabla_B = G\,U_A = \nabla_B\mathcal{L}\,R_A^{\dagger},\ \ \bar V_B \leftarrow P\,\bar V_B P^{\top} + \tfrac{1}{d_{out}}\bar\nabla_B^{\top}\bar\nabla_B,\ \ B \leftarrow B - \eta\,\bar\nabla_B\,(\bar V_B+\rho I_r)^{-1/2}(R_A^{\top})^{\dagger}\ \ (\text{symmetric rule for } A;\ P=U_{A,t}^{\top}U_{A,t-1};\ \rho\ \text{accumulated escaped mass};\ \text{first moment omitted})",r(d_{in}+d_{out}),same as LoRA,"Adaptive one-sided \(r\times r\) matrix preconditioning of 'unmagnified' gradients expressed in orthonormal bases of the factors; moments are transported between successive bases and an 'escaped mass' \(\rho I\) compensates lost second-moment mass. The resulting \(W\)-update is exactly invariant under \((B,A)\mapsto(BR,R^{-1}A),\ R\in GL(r)\) (transformation invariance).",yes,Only the optimizer changes; the adapter remains a mergeable LoRA product.,Standard LoRA initialization (\(B = 0\)); the update uses pseudo-inverses \(R^\dagger\) so rank-deficient factors are allowed.,"Gradient descent, Adam, Adagrad, RMSProp and Shampoo are not even scalar-scale invariant on LoRA factors (LoRA+ inherits this), and ScaledAdam loses the transformation invariance of Riemannian GD; RITE builds an Adam-like adaptive matrix-preconditioned optimizer whose \(W\)-update depends only on \(BA\), at roughly Adam's cost for small \(r\).","Replacing Adam with LoRA-RITE for LoRA tuning of Gemma-2B gives +4.6% accuracy on Super-Natural Instructions and +3.5% averaged over HellaSwag, ARC-Challenge, GSM8K and OpenBookQA; with Gemma-7B-IT it reaches 55.50% on GSM8K vs 48.37% for Adam.",True,method,R-additive,Cone,"LoRA-RITE is a trained-method structure on LoRA whose \(W\)-update factors through the quotient by \(GL_r\): adaptive matrix-preconditioned moments are expressed in orthonormal bases of the factors and transported between bases. It thus achieves descent of the update, which Adam's \(B_r\) shadow of the gauge lacks.",yen2024lora,R,Cone,apex,GL,GLxGL,M1,span
lora-pro,LoRA-Pro,LoRA-Pro (equivalent-gradient matching),LoRA-Pro: Are Low-Rank Adapters Properly Optimized?,Wang et al.,2024,ICLR 2025,2407.18242,https://arxiv.org/abs/2407.18242,https://github.com/mrflogs/LoRA-Pro,False,,optimizer-or-training-procedure,"\tilde g := sBg^{A}+sg^{B}A\approx G:\quad g^{A}=\tfrac{1}{s^{2}}(B^{\top}B)^{-1}\nabla_A\mathcal{L}+XA,\quad g^{B}=\tfrac{1}{s^{2}}\big[I-B(B^{\top}B)^{-1}B^{\top}\big]\nabla_B\mathcal{L}\,(AA^{\top})^{-1}-BX,\quad B^{\top}BX+XAA^{\top}=-\tfrac{1}{s^{2}}(B^{\top}B)^{-1}\nabla_A\mathcal{L}\,A^{\top}",r(d_{in}+d_{out}),same as LoRA,"Gradient surgery on the fixed-rank manifold: the 'equivalent gradient' becomes \(\tilde g = P_BG+(I-P_B)GP_A\), the orthogonal projection of the full gradient \(G\) onto the tangent space of rank-\(r\) matrices at \(BA\) (closed-form minimiser of \(\|\tilde g-G\|_F\)); the residual \(r\times r\) gauge freedom \(X\) is fixed by a Sylvester equation keeping \((g^A,g^B)\) closest to the vanilla LoRA gradients. The AdamW variant keeps moments of the full-size equivalent gradient.",yes,Only the optimizer changes; the result is a standard LoRA adapter.,"Standard LoRA init (\(B = 0\), so \(\Delta W = 0\)). The closed form assumes full-rank \(A\) and \(B\); the paper observes that both factors become full rank after the first update step, so the assumption fails only at step 0. LLM experiments use rsLoRA scaling \(s = \alpha/\sqrt{r}\).","Training LoRA is equivalent to full fine-tuning with a low-rank 'equivalent gradient' \(sBg^A + sg^BA\); choosing \(g^A\), \(g^B\) to make this as close as possible to the true full gradient (closed form, guaranteed loss decrease) narrows the gap to full fine-tuning.","On a GLUE subset with T5-base LoRA-Pro beats standard LoRA by 6.36 points on average (above full fine-tuning), and on Llama-2-7B it beats LoRA-GA by 2.85 (GSM8K) and 6.45 (HumanEval) at rank 32, at ~4 GB more GPU memory than LoRA.",True,method,R-additive,Cone,"LoRA-Pro chooses the cometric \(K=\eta\,\Pi_{T_{W-W_0}\mathcal M_r}\), the Frobenius-orthogonal projection of the full gradient onto the tangent space of the rank-\(r\) stratum, i.e. Riemannian gradient flow on LoRA's image. Its residual \(r\times r\) freedom \(X\) is a choice of lift through the gauge fibre.",wang2024lorac,R,Cone,apex,GL,GLxGL,M1,span
relora,ReLoRA,Restarted LoRA (high-rank training through low-rank updates),ReLoRA: High-Rank Training Through Low-Rank Updates,Lialin et al.,2023,ICLR 2024,2307.05695,https://arxiv.org/abs/2307.05695,https://github.com/Guitaricet/relora,False,,optimizer-or-training-procedure,"W^{(k)} = W^{(k-1)} + s\,B_kA_k\ \ (\text{merge every } T \text{ steps}),\qquad \Delta W_{\text{total}}=\sum_{k=1}^{N} s\,B_kA_k,\ \ \mathrm{rank}\le Nr;\quad \text{after each merge: } B_k\leftarrow 0,\ A_k\ \text{re-init},\ \text{prune most Adam moments, LR re-warm-up}",r(d_{in}+d_{out})\ \text{per adapted matrix at any time (after a short full-rank warm start when training from scratch); in the paper's pre-training runs embeddings and normalization layers are also trained full-rank},attention and MLP linear layers of Transformer LMs during (pre-)training,Sum of \(N\) rank-\(r\) increments accumulated by periodic merge-and-reinit: the total update lies in \(\mathcal M_{\le r}+\cdots+\mathcal M_{\le r}=\mathcal M_{\le Nr}\) while each phase optimizes only a rank-\(r\) chart; uses a jagged cosine schedule and magnitude-pruned (~99%) optimizer state at each restart.,yes,"LoRA factors are merged into the dense weights at every restart and at the end, leaving a plain dense model.",Each restart re-initializes \(B = 0\) (\(A\) Kaiming) so merge-and-reinit leaves the function unchanged; from-scratch training needs a full-rank warm start (e.g. 5k steps) before switching to ReLoRA.,"Since \(\mathrm{rank}(X+Y)\) can exceed \(\mathrm{rank}(X)\), repeatedly merging low-rank updates into the weights and restarting the adapter yields a high-rank total update with low-rank memory; partial optimizer reset and LR re-warm-up stop the new adapter from relearning the old subspace.","Pre-training Transformer LMs up to 1.3B parameters on C4, ReLoRA performs comparably to full-rank training while saving up to 5.5 GB RAM per GPU and speeding up training by 9-40% depending on model size and hardware.",True,method,B,Cone,"ReLoRA is \(\mathrm{LoRA}_r^{\oplus K}\) unrolled in time: each restart re-points the cone at the merged weight, and the reach is the \(K\)-fold Minkowski sum of the cone, the rank-\(Kr\) variety. It is the additive twin of re-HRA.",lialin2023relora,B,Cone,apex,GL,GLxGL,M1,schedule
delta-lora,Delta-LoRA,Delta-LoRA (propagating the low-rank delta into the pretrained weight),Delta-LoRA: Fine-Tuning High-Rank Parameters with the Delta of Low-Rank Matrices,Zi et al.,2023,arXiv,2309.02411,https://arxiv.org/abs/2309.02411,,False,,optimizer-or-training-procedure,"h = W^{(t)}x+\tfrac{\alpha}{r}B^{(t)}A^{(t)}x;\quad (A,B)\ \text{updated by AdamW};\quad W^{(t+1)} = W^{(t)} + \lambda\,\tfrac{\alpha}{r}\big(B^{(t+1)}A^{(t+1)}-B^{(t)}A^{(t)}\big)\ \ \text{for } t> K;\ \ \text{no dropout on the LoRA branch}",r(d_{in}+d_{out})\ \text{with optimizer state; all } d_{out}d_{in} \text{ entries of } W \text{ are also modified (no gradient or moments stored for } W),"same as LoRA (paper: GPT-2, BART, RoBERTa weight matrices)","Every step after \(K\) adds \(\lambda\) times the increment of the rank-\(r\) product (itself of rank \(\le 2r\)) to the base weight, so \(W\) accumulates an unbounded-rank sum of low-rank increments; the increment acts as a surrogate for \(-\eta\,\partial\mathcal{L}/\partial W\), which is exact only without dropout in the branch.",yes,"The final model is the dense weight \(W^{(T)} + (\alpha/r) B A\), but the pretrained weight itself is overwritten, so the adaptation cannot be stored or swapped as a small detachable adapter.","\(B = 0\) and \(W\)-updates only start after \(K\) steps, so training starts from the pretrained function.","Reuse the change of the low-rank product between consecutive steps as a free (no gradient, no optimizer state) update to the full pretrained weight, giving high-rank adaptation at LoRA's memory cost.","Outperforms LoRA, DyLoRA and AdaLoRA in the paper's experiments on E2E and WebNLG (GPT-2 medium), XSum (BART-large) and GLUE (RoBERTa-base).",False,method,B,Cone,"Delta-LoRA's per-step partial merges telescope, so it is a two-stage rebasing scheme of LoRA\(_r\): a zero-init stage, then one re-pointing at step \(K\) to \((W_0-\lambda sB_KA_K)+(1+\lambda)s\,\mathcal M_{\le r}\), with a gradient detached by the factor \(1/(1+\lambda)\). By Thm II.1 its total update has rank at most \(2r\), so the high-rank claim fails in exact arithmetic (checked numerically under AdamW).",zi2023delta,B,Cone,apex,GL,GLxGL,M1,schedule
cola,COLA,Chain of LoRA,Chain of LoRA: Efficient Fine-tuning of Language Models via Residual Learning,Xia et al.,2024,arXiv,2401.04151,https://arxiv.org/abs/2401.04151,,False,,optimizer-or-training-procedure,"W^{(i)} = W_0 + \sum_{j=1}^{i} B_jA_j,\qquad (B_i,A_i) \approx \arg\min_{B_i,A_i}\ \mathcal{L}\big(W^{(i-1)} + B_iA_i\big);\quad \text{then merge ('tie a knot'), re-init } B_{i+1}=0,\ A_{i+1}\sim\mathcal{N},\ \text{reset optimizer}",r_i(d_{in}+d_{out})\ \text{for the active link (ranks may decrease along the chain)},"same as LoRA (OPT-1.3B, Llama-2-7B)","Residual learning: a chain of \(M\) rank-\(r_i\) corrections, each fitted to the residual \(\Delta W^\star-\sum_{j<i}B_jA_j\) on top of the merged weights; analysed as a (stochastic, non-convex) Frank-Wolfe / conditional-gradient method over low-rank atoms.",yes,"Each link is merged into the frozen weights as training proceeds, so the final model is a dense matrix of the original shape.","Each new link starts with \(B = 0\) and Gaussian \(A\), so extending the chain does not change the function.","Approximate the optimal high-rank update by a Frank-Wolfe-like sequence of low-rank residual fits (tune LoRA, merge, extend the chain with a fresh LoRA and reset optimizer state), at LoRA's compute and memory.","Across OPT-1.3B and Llama-2-7B on seven tasks COLA consistently beats LoRA, e.g. a 6.47% relative test-accuracy gain on WSC with OPT-1.3B and up to 4.4% relative gain with Llama-2-7B.",False,method,B,Cone,"COLA is the rebasing scheme \(\mathrm{LoRA}_{r_1}\oplus\cdots\oplus\mathrm{LoRA}_{r_M}\) unrolled in time with full optimizer resets. As an object it coincides with ReLoRA at equal ranks; its Frank–Wolfe reading concerns the trained-method data (which atom each stage picks), not expressivity.",xia2024chain,B,Cone,apex,GL,GLxGL,M1,schedule
periodic-lora,PeriodicLoRA,PeriodicLoRA (PLoRA),PeriodicLoRA: Breaking the Low-Rank Bottleneck in LoRA Optimization,Meng et al.,2024,arXiv,2402.16141,https://arxiv.org/abs/2402.16141,,False,,optimizer-or-training-procedure,"W_t = W_{t-1} + s\,B_tA_t\ \ (\text{unload at the end of stage } t),\qquad W_T = W_0 + \sum_{t=1}^{T} s\,B_tA_t,\ \ \mathrm{rank}\le Tr;\quad \text{momentum unloading: merge } (1-m)\,sB_tA_t \text{ and keep } (B_t,A_t) \text{ scaled by } m",r(d_{in}+d_{out}),all attention and MLP linear layers (LLaMA-7B experiments),"Periodic merge-and-reinit (unloading point = 4.8k training examples per stage) accumulating a sum of rank-\(r\) terms, with a 'momentum' that only partially unloads the adapter to stabilize training. The paper describes momentum only in words ('scaling the \(BA\) product by \((1-m)\) and \(A\) and \(B\) matrices by \(m\)'); read literally the retained product is \(m^2 sBA\), so the unload is not exactly function-preserving.",yes,Adapters are unloaded into the backbone during training; the final model is dense with the original shape.,"Each stage re-initializes \(B = 0\), \(A\) Gaussian (when \(m = 0\)), together with optimizer and LR-scheduler state.","Unload LoRA weights into the backbone after every few hundred steps and restart them, so multiple low-rank updates accumulate into a higher-rank update at constant memory; a momentum-based partial unload prevents collapse across mini-batches.",With LLaMA-7B instruction tuning PLoRA consistently outperforms LoRA at the same rank (reporting up to ~1.8x LoRA's 'learning ability') without extra memory.,False,method,B,Cone,"PeriodicLoRA is ReLoRA's rebasing scheme with a different restart map. At \(m=0\) it is ReLoRA; momentum unloading replaces the apex restart by a re-pointing at a smooth point of the cone, which as written does not preserve the function. Its reach is unchanged: the rank-\(Tr\) variety.",meng2024periodiclora,B,Cone,apex,GL,GLxGL,M1,schedule
lora-dropout,LoRA Dropout,LoRA Dropout (sparsity-regularizing dropout on LoRA factors with test-time ensembling),LoRA Dropout as a Sparsity Regularizer for Overfitting Control,Lin et al.,2024,arXiv,2404.09610,https://arxiv.org/abs/2404.09610,,False,,optimizer-or-training-procedure,"W = W_0 + s\,\hat B\hat A,\quad \hat A = A\,\mathrm{diag}(m_A),\ \hat B = \mathrm{diag}(m_B)\,B,\quad m_A\in\{0,1\}^{d_{in}},\ m_B\in\{0,1\}^{d_{out}}\sim\mathrm{Bern}(1-p);\quad \text{test time: } \bar o(x)=\tfrac{1}{N}\sum_{n=1}^{N}\mathcal{M}\big(x;\,W_0+s\hat B^{(n)}\hat A^{(n)}\big)",r(d_{in}+d_{out}),"same as LoRA; also applied to AdaLoRA's \(P\), \(Q\) factors","Bernoulli masks on the input columns of \(A\) and output rows of \(B\) (not on the rank dimension), so each entry of the product is zeroed with probability \(2p-p^2\); analysed as sparsity-regularized empirical risk minimization with a stability-based generalization bound, plus a Monte-Carlo test-time ensemble.",conditional,Without test-time ensembling the trained \(BA\) merges like LoRA; the proposed test-time ensemble needs several stochastic forward passes and cannot be folded into a single weight.,Standard LoRA initialization (\(B = 0\)).,"Even with few trainable parameters LoRA overfits; randomly dropping input/output coordinates of the LoRA factors acts as a sparsity regularizer that trades empirical risk against adaptation complexity, and averaging over dropout masks at test time tightens the bound further.",Improves accuracy and calibration over LoRA/AdaLoRA on GLUE and SQuAD (DeBERTaV3-base) and on Alpaca instruction tuning of LLaMA2-7B in the paper's experiments.,False,method,R-additive,Cone,"LoRA Dropout keeps LoRA's object and changes the trained-method data: the loss is averaged over a family of coordinate masks, which preserves the \(GL_r\) gauge but breaks the rotational naturality of training. Its test-time ensemble is a family over mask space realised at function level, hence not mergeable.",lin2024lora,R,Cone,apex,GL,GLxGL,M1,span
asylora,AsyLoRA,"Asymmetric LoRA (random frozen A, train only B)",Asymmetry in Low-Rank Adapters of Foundation Models,Zhu et al.,2024,ICML 2024,2402.16842,https://arxiv.org/abs/2402.16842,https://github.com/Jiacheng-Zhu-AIML/AsymmetryLoRA,False,,additive-weight,"W = W_0 + s\,B\,Q,\quad Q\in\mathbb{R}^{r\times d_{in}}\ \text{random with orthonormal rows (Haar/Stiefel), frozen};\ \ B\in\mathbb{R}^{d_{out}\times r}\ \text{trained from } B=0","r\,d_{out}","same as LoRA (RoBERTa, BART, LLaMA-2, ViT experiments)","Linear (not bilinear) parametrization: \(\Delta W\) ranges over \(\mathbb{R}^{d_{out}}\otimes\mathrm{row}(Q)\) for a fixed random \(r\)-dim input subspace; freezing \(A\) gives least-squares/logistic regression on randomly projected features \(Qx\), whereas freezing \(B\) only fits outputs projected onto a random subspace.",yes,\(B Q\) is an ordinary additive low-rank update that merges into \(W_0\).,\(B = 0\) with \(Q\) random orthogonal and never updated.,"\(A\) and \(B\) play asymmetric roles: \(A\) extracts input features (and a random \(A\) works about as well as a learned one) while \(B\) maps them to the task; training only \(B\) halves parameters, tightens information-theoretic generalization bounds, and lets one double \(r\) at fixed budget.","Across RoBERTa, BART-Large, LLaMA-2 and ViT, \(B\)-only tuning with a random orthogonal \(A\) matches or beats standard LoRA at matched parameter count and improves out-of-domain accuracy on DomainBed.",False,method,R-additive,Lin,"AsyLoRA is the one-sided object \(\mathrm{FA}(Q)\hookrightarrow\mathrm{LoRA}_{(0,Q)}\) with a Haar-random orthonormal frame: the same object as LoRA-FA up to the law of \(\mathrm{row}\,A_0\). Orthonormality makes its plain-SGD cometric \(s^2\eta\,GQ^\top Q=s^2\eta\,GP_V\), which is already LoRA-FA's corrected (least-squares) cometric.",zhu2024asymmetry,R,Lin,regular,none,frame,M1,idempotent
lora-without-regret,LoRA Without Regret,LoRA Without Regret (Thinking Machines Lab recipe and analysis),LoRA Without Regret,Schulman & Thinking Machines Lab,2025,"Thinking Machines Lab: Connectionism (blog), 2025",,https://thinkingmachines.ai/blog/lora/,,True,"LoraConfig(lora_alpha=32, target_modules='all-linear')  # same-LR AdamW, LR ~10x the FullFT LR",optimizer-or-training-procedure,"W = W_0+\tfrac{\alpha}{r}BA,\ \ \alpha=32,\ \ A_{ij}\sim\mathcal{U}\big(\pm\tfrac{1}{\sqrt{d_{in}}}\big),\ B=0,\ \ \eta_A=\eta_B=\eta_{\text{LoRA}}\approx 10\,\eta_{\text{FullFT}};\ \ \text{apply to all linear layers incl. MLP/MoE}",r(d_{in}+d_{out}),"all weight matrices, especially MLP and MoE layers (attention-only LoRA underperforms MLP-only LoRA)","Standard LoRA parametrization; of the four hyperparameters (\(\alpha\), \(\eta_A\), \(\eta_B\), init scale of \(A\)) only two affect the dynamics, and with the \(1/r\) multiplier and \(B=0\) the expected first update \(\tfrac{1}{r}\sum_i b_ia_i^{\top}\) is rank-independent, making the optimal LR approximately independent of \(r\).",yes,"It is plain LoRA, so the adapter merges into \(W_0\).",\(B = 0\) with \(A\) uniform of scale \(1/\sqrt{d_{in}}\) (the PEFT default parametrization).,"LoRA matches full fine-tuning in the regime that matters for post-training when applied to all layers (especially MLPs) with ~10x the FullFT learning rate and when the dataset does not exceed adapter capacity; RL needs very little capacity, so even rank-1 LoRA matches FullFT for policy-gradient training.","On Llama 3 / Qwen3 models with Tulu3 and OpenThoughts3 SFT, LoRA matches FullFT until capacity is exceeded; on MATH/GSM8K/DeepMath RL even rank-1 LoRA matches FullFT; LoRA is less tolerant of large batch sizes; LoRA costs slightly more than 2/3 of FullFT FLOPs per pass.",False,analysis,R-additive,Cone,"LoRA Without Regret studies LoRA's trained-method data rather than a new object: its hyperparameter redundancy is the 2-torus action of Thm III.10, and its capacity claims are statements about when the cone \(\theta_0+\mathcal M_{\le r}\) contains the needed update.",schulman2025lora,R,Cone,apex,GL,GLxGL,M1,span
flat-lora,Flat-LoRA,Flat-LoRA (low-rank adaptation over a flat full-space loss landscape),Flat-LoRA: Low-Rank Adaptation over a Flat Loss Landscape,Li et al.,2024,ICML 2025,2409.14396,https://arxiv.org/abs/2409.14396,https://github.com/nblt/Flat-LoRA,False,,optimizer-or-training-procedure,"\min_{A,B}\ \mathbb{E}_{\varepsilon_W}\,\mathcal{L}\big(W'+\varepsilon_W\big),\quad W'=W_0+sBA,\quad (\varepsilon_W)_{ij}\sim\mathcal{N}\!\big(0,\tfrac{\sigma^2}{d_{in}}\|W'_{i,:}\|_2^2\big)\ \ (\text{fresh noise each step, regenerated from a seed})",r(d_{in}+d_{out}),same as LoRA (LLMs and text-to-image diffusion models),"Random-weight-perturbation (Bayesian expected loss) regularizer applied in the full \(d_{out}\times d_{in}\) weight space rather than in the \((A,B)\) space, with filter(row)-norm-scaled Gaussian noise; a cheap relaxation of SAM's min-max over full-space perturbations.",yes,Noise is used only during training; the learned \(BA\) merges like LoRA.,Standard LoRA initialization (\(B = 0\)); the perturbation is zero-mean training noise only.,"A minimum that is flat in LoRA's \((A,B)\) coordinates can still be sharp in the full weight space; averaging the loss over full-space random weight perturbations steers LoRA toward full-space flat minima without SAM's extra gradient step or weight copy.","Improves in-domain and out-of-domain generalization over LoRA on mathematical reasoning, coding, dialogue, instruction following and text-to-image generation in the paper's experiments.",False,method,R-additive,Cone,"Flat-LoRA moves the sharpness regulariser from the chart \(Q\) to weight space. A loss that factors through \(\rho\) is constant on gauge fibres, so its flatness is a property of the point of \(\mathrm{Im}\,\mathrm{LoRA}\), not of the representative \((B,A)\). The object stays LoRA.",li2024flat,R,Cone,apex,GL,GLxGL,M1,span
altlora,AltLoRA,Alternating-projection LoRA,AltLoRA: Towards Better Gradient Approximation in Low-Rank Adaptation with Alternating Projections,Yu et al.,2025,NeurIPS 2025,2505.12455,https://arxiv.org/abs/2505.12455,https://github.com/LucasXinYu/AltLoRA,False,,optimizer-or-training-procedure,"\text{even } t:\ A\leftarrow A-\eta\,\tfrac{1}{s^2}(B^{\top}B)^{-1}\nabla_A\mathcal{L}\ \ (\delta W=-\eta P_BG);\qquad \text{odd } t:\ B\leftarrow B-\eta\,\tfrac{1}{s^2}\nabla_B\mathcal{L}\,(AA^{\top})^{-1}\ \ (\delta W=-\eta\, G P_A);\quad \tilde M^B = M^BA_tA_{t+1}^{\top}(A_{t+1}A_{t+1}^{\top})^{-1}",r(d_{in}+d_{out}),same as LoRA,"Alternating one-sided projections of the full gradient onto \(\mathrm{col}(B)\) and \(\mathrm{row}(A)\) (each the exact least-squares solution for the factor being updated), with momentum transported into the new low-rank subspace by an \(r\times r\) change-of-basis; avoids LoRA-Pro's non-unique \(X\) and full-size optimizer state.",yes,Optimizer-only change; the result is a standard LoRA adapter.,Standard LoRA initialization; Gram inverses are damped as \((B^T B + \lambda I)^{-1}\) to stay invertible when a factor is rank-deficient.,"Instead of jointly matching the full gradient (LoRA-Pro), alternately update \(A\) and \(B\) so each step is an exact projection of the full gradient, and keep momentum aligned with the changing subspace without extra memory; this gives stable feature learning and transformation invariance.","Outperforms LoRA and its variants (including LoRA-Pro) across SFT and NLU tasks while keeping LoRA-level memory, narrowing the gap to full fine-tuning.",False,method,R-additive,Cone,"AltLoRA alternates between the linear sub-objects \(\mathrm{FB}(B_t)\hookrightarrow\mathrm{LoRA}\) and \(\mathrm{FA}(A_t)\hookrightarrow\mathrm{LoRA}\), taking an exact least-squares step in each. By the degree-one collapse each half-step is a backward lens with anchor \(P_B\) or \(P_A\), so AltLoRA is a period-1 rebasing schedule of one-sided linear methods, with momentum transported between frames.",yu2025altlora,R,Cone,apex,GL,GLxGL,M1,span
loft,LoFT,Low-rank adaptation that mimics Full fine-Tuning,LoFT: Low-Rank Adaptation That Behaves Like Full Fine-Tuning,Tastan et al.,2025,ICLR 2026,2505.21289,https://arxiv.org/abs/2505.21289,https://github.com/tnurbek/loft,False,,optimizer-or-training-procedure,"\text{alternating; } B\text{-step: } W^{+}=W-\eta\,\widehat G\,P_A,\ \ P_A=A^{\top}(AA^{\top})^{-1}A,\ \ \tilde\nabla_B=\nabla_B\mathcal{L}\,(AA^{\top})^{-1},\ \ \tilde\nabla_A=(B^{\top}B)^{-1}\nabla_A\mathcal{L};\ \ \widehat G=\text{AdamW direction from projected gradients with recalibrated first/second moments}",r(d_{in}+d_{out}),same as LoRA,"Six building blocks (alternating updates, scaled gradients, momentum recalibration across changing subspaces via \(C_k=(A_{k-1}A_k^{\top})(A_kA_k^{\top})^{-1}\) [the paper's \((V_{k-1}^{\top}V_k)(V_k^{\top}V_k)^{-1}\) with \(V=A^{\top}\)], second-moment alignment with cross terms, reconstruction of the full AdamW update followed by projection, gradient clipping) that make the low-rank step the tightest approximation to the AdamW full-fine-tuning step; \(\alpha\) is fixed to 1, and LoFT reduces exactly to AdamW when \(r=\max(d_{in},d_{out})\) with full-rank factors.",yes,Optimizer-only change; the adapter is a standard mergeable low-rank product.,Inherits LoRA's zero-product initialization; Gram inverses fall back to pseudo-inverses when a factor is rank-deficient.,Not only gradients but also Adam's first and second moments are misaligned between LoRA and full fine-tuning; projecting and recalibrating them in the evolving low-rank subspace makes LoRA behave like full fine-tuning and removes the need to tune \(\alpha\).,Substantially narrows the gap to full fine-tuning and consistently outperforms standard LoRA-style methods without increasing inference cost; memory overhead \(O((d_{in}+d_{out}) r^2)\) for second-moment calibration.,False,method,R-additive,Cone,"LoFT keeps LoRA's object and lifts the full-space AdamW update into the moving tangent frames of the cone, transporting optimizer state along the gauge (unlike GaLore, which carries state over without transport). The cone is already \(\Theta\) at \(r=\min(m,n)\), but the update reduces exactly to AdamW on full FT (the terminal object) only at \(r=\max(m,n)\), where both projections \(P_A\) and \(P_B\) (with pseudo-inverses) are the identity.",tastan2025loft,R,Cone,apex,GL,GLxGL,M1,span
polar,PoLAR,Polar-Decomposed Low-Rank Adapter Representation,PoLAR: Polar-Decomposed Low-Rank Adapter Representation,Lion et al.,2025,NeurIPS 2025,2506.03133,https://arxiv.org/abs/2506.03133,,False,,additive-weight,"W=W_0+X\,\Theta\,Y^{\top},\quad X\in\mathrm{St}(d_{out},r),\ Y\in\mathrm{St}(d_{in},r),\ \Theta\in\mathbb{R}^{r\times r};\ \text{retraction-free landing field } \Gamma(X)=\psi(X)X+\lambda\nabla\mathcal{N}(X);\ W_0\ \text{frozen}",r(d_{in}+d_{out})+r^2,any linear layer,"rank-\(r\) additive update in polar form: two direction factors on Stiefel manifolds (orthonormal \(r\)-frames, i.e. points of \(O(d)/O(d-r)\)) and an unconstrained \(r\times r\) scale/core matrix, optimized by Riemannian 'landing' without retractions",yes,\(X \Theta Y^\top\) is a fixed rank-\(r\) matrix that can be added to \(W_0\).,"\(\Theta_0 = 0\), with \(X_0\) and \(Y_0\) drawn uniformly at random from the Stiefel manifolds.","LoRA updates collapse to a very low stable rank. Writing the update as two orthonormal direction frames times a free core, and training with GPU-friendly Riemannian landing, keeps the directions diverse and provably speeds up convergence on a canonical low-rank problem.","Reports gains over LoRA on GLUE (DeBERTa-v3-base 88.94 vs 88.18), commonsense reasoning (Llama-2-7B, 73.71 vs 72.18) and math (Gemma-3-27B) across models from 350M to 27B parameters.",False,method,R-additive,Cone,"PoLAR reparametrises LoRA's cone through \(\mathrm{St}(m,r)\times\mathbb R^{r\times r}\times\mathrm{St}(n,r)\), a partial gauge fixing that cuts \(GL_r\) down to \(O(r)\times O(r)\) and so removes the non-compact directions that carry the charges \(\Phi\). It factors through LoRA by \(h=(X\Theta,Y^\top)\), but starts at a deeper apex whose first-order image is the LoRA-XS-type tangent \(\{X_0RY_0^\top\}\).",lion2025polar,R,Cone,apex,GL,GLxGL,M1,span
goft,GOFT,Givens Orthogonal Fine-Tuning,Parameter Efficient Quasi-Orthogonal Fine-Tuning via Givens Rotation,Ma et al.,2024,ICML 2024,2404.04316,https://arxiv.org/abs/2404.04316,https://github.com/ArthurLeoM/peft-givens,False,,multiplicative-weight,"W = W_0 R^{\top},\quad R=\prod_{\ell=1}^{\log_2 d_{in}}P_\ell,\ P_\ell=\prod_{k=0}^{d_{in}/2^{\ell}-1}G\big(2^{\ell}k,\ 2^{\ell-1}(2k+1);\ \theta_k^{\ell}\big),\ G(i,j;\theta) \text{ a Givens rotation in the } (i,j) \text{ plane};\ W_0 \text{ frozen, angles } \theta \text{ trained}",d_{in}-1,any linear layer; acts on the input side of \(W_0\),"right action of \(SO(d_{in})\), with the group element written as a product of \(d-1\) Givens rotations (one-parameter subgroups \(SO(2)\) embedded in coordinate planes) arranged in \(\log_2(d)\) parallel layers of non-overlapping rotations, a butterfly-like layout",yes,The product of Givens rotations is a fixed orthogonal matrix that can be multiplied into \(W_0\).,All angles start at 0 (each rotation initialized to the identity).,"\(d-1\) Givens rotations can map any vector to any other vector on the same sphere, so OFT-level expressiveness only needs \(O(d)\) angles instead of \(O(d^2)\) parameters. A parallel arrangement keeps the depth at \(O(\log d)\) sequential layers.","On GLUE with DeBERTaV3-base, GOFT with 0.08M parameters matches OFT (\(b=8\), 0.66M parameters) at an 88.78 average; also evaluated on LLaMA-2-7B instruction tuning and VTAB-1K.",True,method,R-action,Orb,"GOFT writes an element of \(SO(d)\) as a log-depth circuit of \(d-1\) Givens rotations: an action-type object, regular at \(\theta_0\), whose image is a thin \((d-1)\)-dimensional slice of the orbit \(W_0\cdot SO(d)\). A single run stays far from the orbit; rebasing walks all of it because the plane graph is connected.",ma2024parameter,R,Orb,regular,none,Pi,M1,group
qgoft,qGOFT,quasi-Givens Orthogonal Fine-Tuning,Parameter Efficient Quasi-Orthogonal Fine-Tuning via Givens Rotation,Ma et al.,2024,ICML 2024,2404.04316,https://arxiv.org/abs/2404.04316,https://github.com/ArthurLeoM/peft-givens,False,,multiplicative-weight,"W = W_0\tilde{R}^{\top},\quad \tilde{R}=\prod_{\ell}\tilde{P}_\ell,\ \text{each Givens block replaced by a free } \tilde{G}_i=[\alpha_i\ \beta_i]\in\mathbb{R}^{2\times 2};\ \min\ \mathcal{L}+\lambda\sum_i\langle\alpha_i,\beta_i\rangle^2;\ W_0 \text{ frozen}",4(d_{in}-1),any linear layer; acts on the input side of \(W_0\),"right action of a product of embedded free \(2\times2\) blocks (singular ones included) laid out like GOFT. Leaving \(SO(d)\) lets the update change neuron norms and angles, and a soft column-orthogonality penalty keeps it near the orthogonal group.",yes,The product of \(2\times2\) blocks is a fixed matrix that can be multiplied into \(W_0\).,Every quasi-Givens block is initialized to the \(2\times2\) identity.,"Relax each Givens rotation to an arbitrary \(2\times2\) linear map, so fine-tuning can also rescale neurons and shift their angles. A soft regularizer keeps the map close to orthogonal.",Reports an 89.35 GLUE average on DeBERTaV3-base with 0.33M parameters (above OFT \(b=8\) with 0.66M) and a 79.4% VTAB-1K average.,True,method,R-action,Orb,"qGOFT relaxes each Givens rotation to an arbitrary \(2\times2\) block, so it is the action of a monoid circuit rather than a group. It leaves the \(K_{\rm out}\) level set at first order, carries a torus gauge on internal index wires, and rebasing walks \(W_0\,\mathbb R^{n\times n}\), the closure of \(W_0\cdot GL(n)\), instead of \(W_0\cdot SO(n)\).",ma2024parameter,R,Orb,regular,torus,Pi,M1,group
ether,ETHER,Efficient Finetuning with Hyperplane Reflections,ETHER: Efficient Finetuning of Large-Scale Models with Hyperplane Reflections,Bini et al.,2024,ICML 2024,2405.20271,https://arxiv.org/abs/2405.20271,https://github.com/mwbini/ether,False,,multiplicative-weight,"W = W_0 H^{B},\quad H^{B}=\operatorname{diag}(H_1,\dots,H_n),\quad H_j=I-2u_ju_j^{\top},\ \|u_j\|=1,\ u_j\in\mathbb{R}^{d_{in}/n};\quad \|H_j-I\|_F=2;\quad W_0 \text{ frozen, } u_j \text{ trained}",d_{in},"any linear layer (diffusion attention, LLM projections); acts on the input side of \(W_0\)","right action of a block-diagonal product of \(n\) hyperplane reflections, an element of \(O(d_{in})\) that lies at fixed distance \(\|H_j - I\|_F = 2\) from the identity in every block",yes,\(H^B\) is a fixed orthogonal matrix that can be multiplied into \(W_0\).,"No. A Householder reflection is never the identity (\(\|H - I\|_F = 2\) per block), and the official code initializes \(u\) with Kaiming-uniform random values, so the model is moved by a bounded reflection at step 0. Training only re-orients the reflection hyperplanes.","Restricting the multiplicative update to hyperplane reflections bounds how far the fine-tuned weights can move from the pretrained ones, whatever the learning rate. The result needs very few parameters and is robust to hyperparameters.","Reports performance matching or beating LoRA and OFT with about 10-100x fewer parameters on subject-driven and controllable Stable Diffusion generation, GLUE and LLaMA instruction tuning.",False,method,R-action,Orb,ETHER is an unpointed action-type object: its image is a compact set of block reflections \(W_0H^B\subset W_0\cdot O(n)\) at fixed distance from \(\theta_0\). It preserves \(K_{\rm out}\) and the spectrum (Cor II.6) but has no base point over \(\theta_0\); its 'bounded deviation' is literally \(\|H_j-I\|_F=2\).,bini2024ether,R,Orb,unpointed,torus,GLxCO,M1,group
ether-plus,ETHER+,ETHER+ (relaxed two-hyperplane transformation applied on both sides),ETHER: Efficient Finetuning of Large-Scale Models with Hyperplane Reflections,Bini et al.,2024,ICML 2024,2405.20271,https://arxiv.org/abs/2405.20271,https://github.com/mwbini/ether,False,,multiplicative-weight,"W=\tilde{H}^{+}\,W_0\,H^{+},\quad H^{+}=I-uu^{\top}+vv^{\top}\ (u,v\in\mathbb{R}^{d_{in}}\ \text{unit, block-diagonal}),\ \tilde{H}^{+}=I-\tilde u\tilde u^{\top}+\tilde v\tilde v^{\top}\ (\tilde u,\tilde v\in\mathbb{R}^{d_{out}});\ W_0 \text{ frozen}",2(d_{in}+d_{out}),any linear layer; acts on both the input and the output side of \(W_0\),"two-sided action (left on \(\mathbb R^{d_{out}}\), right on \(\mathbb R^{d_{in}}\)) by rank\(\le 2\) perturbations of the identity. These are not orthogonal in general, so they leave the group \(O(d)\), but their distance to \(I\) is bounded by ETHER's.",yes,"Both transforms are fixed matrices after training, so \(\tilde H^+ W_0 H^+\) can be precomputed.","Yes. The official code initializes the second vector as the negative copy of the first (\(v = -u\)), so \(vv^\top = uu^\top\) and \(H^+ = I\) on both sides; the paper notes that \(H^+\) returns the identity when the two hyperplanes coincide.","Relax the Householder reflection to \(I - uu^\top + vv^\top\) so that two hyperplanes can interact or cancel. Applied on both sides of \(W_0\), this gives finer, still norm-bounded updates.","Reports e.g. 0.666 DINO for subject-driven generation with 0.4M parameters vs OFT's 0.652 with 11.6M, and 27.3 mIoU vs 24.5 for controllable generation.",False,method,R-action,Cone,"ETHER+ is a two-sided action by rank-2 symmetric perturbations of the identity. Its default pointing (\(v=-u\)) is the vertex of the cone of such perturbations, so unlike ETHER it is pointed, but it sits at an apex, like zero-init LoRA. Its update has rank \(\le2\) per block and side, so LoRA of that rank simulates it.",bini2024ether,R,Cone,apex,torus,OxO,M1,group
spectral-adapter-r,Spectral Adapter^R,"Spectral Adapter, rotational variant",Spectral Adapter: Fine-Tuning in Spectral Space,Zhang & Pilanci,2024,NeurIPS 2024,2405.13952,https://arxiv.org/abs/2405.13952,https://github.com/pilancilab/spectral_adapter,False,,multiplicative-weight,"W=[U_1R_U,\ U_2]\,S\,[V_1R_V,\ V_2]^{\top}=\tilde{U}\,W_0\,\tilde{V}^{\top},\quad \tilde{U}=I+U_1(R_U-I)U_1^{\top},\ \tilde{V}=I+V_1(R_V-I)V_1^{\top};\ W_0=USV^{\top}\ \text{frozen},\ R_U,R_V\in O(r)\ \text{(Cayley) trained}",2r^2\ \ (r(r-1)\ \text{with skew-symmetric Cayley generators}),any linear layer (top-\(r\) spectral space of each pretrained weight),"two-sided orthogonal action of \(O(r)\times O(r)\), embedded in \(O(d_{out})\times O(d_{in})\) as rotations of the top-\(r\) left and right singular subspaces of \(W_0\) (identity on their complements). Singular values are unchanged and only the principal singular frames are rotated.",yes,The rotated singular factors recombine into one dense matrix of the original shape.,\(R_U = R_V = I\).,"Run the SVD of each pretrained weight and fine-tune only by rotating its top singular vectors. The adapter is very compact, and keeping the adapted subspaces orthogonal helps when several adapters are fused.",,False,method,R-action,Orb,"Spectral Adapter\(^R\) is a two-sided orthogonal orbit confined to the principal singular block: it rotates the top singular frames and keeps every singular value, so the spectrum and the principal subspaces are absolute invariants. Through the SVD frame it factors through LoRA-XS's linear core.",zhang2024spectral,R,Orb,regular,none,OxO,M1,idempotent
spectral-adapter-a,Spectral Adapter^A,"Spectral Adapter, additive variant",Spectral Adapter: Fine-Tuning in Spectral Space,Zhang & Pilanci,2024,NeurIPS 2024,2405.13952,https://arxiv.org/abs/2405.13952,https://github.com/pilancilab/spectral_adapter,False,,additive-weight,"W=[U_1+A_U,\ U_2]\,S\,[V_1+A_V,\ V_2]^{\top},\quad A_U\in\mathbb{R}^{d_{out}\times r},\ A_V\in\mathbb{R}^{d_{in}\times r}\ \text{trained};\ W_0=USV^{\top}\ \text{frozen}",r(d_{in}+d_{out}),any linear layer (top-\(r\) singular vectors),additive perturbation of the top-\(r\) singular-vector factors: \(\Delta W = A_U S_1 V_1^T + U_1 S_1 A_V^T + A_U S_1 A_V^T\). This has rank \(\le 2r\) for LoRA's parameter budget (the paper's 'twice the rank capacity' lemma).,yes,The perturbed factors recombine into a single dense matrix.,\(A_U = A_V = 0\).,Fine-tune the top singular vectors of the pretrained weight additively. For the same number of trainable parameters this doubles LoRA's rank capacity and uses the pretrained spectrum.,"Reports 49.73 on GSM8K with Mistral-7B vs 44.81 for LoRA and 43.82 for DoRA (\(r=8\)), and an 88.03 GLUE average on DeBERTaV3-base, above LoRA, DoRA, OFT and AdaLoRA.",False,method,R-additive,Cone*,"Spectral Adapter\(^A\) is PiSSA in affine coordinates: \((A_U,A_V)\mapsto((U_1+A_U)S_1^{1/2},S_1^{1/2}(V_1+A_V)^\top)\) is a pointed isomorphism, so its 'twice the rank capacity' is Thm II.1(c) for split pointings. The coordinate change alters only the induced cometric (rates weighted by \(S_1\)), not the object.",zhang2024spectral,R,Cone*,regular,GL,OxO,M1,span
svdiff,SVDiff,Singular-value spectral-shift fine-tuning (SVDiff),SVDiff: Compact Parameter Space for Diffusion Fine-Tuning,Han et al.,2023,ICCV 2023,2303.11305,https://arxiv.org/abs/2303.11305,,False,,multiplicative-weight,"W=U\,\operatorname{diag}\big(\mathrm{ReLU}(\sigma+\delta)\big)\,V^{\top},\quad W_0=U\operatorname{diag}(\sigma)V^{\top}\ \text{(SVD, frozen)},\ \delta\in\mathbb{R}^{\min(d_{in},d_{out})}\ \text{trained}","\min(d_{in},d_{out})",2-D linear weights and reshaped 4-D conv kernels of the diffusion UNet (1-D weights such as biases and norms are not decomposed and are tuned directly); optimizing the cross-attention layers gives the best subject preservation in the paper's layer ablation,"the singular values are adjusted by a diagonal (torus) map while the singular vectors stay fixed. For \(\sigma > 0\) this equals \(W = U\,\mathrm{diag}(s/\sigma)\,U^\top W_0\) with \(s = \mathrm{ReLU}(\sigma+\delta) \ge 0\), a positive-semidefinite rescaling that commutes with \(W_0 W_0^\top\).",yes,"\(U\,\mathrm{diag}(\mathrm{ReLU}(\sigma+\delta))\,V^\top\) is a fixed dense matrix.",\(\delta = 0\).,Fine-tune only the singular values of every weight matrix (spectral shifts). The tiny parameter space resists overfitting in personalization and supports multi-subject training (Cut-Mix-Unmix) and single-image editing (CoSINE).,"About 1.7MB of parameters for Stable Diffusion vs 3.66GB for full DreamBooth (roughly 2,200x smaller) and 1/2-1/3 of a LoRA checkpoint.",False,method,R-action,Lin,"SVDiff is the positive torus acting on the singular values of \(W_0\) in its frozen SVD frame; its image is the orbit closure \(\{U\mathrm{diag}(s)V^\top:s\ge0\}\), linear at \(\theta_0\). It is the spectral analogue of (IA)\(^3\): frames are absolute invariants, singular values move.",han2023svdiff,R,Lin,regular,none,OxO,M1,idempotent
svf,SVF (Transformer²),Singular Value Fine-tuning (Transformer-Squared),Transformer-Squared: Self-adaptive LLMs,Sun et al.,2025,ICLR 2025,2501.06252,https://arxiv.org/abs/2501.06252,https://github.com/SakanaAI/self-adaptive-llms,False,,multiplicative-weight,"W=U\big(\Sigma\otimes\operatorname{diag}(z)\big)V^{\top}=U\operatorname{diag}(\sigma\odot z)V^{\top}\ \Big(\times\tfrac{\sum_i\sigma_i}{\sum_i\sigma_iz_i}\ \text{in the official code}\Big),\quad W_0=U\operatorname{diag}(\sigma)V^{\top}\ \text{frozen},\ z\in\mathbb{R}^{\min(d_{in},d_{out})}\ \text{trained (REINFORCE + KL)};\ \text{test time: } z'=\sum_k\alpha_kz_k","\min(d_{in},d_{out})",weight matrices of the LLM (the official code adapts the MLP matrices),multiplicative diagonal (torus) action on the singular values with fixed singular vectors. Trained expert vectors \(z_k\) can be linearly mixed at inference.,yes,"Once \(z\) (or the mixture \(z'\)) is chosen, \(W\) is a fixed dense matrix; self-adaptation is a two-pass procedure that sets \(z\) before the second pass.","\(z\) starts near a constant value (the paper's hyperparameter table lists an initial mean of 0.1). The official code passes \(z\) through a sigmoid and renormalizes by \(\mathrm{sum}(\sigma)/\mathrm{sum}(\sigma * z)\), so a uniform \(z\) leaves \(W_0\) unchanged up to this normalization (approximately the identity).","Train one scaling vector over each weight's singular values with RL to get compact, composable 'expert' vectors. At test time a dispatcher identifies the task and mixes the experts, so the LLM adapts itself.","On Llama-3-8B-Instruct, SVF beats LoRA on GSM8K (79.15 vs 77.18) and ARC-Easy while training less than 10% of LoRA's parameters.",False,method,R-action,Lin,"SVF trains a torus element acting on the spectrum of \(W_0\) in its frozen SVD frame; for \(\sigma>0\) it is isomorphic to diagonal SVFT and, near \(\theta_0\), to SVDiff. Transformer\(^2\)'s self-adaptation is a \(T\)-point of this linear method over the simplex of expert mixtures, where mixing parameters is legitimate because the map is of degree one.",sun2025transformer,R,Lin,regular,none,OxO,M1,idempotent
svft,SVFT,Singular Vectors guided Fine-Tuning,SVFT: Parameter-Efficient Fine-Tuning with Singular Vectors,Lingam et al.,2024,NeurIPS 2024,2405.19597,https://arxiv.org/abs/2405.19597,https://github.com/VijayLingam95/SVFT,False,,additive-weight,"W=U(\Sigma+M)V^{\top}=W_0+UMV^{\top},\quad U,\Sigma,V\ \text{from the SVD of frozen } W_0,\ M\ \text{sparse with fixed pattern } \Omega\ \text{(plain/diagonal, banded, random, top-}k\text{)};\ \text{only } M_{\Omega} \text{ trained}","|\Omega|\ (+1\ \text{gate scalar per layer in the official code});\ \ \min(d_{in},d_{out})\ \text{for SVFT}^{P}",any linear layer,"sparse additive update in the singular-vector basis of \(W_0\): \(\Delta W = \sum_{(i,j)\in\Omega} m_{ij} u_i v_j^T\), a fixed dictionary that depends on the weight rather than a free low-rank factorization. A diagonal \(\Omega\) reduces it to a spectral shift.",yes,\(U M V^T\) is a fixed dense matrix after training.,"Not exactly in the official code: the coefficients of \(M\) are Kaiming-normal initialized and multiplied by a learnable gate \(\mathrm{sigmoid}(g)\) with \(g = 0\), so \(\Delta W = U (0.5 M_{\mathrm{init}}) V^T\) is non-zero at step 0. The paper does not state an initialization.","Use the outer products of \(W_0\)'s own singular vectors as a fixed dictionary and learn sparse coefficients for it, including off-diagonal ones. This trades parameters against expressivity smoothly.",Recovers up to 96% of full fine-tuning performance while training 0.006-0.25% of parameters (e.g. Gemma-2B and LLaMA-3-8B on GSM8K/MATH); baselines reach at most 85% with 0.03-0.8%.,True,method,R-additive,Lin,"SVFT is a coordinate mask \(\Omega\) in the SVD frame of \(W_0\): \(\Delta W=\sum_{(i,j)\in\Omega}m_{ij}u_iv_j^\top\), linear and regular, a \(\theta_0\)-dependent transport of a sparse method. LoRA-XS is its dense top-left \(r\times r\) block, and the diagonal mask SVFT\(^P\) shifts the spectrum at full rank.",lingam2024svft,R,Lin,regular,none,OxO,M1,idempotent
bidora,BiDoRA,Bi-level Optimization-Based Weight-Decomposed Low-Rank Adaptation,BiDoRA: Bi-level Optimization-Based Weight-Decomposed Low-Rank Adaptation,Qin et al.,2024,TMLR 2025,2410.09758,https://arxiv.org/abs/2410.09758,https://github.com/t2ance/BiDoRA,False,,optimizer-or-training-procedure,"W=\operatorname{diag}(m)\,\frac{W_0+BA}{\|W_0+BA\|_{row}};\quad \min_{m}\ \mathcal{L}_{val}\big(\mathcal{V}^{*}(m),m\big)\ \ \text{s.t.}\ \ \mathcal{V}^{*}(m)=\arg\min_{\mathcal{V}=\{B,A\}}\ \mathcal{L}_{tr}(\mathcal{V},m)+\gamma\sum_k\big\|(V_k+\Delta V_k)^{\top}(V_k+\Delta V_k)-I\big\|_F^2",r(d_{in}+d_{out})+d_{out},any linear layer (as DoRA),"DoRA's magnitude-direction parameterization, with magnitude and direction optimized at different levels of a bi-level program (hypergradient for the magnitude) and an orthogonality regularizer on the direction",yes,"Same final parameterization as DoRA, so it folds into a single dense matrix.",As DoRA: \(B = 0\) and \(m = \|W_0\|\) per neuron.,"Train DoRA's magnitude and direction asynchronously: the direction on the training split and the magnitude on a validation split via hypergradients, then refit the direction. This decouples the two further and reduces overfitting.","Reports an 85.2 GLUE average on RoBERTa-base vs 84.6 for DoRA, a smaller train-test gap, and consistent gains over DoRA on NLU, NLG, token classification and extremely small biomedical datasets (Wilcoxon p = 2.4e-4 on GLUE).",False,recipe,R-action,Sat,"BiDoRA is a training recipe on the DoRA object: the same \(\rho=\mathrm{diag}(m)N(W_0+BA)\), with magnitude and direction assigned to different levels of a bi-level program and an orthogonality penalty on the direction. Image germ, fibre and merge type are unchanged; only the cotangent signal (hypergradient-driven, non-gradient) differs.",qin2024bidora,R,Sat,apex,GL,MonxGL,M1,span
ssf,SSF,Scaling & Shifting Features,Scaling & Shifting Your Features: A New Baseline for Efficient Model Tuning,Lian et al.,2022,NeurIPS 2022,2210.08823,https://arxiv.org/abs/2210.08823,https://github.com/dongzelian/SSF,False,,multiplicative-weight,"y=\gamma\odot x+\beta\ \text{after each operation (MSA, MLP, LayerNorm)};\ \text{after a linear op: } W=\operatorname{diag}(\gamma)\,W_0,\ b=\gamma\odot b_0+\beta;\ W_0,b_0\ \text{frozen},\ \gamma,\beta\in\mathbb{R}^{d}\ \text{trained}",2d\ \text{per SSF-wrapped operation},"after every operation of a ViT block (attention, MLP, LayerNorm)","a per-channel affine map (diagonal scaling plus shift), i.e. an action of the diagonal affine group \((\mathbb R^\times)^d\ltimes\mathbb R^d\) on output channels, re-parameterizable into the preceding linear layer",yes,"The paper re-parameterizes \((\gamma, \beta)\) into the preceding linear/conv weight and bias, so inference runs the original architecture.","\(\gamma \sim N(1, 0.02)\) and \(\beta \sim N(0, 0.02)\) in the official code (init_ssf_scale_shift): close to, but not exactly, the identity.","Fine-tuning a pretrained vision backbone can be reduced to learning a per-channel scale and shift of its features. These fold back into the weights, so there is no inference overhead.","With ViT-B/16, reports 90.72% on FGVC and 73.10% on VTAB-1k (about 0.3M trainable parameters), above full fine-tuning (88.54% and 65.57%).",True,method,R-action,Lin,SSF is the diagonal affine group \((\mathbb R^\times)^d\ltimes\mathbb R^d\) acting on output channels after every operation. Its orbit closure is linear: the output-side torus of (IA)\(^3\) plus a BitFit-type shift. It fuses into the preceding box only under the side conditions of Thm VI.3.,lian2022scaling,R,Lin,regular,none,MonxGL,M1->,idempotent
red,RED,Representation EDiting,Advancing Parameter Efficiency in Fine-tuning via Representation Editing,Wu et al.,2024,ACL 2024,2402.15179,https://aclanthology.org/2024.acl-long.726/,,False,,multiplicative-weight,"h_2=l_{scaling}\odot h_1+l_{bias},\ h_1=\text{output of each FFN sub-layer};\ \text{equivalently } W_{down}=\operatorname{diag}(l_{scaling})\,W_{down}^{0},\ b=l_{scaling}\odot b^{0}+l_{bias};\ \text{model frozen},\ l_{scaling},l_{bias}\in\mathbb{R}^{d}\ \text{trained}",2dL,"outputs of the FFN sub-layer in every Transformer layer (ablations also edit Q, K, V)","per-channel affine edit (diagonal scaling plus shift) of each FFN's contribution to the residual stream; the same algebraic form as SSF, applied to LLM FFN outputs",conditional,"The scaling always folds into the FFN down-projection; the shift folds into its bias only if that layer has one (LLaMA-style down-projections have no bias, so a bias term must be added).",\(l_{scaling} = 1\) and \(l_{bias} = 0\).,"Instead of adding modules, edit hidden representations directly with one scaling vector and one bias vector per layer. This uses about 25,700x fewer parameters than full fine-tuning and about 32x fewer than LoRA, with no rank to tune.","Comparable to or better than full fine-tuning and other PEFT methods on GLUE (RoBERTa, T5), E2E NLG (GPT-2) and LLaMA-2 instruction tuning (AlpacaEval) with far fewer parameters.",True,method,R-action,Lin,"RED is SSF's scale-and-shift restricted to the FFN outputs of an LLM: an output-side diagonal affine action on \(W_{\rm down}\) and its bias, linear and regular at \(\theta_0\). The scale always fuses into \(W_{\rm down}\); the shift needs a bias slot.",wu2024advancing,R,Lin,regular,none,MonxGL,M1->,idempotent
difffit,DiffFit,DiffFit (bias tuning plus learnable residual scaling for diffusion transformers),DiffFit: Unlocking Transferability of Large Diffusion Models via Simple Parameter-Efficient Fine-Tuning,Xie et al.,2023,ICCV 2023,2304.06648,https://arxiv.org/abs/2304.06648,,False,,hybrid,"x\leftarrow x+\gamma_1\odot\mathrm{Attn}(x),\quad x\leftarrow x+\gamma_2\odot\mathrm{FFN}(x),\ \gamma_1,\gamma_2\in\mathbb{R}^{d}\ (\text{init } \mathbf{1});\ \text{trained: } \gamma,\ \text{biases, normalization parameters, class embedding; all other weights frozen}",\approx 0.12\%\ \text{of DiT-XL/2 (0.83M of 673.8M)},"learnable scales \(\gamma\) on the residual branches of the first 14 DiT-XL/2 blocks, plus QKV-linear and final layers; all biases, normalization parameters and the class embedding are also tuned",diagonal scaling of each residual branch's output (foldable into the branch's output projection) combined with BitFit-style selective tuning of biases and normalization parameters,yes,\(\gamma\) folds into the output projection weight and bias of the attention/FFN branch; the tuned biases and norms replace the old ones.,"\(\gamma = 1\), and biases and norms start from their pretrained values.","For diffusion transformers, tuning the biases plus a learnable per-channel scale on each residual branch is enough to transfer quickly to new domains and resolutions.","About 2x faster training than full fine-tuning, storing about 0.12% of the parameters; FID 3.02 on ImageNet 512x512 after 25 epochs from a 256x256 checkpoint.",False,method,R-selective,Lin,"DiffFit is BitFit plus an output-side torus on each residual branch: \(\gamma\odot\mathrm{Attn}(x)\) becomes \(\mathrm{diag}(\gamma)W_o\) after a spider slide through the adaLN gate, so the whole method is linear, regular and idempotent. It sits in the selective row because most of its coordinates are existing biases and norms.",xie2023difffit,R,Lin,regular,none,MonxGL,M1->,idempotent
liera,LieRA,Lie-group Rank Adaptation (Lie-group-based generalized tensor PEFT),Generalized Tensor-based Parameter-Efficient Fine-Tuning via Lie Group Transformations,Si et al.,2025,ICCV 2025,2504.00851,https://arxiv.org/abs/2504.00851,https://github.com/Chongjie-Si/Subspace-Tuning,False,,multiplicative-weight,"W=W_0\odot\exp_{\odot}(\Delta W)\approx W_0+W_0\odot\Delta W\ \ (\text{first-order form used in all experiments}),\quad \Delta W=BA\ (\text{LoRA-factorized; conv kernels are treated as tensors}),\ \exp_{\odot}\ \text{entry-wise};\ W_0\ \text{frozen (non-zero entries)},\ B,A\ \text{trained}",r(d_{in}+d_{out}),linear layers and higher-order (convolutional) kernels,action of the abelian Lie group of entry-wise non-zero tensors under the Hadamard product (identity = all-ones tensor) on \(W_0\). The update lives in its Lie algebra (all real tensors) and is mapped back through the entry-wise exponential; truncating at first order gives \(W_0 + W_0 \odot \Delta W\).,yes,The trained first-order update \(W_0 + W_0 \odot BA\) (or \(W_0 \odot \exp(BA)\)) is a fixed tensor of the original shape.,"\(B = 0\) (\(A\) Gaussian), so \(\exp(0) = 1\) and \(W = W_0\).","Treat parameters as elements of a Lie group under element-wise multiplication. Matrix PEFT updates (LoRA-style) then lift to high-dimensional (conv) tensors without flattening, via the exponential map from the Lie algebra.","Reports gains over LoRA, e.g. a 75.5 vs 74.1 VTAB-1K average with ConvNeXt-V2-B (\(r=16\)), plus improvements on COCO detection, LLaMA commonsense reasoning and GLUE.",False,method,R-Hadamard,Cone,"As evaluated, LieRA is HiRA, \((D_{W_0})_*\mathrm{LoRA}\) inside the slice at \(\theta_0\). Its defining form \(W_0\odot\exp_\odot(BA)\) is the further non-linear transport \(\Psi_*\) of that object: an action of the positive Hadamard torus \((\mathbb R_{>0})^{m\times n}\), with Lie algebra \(\Theta\), restricted to \(\exp_\odot\) of a determinantal cone. That action preserves both the sign and the zero pattern of \(W_0\), however often it is merged.",si2025generalized,R,Cone,apex,GL,MonxMon,M1,span
flora-batched,FLoRA,"Fast LoRA (batched, example-specific multiplicative low-rank adaptation)",Batched Low-Rank Adaptation of Foundation Models,Wen & Chaudhuri,2023,ICLR 2024,2312.05677,https://arxiv.org/abs/2312.05677,,False,,multiplicative-weight,"W_i=W_0\odot(B_iA_i),\quad h_i=\operatorname{reduce}_{j=1..r}\Big[b^{(i)}_j\odot\big(W_0\,(a^{(i)}_j\odot x_i)\big)\Big]\ (\text{the paper uses a reduction such as torch.mean over the } r \text{ terms}),\ B_i=[b^{(i)}_1,\dots,b^{(i)}_r]\in\mathbb{R}^{d_{out}\times r},\ A_i^{\top}=[a^{(i)}_1,\dots,a^{(i)}_r]\in\mathbb{R}^{d_{in}\times r}\ \text{per example/adapter } i;\ W_0\ \text{frozen}",r(d_{in}+d_{out})\ \text{per adapter},"linear layers, with per-request adapters in multi-tenant serving","entry-wise (Hadamard) modulation of \(W_0\) by a rank-\(r\) matrix. The rank-1 case is a two-sided diagonal scaling \(\mathrm{diag}(b)\, W_0\, \mathrm{diag}(a)\), an action of the torus \((\mathbb R^\times)^{d_{out}}\times(\mathbb R^\times)^{d_{in}}\); rank \(r\) is a sum of \(r\) such scalings, so a batch with different adapters needs only element-wise operations around one shared matmul.",yes,"For a fixed adapter, \(W_0 \odot BA\) can be precomputed; the point of the method is to keep it unmerged so different examples in a batch can use different adapters.","Not specified in the method section read. The parameterization reproduces \(W_0\) only when \(B_iA_i\) is the all-ones matrix (e.g. rank-1 all-ones vectors), not with LoRA's \(B = 0\).","Make each request's adapter multiply \(W_0\) entry-wise. A minibatch with heterogeneous adapters can then be served with cheap element-wise operations around one shared matmul, giving better throughput and latency than batched LoRA.","Reports about 2x throughput over LoRA on StarCoder-15B when each request needs a different low-rank adapter, while keeping LoRA-level accuracy on MultiPL-E multilingual code generation and on multilingual speech recognition (Whisper).",False,method,R-Hadamard,Cone,"FLoRA is the Hadamard action \(\rho(B,A)=W_0\odot BA\) of the multiplicative monoid \((\Theta,\odot)\) on \(W_0\), pointed at a factorisation of \(J\). Rank one is the two-sided torus orbit, rank \(r\) is the transported determinantal cone with vertex at \(0\), and it and HiRA simulate each other with a one-step rank shift (\(\mathrm{FLoRA}_r\to\mathrm{HiRA}_{r+1}\to\mathrm{FLoRA}_{r+2}\)). Its batching advantage is a property of the realisation (one shared matmul), not of the object.",wen2023batched,R,Cone,apex,GL,MonxMon,M1,group
quantum-peft,Quantum-PEFT,Quantum-PEFT (Pauli-parameterized unitary adaptation),Quantum-PEFT: Ultra parameter-efficient fine-tuning,Koike-Akino et al.,2025,ICLR 2025,2503.05431,https://arxiv.org/abs/2503.05431,,False,,additive-weight,"W = W_0 + U\Lambda V^{\top},\quad U=Q_P(\theta_U)\,I_{d_{out}\times K},\ V=Q_P(\theta_V)\,I_{d_{in}\times K},\ \Lambda=\mathrm{diag}(\lambda)\in\mathbb{R}^{K\times K},\ Q_P=\prod_{l=1}^{L}\Big(\big(I\otimes\mathrm{CZ}^{\otimes\frac{q-1}{2}}\textstyle\bigotimes_{k=2}^{q}\mathrm{RY}(\theta_{k,2l+1})\big)\big(\mathrm{CZ}^{\otimes\frac{q-1}{2}}\textstyle\bigotimes_{k=1}^{q-1}\mathrm{RY}(\theta_{k,2l})\otimes I\big)\Big)\textstyle\bigotimes_{k=1}^{q}\mathrm{RY}(\theta_{k,1}),\ q=\log_2 d;\ \theta_U,\theta_V,\lambda\ \text{trained}","(2L+1)(\log_2 d_{in}+\log_2 d_{out})-4L+K\ \ \text{(Pauli parameterization: } (2L+1)\log_2 N-2L \text{ per unitary, plus } K \text{ diagonal entries)}",same targets as LoRA (attention/linear layers of language and vision transformers),"SVD-form update whose orthogonal factors are quantum-circuit (Pauli) parameterizations: Kronecker products of \(2\times 2\) RY rotations interleaved with diagonal \(\pm1\) CZ entanglers, so parameters grow logarithmically in \(d\).",yes,\(U \Lambda V^\top\) is a dense matrix that can be added to \(W_0\).,Not stated explicitly in the sections consulted (AdaLoRA-style SVD form; a zero diagonal \(\Lambda\) would give \(\Delta W = 0\)).,"Parameterize the singular-vector frames by a small quantum circuit, so trainable parameters scale like \(\log d\) instead of \(d\).",Reports orders of magnitude fewer trainable parameters than the lowest-rank LoRA with competitive accuracy on language and vision transfer benchmarks.,False,method,R-additive,Cone,"Quantum-PEFT is AdaLoRA's SVD-shaped object \(P\Lambda Q\) precomposed with a low-dimensional map into Stiefel frames generated by a qubit circuit. This is an A3 arrow into AdaLoRA and LoRA; the parameter count is logarithmic because the frames are confined to the image of a short Lie-group word, which imposes \(\Pi_\otimes\).",koikeakino2025quantum,R,Cone,apex,nonlinear,Pi,M1,span
p-tuning-v2,P-Tuning v2,P-Tuning v2 (deep prompt tuning for NLU),P-Tuning v2: Prompt Tuning Can Be Comparable to Fine-tuning Universally Across Scales and Tasks,Liu et al.,2021,ACL 2022,2110.07602,https://aclanthology.org/2022.acl-short.8/,https://github.com/THUDM/P-tuning-v2,True,PrefixTuningConfig,input-or-activation-augmentation,"\mathrm{head}^{(l)}=\mathrm{Attn}\big(XW_q^{(l)},\,[P_k^{(l)};XW_k^{(l)}],\,[P_v^{(l)};XW_v^{(l)}]\big)\ \ \forall l\le L,\quad \hat y=\mathrm{softmax}(W_{\mathrm{cls}}\,h_{\mathrm{tok}});\ \ P^{(l)}\ (\text{optionally } \mathrm{MLP}\text{-reparametrized}),\ W_{\mathrm{cls}}\ \text{trained};\ W_0\ \text{frozen}","2L\ell d+d\,|\mathcal{Y}|\ \ (\approx 0.1\%\text{--}3\%\ \text{of the model})",keys/values at every layer (deep prompts) plus a randomly initialized linear head on token representations,"Learned key/value vectors prepended at every layer (identical parameter shape to prefix-tuning), with a linear classification head instead of a verbalizer, task-dependent prompt length (short for classification, ~100 for sequence labeling) and optional reparametrization / multitask initialization.",no,Same as prefix-tuning: \(\ell\) extra key/value slots per layer that cannot be folded into \(W_0\).,"No identity; random initialization, optionally a multitask-pretrained prompt as initialization.","Inserting prompts at every layer (not just the input) gives more capacity and more direct influence on predictions, making prompt tuning match fine-tuning even for 300M-scale models and for hard sequence-labeling tasks.","Matches fine-tuning across model scales from 300M to 10B parameters and on hard sequence tagging (NER, extractive QA, SRL) while tuning 0.1%-3% of parameters.",True,method,E0,Fun,"Deep prompt tuning: the unpointed key/value extension of prefix tuning in the direct parameterisation, summed with a new linear head. Prompt tuning maps into it in causal decoders (Thm VI.5(e)); whether that inclusion is strict is open.",liu2021p,E0,Fun,unpointed,none,GLxGL,Minf,
warp,WARP,Word-level Adversarial ReProgramming,WARP: Word-level Adversarial ReProgramming,Hambardzumyan et al.,2021,ACL 2021,2101.00121,https://aclanthology.org/2021.acl-long.381/,https://github.com/YerevaNN/WARP,False,,input-or-activation-augmentation,"P_\Theta(y\mid x)=\frac{\exp\big(\Theta^{V}_{y}\cdot f(T_{\Theta^P}(x))\big)}{\sum_{i\in C}\exp\big(\Theta^{V}_{i}\cdot f(T_{\Theta^P}(x))\big)},\quad \Theta^P\in\mathbb{R}^{\ell\times d}\ \text{(prompt embeddings inserted by template } T\text{ around a [MASK])},\ \Theta^V\in\mathbb{R}^{|C|\times d}\ \text{(verbalizer embeddings)}\ \text{trained; MLM body frozen}","(\ell+|C|)\,d",input embedding sequence (template positions around a [MASK] token) and the output verbalizer vectors of the MLM head,Adversarial reprogramming in word-embedding space: learned input embeddings at template positions plus learned class vectors that replace output-embedding rows of the masked-LM head (an input-side and an output-side reprogramming map around a frozen body).,no,Prompt embeddings lengthen the input; only the verbalizer vectors act like a (new) linear head.,No identity; prompt tokens initialized with the [MASK] embedding or embeddings similar to the vocabulary; verbalizers from the MLM head.,Treat task adaptation as adversarial reprogramming: search continuous prompt and verbalizer embeddings by SGD so a frozen masked LM's [MASK] prediction solves the task.,"With up to 25K trainable parameters per task on RoBERTa-large it reaches 81.6 on the GLUE test leaderboard, beating submissions with up to three orders of magnitude more trainable parameters; strong few-shot SuperGLUE results with ALBERT.",False,method,E0,Fun,Adversarial reprogramming as a sum of two pieces: an unpointed input-prompt extension of a masked LM and a Lin edit of the class rows of the output head (Trainable Tokens on the head). The prompt summand makes the whole object unpointed and M\(\infty\).,hambardzumyan2021warp,E0,Fun,unpointed,none,GLxGL,Minf,
ppt,PPT,Pre-trained Prompt Tuning,PPT: Pre-trained Prompt Tuning for Few-shot Learning,Gu et al.,2021,ACL 2022,2109.04332,https://aclanthology.org/2022.acl-long.576/,https://github.com/thu-coai/PPT,False,,input-or-activation-augmentation,"P^\star=\arg\min_{P}\ \sum_{(X,Y)\in\mathcal{D}_{\text{self-sup}}}-\log\Pr_\theta\big(Y\mid[P;X]\big)\ \text{(unified pre-training tasks built from unlabeled text)};\ \ \text{then prompt tuning on the target task initialized at } P^\star;\ \theta\ \text{frozen throughout}",\ell d,input embedding sequence,"Vanilla soft prompt whose initialization is obtained by pre-training the prompt alone on self-supervised tasks cast in the same formats as downstream tasks (sentence-pair, multiple-choice, single-sentence classification, or a unified multiple-choice format).",no,At inference it is an ordinary soft prompt that lengthens the input.,No identity; the contribution is the initialization itself (a prompt pre-trained on the PLM's own pre-training-style objective).,"Prompt tuning fails in few-shot regimes mainly because of poor initialization, so pre-train the soft prompt on large unlabeled corpora using task formats that mirror downstream classification.","With T5-XXL and CPM-2 (~11B), tuning pre-trained prompts reaches or exceeds full-model fine-tuning in both full-data and few-shot settings, far above vanilla prompt tuning in few-shot.",False,recipe,E0,Fun,"Prompt tuning re-pointed: \((Q,\rho)\) is that of prompt tuning and only the base point \(q_0=P^\star\) changes, obtained by pre-training the prompt on self-supervised tasks in downstream formats. In the framework a change of pointing is a genuine change of object (cf. Type I versus Type II LoRA).",gu2021ppt,E0,Fun,unpointed,none,GLxGL,Minf,
spot,SPoT,Soft Prompt Transfer,SPoT: Better Frozen Model Adaptation through Soft Prompt Transfer,Vu et al.,2021,ACL 2022,2110.07904,https://aclanthology.org/2022.acl-long.346/,https://github.com/google-research/prompt-tuning/tree/main/prompt_tuning/spot,False,,input-or-activation-augmentation,"P_{s}=\arg\min_P\mathcal{L}_{s}\big([P;X]\big),\quad P_{t}^{(0)}\leftarrow P_{s^\star},\quad P_t^\star=\arg\min_P\mathcal{L}_{t}\big([P;X]\big);\ \ s^\star=\arg\max_s\cos\Big(\tfrac1\ell\textstyle\sum_i e^{s}_i,\ \tfrac1\ell\sum_j e^{t}_j\Big)\ \text{(early-checkpoint prompts as task embeddings; a per-token average cosine is the alternative metric)};\ W_0\ \text{frozen}",\ell d,input embedding sequence,Vanilla soft prompt initialized from a prompt trained on a source task (or multi-task mixture); early-checkpoint prompts double as task embeddings whose cosine similarity predicts transferability for source retrieval.,no,At inference it is an ordinary soft prompt.,No identity; initialization from a source-task prompt is the method.,"Soft prompts are transferable task representations: train them on source tasks, use them to initialize target prompts, and use prompt similarity as a cheap task-similarity metric to choose sources.","Across all T5 sizes, SPoT matches or outperforms full model tuning on SuperGLUE while using up to 27,000x fewer task-specific parameters; a 26-task, 160-pair transfer study shows widespread positive transfer.",False,recipe,E0,Fun,"Prompt tuning re-pointed at a source-task prompt \(P_{s^\star}\). The retrieval step compares candidate base points by a cosine, a \(CO(d)\)-invariant comparison of points of one unpointed slice.",vu2021spot,E0,Fun,unpointed,none,GLxGL,Minf,
attempt,ATTEMPT,ATTEntional Mixtures of Prompt Tuning,ATTEMPT: Parameter-Efficient Multi-task Tuning via Attentional Mixtures of Soft Prompts,Asai et al.,2022,EMNLP 2022,2205.11961,https://aclanthology.org/2022.emnlp-main.446/,https://github.com/AkariAsai/ATTEMPT,False,,composition-or-routing,"P_{\mathrm{inst}}(X)=P_{\mathrm{tgt}}+\sum_{j=1}^{t+1}a_j(X)\,P_j,\quad a_j=\frac{\exp(\hat P_j^{\top}H_{\mathrm{out}}/T)}{\sum_{k=1}^{t+1}\exp(\hat P_k^{\top}H_{\mathrm{out}}/T)},\quad H_{\mathrm{out}}=\mathrm{LN}\big(W_{up}^{\top}\,\mathrm{SiLU}(W_{down}^{\top}\hat X)\big),\ P_{t+1}=P_{\mathrm{tgt}};\ \ \text{input }[P_{\mathrm{inst}}(X);X];\ \text{train } P_{\mathrm{tgt}},W_{down}\in\mathbb{R}^{d\times r},W_{up}\in\mathbb{R}^{r\times d};\ \text{source prompts } P_{1..t}\ \text{and LM frozen}",d\big(\ell+2(r+1)/N\big)\ \text{per task (attention module shared across } N \text{ target tasks)},input embedding sequence (instance-specific prompt),"Instance-wise softmax mixture (a point of the simplex) over a library of frozen source prompts plus the trainable target prompt, added to the target prompt; mixture weights come from a bottleneck network on the max-pooled input (\(\hat X\), \(\hat P_j\) are max-pooled).",no,The prompt depends on the input instance and lengthens the sequence; it can never be folded into \(W_0\).,"No identity; source prompts pre-trained by prompt tuning on large source tasks, target prompt newly initialized.","Treat pre-trained soft prompts as modular knowledge units and learn, per input, an attention-weighted interpolation of them with a new target prompt, sharing the router across tasks.","On 21 datasets with T5-base, significantly outperforms prompt tuning and matches or beats full fine-tuning and other PEFT methods that use over 10x more parameters, while updating ~2,300x fewer parameters than fine-tuning.",False,method,F_T,Fun,"A family over inputs \(F_X\): the router gives a point \(a(X)\) of a simplex and the prompt \(P_{\rm tgt}+\sum_ja_j(X)P_j\) is a convex mixture of a frozen prompt library plus a trainable offset, fed to prompt tuning. Input dependence takes it outside every fixed-prompt image, and max-pooling makes the router coordinatewise.",asai2022attempt,F_T,Fun,unpointed,nonlinear,MonxMon,Minf,
dept,DePT,Decomposed Prompt Tuning,DePT: Decomposed Prompt Tuning for Parameter-Efficient Fine-tuning,Shi & Lipani,2023,ICLR 2024,2309.05173,https://arxiv.org/abs/2309.05173,https://github.com/ShiZhengyan/DePT,False,,hybrid,"\text{input } \big[P_s;\ E_X+AB\big],\quad P_s\in\mathbb{R}^{\ell'\times d},\ A\in\mathbb{R}^{s\times r},\ B\in\mathbb{R}^{r\times d},\ E_X\in\mathbb{R}^{s\times d}\ \text{frozen word embeddings of the input padded to the maximum length } s;\ \ \ell' d+(s+d)r=\ell d;\ \ A\sim\mathcal{N},\ B=0;\ \text{learning rates } \alpha_1(P_s)\gg\alpha_2(A,B);\ W_0\ \text{frozen}","\ell' d+(s+d)\,r",input embedding sequence: a shorter soft prompt plus a position-wise offset to the input token embeddings,"Short soft prompt (concatenation) plus a rank-\(r\) additive, position-indexed offset \(AB\) to the frozen \(s\times d\) input-embedding matrix, i.e. a LoRA-style low-rank update applied to the input activation matrix rather than to a weight (the paper writes the product as \(BA\); dimensionally it is the \(s\times d\) matrix \(A B\)).",no,"The short prompt still lengthens the input; the positional offset \(AB\) could only be folded into absolute position embeddings, which T5-style relative-position models lack.",The low-rank offset is zero at init (\(B=0\)); the short prompt is not an identity.,"Trade prompt length for a low-rank update of the input embeddings: same parameter budget, shorter sequences, so lower time/memory, trained with two learning rates.","Across 23 NLP and vision-language tasks, outperforms vanilla prompt tuning and other PEFT methods (sometimes full fine-tuning) while saving over 20% training/inference time and memory relative to prompt tuning with T5-Base.",False,method,E0,Fun,"A sum of an unpointed short prompt and a LoRA\(_r\) offset \(AB\) on an \(s\times d\) position-indexed slot added to the input embeddings (a learned absolute position table where one exists), the latter pointed at the apex \(B=0\). The prompt summand makes the sum unpointed, so no pointed arrow relates DePT to LoRA.",shi2023dept,E0,Fun,unpointed,GL,GLxGL,Minf,
residual-prompt-tuning,Residual Prompt Tuning,Residual Prompt Tuning,Residual Prompt Tuning: Improving Prompt Tuning with Residual Reparameterization,Razdaibiedina et al.,2023,Findings of ACL 2023,2305.03937,https://aclanthology.org/2023.findings-acl.421/,https://github.com/arazd/ResidualPrompts,False,,input-or-activation-augmentation,"P'_i=\Phi(P_i)=\mathrm{LN}\big(\mathrm{ReLU}(P_iW_{down})\,W_{up}\big)+P_i,\ \ i=1,\dots,\ell\ \ (P_i\ \text{a row vector});\ \ \text{input }[P';X];\ \ \text{train } P\in\mathbb{R}^{\ell\times d},\ W_{down}\in\mathbb{R}^{d\times m},\ W_{up}\in\mathbb{R}^{m\times d},\ \mathrm{LN};\ \text{after training store only } P'=\Phi(P);\ W_0\ \text{frozen}","\ell d+2dm+2d\ \text{(training: prompt, } W_{down},W_{up}\text{ and LayerNorm, as counted in the paper)};\ \ \ell d\ \text{(stored)}",input embedding sequence,"Soft prompt reparametrized through a shared bottleneck MLP with LayerNorm and a residual skip, applied token-wise; the reparametrization is discarded after training (an over-parameterization that only changes the optimization geometry).",no,"At inference only the projected prompt \(P'\) remains, which still lengthens the input.","No model-level identity; the residual skip lets each virtual token choose between its free embedding and the shared projection, improving robustness to learning rate and initialization.",Prompt tuning is unstable because prompt tokens are optimized independently; a shared residual MLP couples them and speeds and stabilizes training at no inference cost.,"Significantly outperforms prompt tuning on SuperGLUE with T5-Large, T5-Base and BERT-Base (e.g., +7 points with T5-Base), allows 10x shorter prompts without loss, and helps in few-shot settings.",False,method,E0,Fun,"Prompt tuning precomposed with a residual 2-cell \(\Phi(P)=\mathrm{LN}(\mathrm{ReLU}(PW_{\rm down})W_{\rm up})+P\). It has the same inference object and prompt image, a non-linear fibre of dimension \(2dm+2d\), and a changed cometric \(D\Phi\,\Lambda\,D\Phi^\top\) (Obs III.2).",razdaibiedina2023residual,E0,Fun,unpointed,nonlinear,GLxGL,Minf,
late-prompt-tuning,LPT,Late Prompt Tuning,Late Prompt Tuning: A Late Prompt Could Be Better Than Many Prompts,Liu et al.,2022,Findings of EMNLP 2022,2210.11292,https://aclanthology.org/2022.findings-emnlp.95/,https://github.com/xyltt/LPT,False,,input-or-activation-augmentation,"h^{(l^\ast)}\leftarrow\big[p(x);\,h^{(l^\ast)}\big],\quad p(x)=W_2\,\mathrm{ReLU}\big(\mathrm{Pool}_{n\to\ell}(W_1h^{(l^\ast)}+b_1)\big)+b_2\ \ (\text{pooling generator}),\ \ \text{or}\ \ p(x)=\mathrm{Reshape}\big(W_2\,\mathrm{ReLU}(W_1h_{[\mathrm{CLS}]}+b_1)+b_2\big)\ (\text{naive});\ \ W_1\in\mathbb{R}^{m\times d};\ \text{single insertion layer } l^\ast\ (\text{e.g. 13 of 24});\ \text{backbone frozen}",\approx 2dm+m+d\ \ \text{(pooling generator)};\ \ \approx dm+\ell dm\ \ \text{(naive generator)},hidden-state sequence at a single intermediate layer,"Instance-dependent prompt generated by a bottleneck MLP (with optional pooling from input length \(n\) to prompt length \(\ell\)) from the hidden states just below the insertion layer, inserted once at an intermediate layer.",no,The prompt is input-dependent and adds tokens to the upper half of the network.,No identity.,"There is a trade-off between how far the label signal must propagate back to the prompt and how much the prompt can influence outputs; a single 'late' prompt in a middle layer, generated from the instance's own hidden states, balances both and skips backprop through the lower layers.","Competitive with full model tuning and other PEFT methods in full-data and few-shot settings (RoBERTa-large among backbones), with faster training and lower memory than prompt tuning.",False,method,F_T,Fun,"A family over inputs: a bottleneck hypernetwork reads the layer-\(l^\ast\) hidden states and outputs a point of single-layer prompt space, inserted at \(l^\ast\). It is unpointed and input-dependent, so it is neither mergeable nor in the image of a static prompt.",liu2022late,F_T,Fun,unpointed,torus,GLxGL,Minf,
idpg,IDPG,Instance-Dependent Prompt Generation,IDPG: An Instance-Dependent Prompt Generation Method,Wu et al.,2022,NAACL 2022,2204.04497,https://aclanthology.org/2022.naacl-main.403/,,False,,input-or-activation-augmentation,"W_p(T,x)=G\big(M(x),T\big)=W_2\,\sigma\big(W_1M(x)+b_1\big)+b_2\in\mathbb{R}^{\ell\times d},\quad \hat y=\mathrm{softmax}(W h_{[\mathrm{CLS}]}),\ h_{[\mathrm{CLS}]}=M\big(\mathrm{concat}[x,W_p(T,x)]\big);\ \ W_{1,2}\ \text{PHM-factorised as } \textstyle\sum_{i=1}^{n}A_i\otimes B_i;\ M\ \text{frozen}",m(d+1)+\ell d(m+1)\ \text{(dense generator)}+\text{classification head};\ \ \text{generator reduced by }\approx n\times\text{ with PHM layers (e.g. 1.5M}\to\text{105K)},"input embedding sequence (optionally multiple layers, M-IDPG)","Two-layer bottleneck hypernetwork mapping a frozen sentence embedding \(M(x)\) to an \(\ell\)-token prompt; its second-layer bias is exactly a task-level soft prompt, so the generated prompt = task prompt + instance-dependent part; weights parameterized as sums of Kronecker products (PHM).",no,The prompt is input-dependent and requires an extra forward pass to compute \(M(x)\).,No identity.,"Condition the soft prompt on each input sentence through a lightweight generator, recovering vanilla prompt tuning as the bias term.","On ten NLU tasks with RoBERTa-large, consistently outperforms prompt-tuning baselines and is on par with Compacter while tuning far fewer parameters.",False,method,F_T,Fun,"A \(T\)-point of prompt tuning over inputs, \(x\mapsto b_2+W_2\sigma(W_1M(x)+b_1)\), with PHM (Kronecker-sum) weights; its \(W_1=0\) slice is prompt tuning. PHM imposes \(\Pi_\otimes\) and a \(GL_n\) gauge on the PHM index, as for Compacter.",wu2022idpg,F_T,Fun,unpointed,GL,Pi,Minf,
xprompt,XPrompt,XPrompt (extremely small prompts via hierarchical structured pruning),XPrompt: Exploring the Extreme of Prompt Tuning,Ma et al.,2022,EMNLP 2022,2210.04457,https://aclanthology.org/2022.emnlp-main.758/,,False,,input-or-activation-augmentation,"\hat P=\gamma\cdot P,\ \gamma\in\{0,1\}^{\ell}\ \text{(token mask)};\quad \hat q=\zeta\cdot q,\ \zeta\in\{0,1\}^{k}\ \text{(piece mask; each } p_i \text{ split into } k \text{ pieces)};\quad I_{p_i}=\mathbb{E}_{x}\Big|\tfrac{\partial\mathcal{L}(x)}{\partial\gamma_i}\Big|,\ I_{q_i}=\mathbb{E}_{x}\Big|\tfrac{\partial\mathcal{L}(x)}{\partial\zeta_i}\Big|;\ \text{prune low-importance units, rewind survivors to post-PT values, retrain};\ W_0\ \text{frozen}","\rho\,\ell d,\ \ \rho<1\ \text{(fraction of tokens/pieces kept)}",input embedding sequence,"Structured sparse mask on a soft prompt at two granularities (whole tokens, then equal-size pieces of each token embedding), found by gradient-sensitivity importance scores and lottery-ticket weight rewinding.",no,The pruned prompt is still a prompt that lengthens the input.,"No identity; starts from a fully trained vanilla prompt (stage 1), then prunes and rewinds.",Some trained prompt tokens hurt the task; finding a 'winning ticket' sub-prompt by hierarchical structured pruning gives a smaller and better prompt.,"On SuperGLUE with T5, largely closes the gap between prompt tuning and fine-tuning at moderate model scales (below 11B) while using fewer prompt parameters.",False,method,E0,Fun,"A structured mask on prompt space: the winning sub-prompt is an A2 sub-object of prompt tuning, with pruned tokens and pieces frozen at \(0\), pointed at the rewound trained prompt. Piece masks impose a block partition of the embedding coordinates.",ma2022xprompt,E0,Fun,unpointed,none,Pi,Minf,
black-box-tuning,BBT,Black-Box Tuning,Black-Box Tuning for Language-Model-as-a-Service,Sun et al.,2022,ICML 2022,2201.03514,https://proceedings.mlr.press/v162/sun22e.html,https://github.com/txsun1997/Black-Box-Tuning,False,,optimizer-or-training-procedure,"p=Az+p_0,\quad z^\star=\arg\min_{z\in\mathbb{R}^{k}}\ \mathcal{L}\big(f(Az+p_0;\tilde X),\tilde Y\big),\quad A\in\mathbb{R}^{\ell d\times k}\ \text{fixed random},\ p_0\in\mathbb{R}^{\ell d}\ \text{(random vocab embeddings or an MNLI-pretrained prompt)};\ z\ \text{searched by CMA-ES with forward (API) queries only; model frozen, no gradients}",k\ \ (\text{e.g. } k=500),input embedding sequence,"Soft prompt restricted to a random \(k\)-dimensional affine subspace \(p_0+\mathrm{col}(A)\) (intrinsic-dimension reparametrization), optimized by derivative-free CMA-ES.",no,The result is a soft prompt that lengthens the input.,No identity; \(z=0\) gives the initial prompt \(p_0\).,"Because large PLMs have low intrinsic dimension, a soft prompt can be optimized in a small random subspace by gradient-free evolution strategies, using only inference API access (Language-Model-as-a-Service).","With RoBERTa-large on few-shot classification, black-box tuning significantly outperforms manual prompts and GPT-3 in-context learning and surpasses gradient-based prompt tuning and full model tuning.",False,method,E0,Fun,"Prompt tuning restricted to a random affine subspace \(p_0+\mathrm{col}\,A\), the prompt-space analogue of intrinsic-dimension and frozen-frame methods; covariance holds only in law. CMA-ES is a derivative-free update on \(Q=\mathbb R^k\) and does not change the object.",sun2022black,E0,Fun,unpointed,none,frame,Minf,
vpt,VPT,Visual Prompt Tuning,Visual Prompt Tuning,Jia et al.,2022,ECCV 2022,2203.12119,https://arxiv.org/abs/2203.12119,https://github.com/KMnP/vpt,False,,input-or-activation-augmentation,"\text{Shallow: } [x_1,Z_1,E_1]=L_1([x_0,P,E_0]),\ [x_i,Z_i,E_i]=L_i([x_{i-1},Z_{i-1},E_{i-1}]);\quad \text{Deep: } [x_i,\_\,,E_i]=L_i([x_{i-1},P_{i-1},E_{i-1}]),\ i=1,\dots,L;\quad y=\mathrm{Head}(x_L);\ \ P,P_i\in\mathbb{R}^{\ell\times d}\ \text{and Head trained; ViT frozen}",\ell d\ \text{(shallow)};\ \ L\ell d\ \text{(deep)};\ \ +\ \text{head},token sequence after the patch embedding (shallow) / input of every Transformer layer (deep),"Learned tokens inserted into the residual stream of a ViT. In VPT-Deep the prompt outputs are discarded after each layer, so their only effect on image tokens is as extra keys/values \(\mathrm{LN}(P_{i-1})W_k,\ \mathrm{LN}(P_{i-1})W_v\): a prefix tied through the frozen projections (derived from the equations here).",no,Prompts add tokens at every layer (deep) or at the input (shallow).,No identity; prompts initialized with Xavier-uniform (class-prototype initialization was not better).,"Transfer NLP prompt tuning to vision Transformers: a handful of learnable tokens per layer plus a head adapts a frozen ViT, often better than full fine-tuning.","With ViT-B/16 (ImageNet-21k), VPT-Deep outperforms full fine-tuning on 20 of 24 tasks (FGVC + VTAB-1k) and all other PEFT protocols, while storing 0.04%/0.53% extra parameters per task (shallow/deep).",True,method,E0,Fun,"VPT-Shallow is prompt tuning on a ViT; VPT-Deep is a deep prefix tied through the frozen maps \(P\mapsto(\mathrm{LN}(P)W_k,\mathrm{LN}(P)W_v)\), plus a new linear head. The LN tie adds a per-token scaling gauge, and Thm VI.5(e) (shallow into deep) does not apply because ViTs are bidirectional.",jia2022visual,E0,Fun,unpointed,torus,GLxGL,Minf,
visual-prompting,Visual Prompting,Pixel-space Visual Prompting,Exploring Visual Prompts for Adapting Large-Scale Models,Bahng et al.,2022,arXiv,2203.17274,https://arxiv.org/abs/2203.17274,https://github.com/hjbahng/visual_prompting,False,,input-or-activation-augmentation,"\max_{\phi}\ \log P_{\theta;\phi}\big(y\mid x+v_\phi\big),\quad v_\phi\ \text{a single pixel-space perturbation shared by all images (padding frame of width } p\text{, or a patch)};\ \ \theta\ \text{frozen; labels via CLIP text prompts}",2Cp(H+W-2p)\ \text{(padding)};\ \ Cp^{2}\ \text{(patch)},input pixels,"An additive translation of input space, \(x\mapsto x+v_\phi\), supported on a border frame (or a patch).",conditional,"For a ViT with a fixed-location prompt (padding or fixed patch) the patch embedding \(E\) is linear, so \(E(x+v)=Ex+Ev\) and the per-patch constant \(Ev\) folds exactly into the positional embeddings (derived here, not claimed in the paper); the random-location patch variant cannot be merged, and CNN backbones would need a per-position bias map after the first convolution, which is not a standard parameter.",No identity at initialization: the official code initializes \(v_\phi\) with a standard normal (torch.randn); \(v_\phi=0\) would recover the frozen model exactly.,"Adapt a frozen vision model by learning a single input perturbation (adversarial reprogramming as prompting), with the output mapped to labels through text prompts for CLIP.","Particularly effective for CLIP, where a padding prompt (\(p=30\) best) is competitive with linear probing and robust to distribution shift.",False,method,E,Lin,"A pointed extension by a translation box \(x\mapsto x+v\) on the pixel wire, neutral at \(v=0\) but initialised randomly, hence a pointing defect. On a ViT with a fixed prompt location the linear patch embedding slides it onto the positional-embedding table (R1), so there it is a Lin method.",bahng2022exploring,E,Lin,defect,none,Pi,M1->,idempotent
coop,CoOp,Context Optimization,Learning to Prompt for Vision-Language Models,Zhou et al.,2021,IJCV 2022,2109.01134,https://link.springer.com/article/10.1007/s11263-022-01653-1,https://github.com/KaiyangZhou/CoOp,False,,input-or-activation-augmentation,"t_i=[V]_1[V]_2\cdots[V]_{\ell}[\mathrm{CLASS}_i],\qquad p(y=i\mid x)=\frac{\exp\big(\cos(g(t_i),f(x))/\tau\big)}{\sum_{j=1}^{K}\exp\big(\cos(g(t_j),f(x))/\tau\big)};\ \ [V]_m\in\mathbb{R}^{d}\ \text{trained (unified or class-specific)};\ \text{CLIP encoders } f,g\ \text{frozen}",\ell d\ \text{(unified context)};\ \ K\ell d\ \text{(class-specific context)},input embedding sequence of the CLIP text encoder,Soft prompt (shared or per-class context vectors) prepended to each class-name token sequence; the classifier weights are the frozen text encoder's images \(g(t_i)\) of the prompted class names.,conditional,"In closed-set classification the \(K\) prompted class embeddings \(g(t_i)\) are computed once after training and cached as a linear classifier, so inference costs exactly as much as zero-shot CLIP; the learned context itself cannot be folded into the text encoder's weights, and any new class name requires re-running the text encoder with the prompt.",Can be initialized from the embedding of a hand-crafted context such as 'a photo of a' (starting at the zero-shot classifier) or randomly.,Replace hand-engineered CLIP prompts by learnable context vectors optimized end-to-end through the frozen text encoder.,"On 11 image-recognition datasets, one or two shots suffice to beat hand-crafted prompts, and with 16 shots the average gain is around 15%.",True,method,E0,Fun,"Prompt tuning on CLIP's text tower with a context shared across class sequences. In closed-set use the realisation factors through the \(K\times d\) head \(W(V)=[g([V;c_i])]_i\), so CoOp is a non-linear reparametrisation of the zero-shot head that fuses into it, pointed at zero-shot CLIP under 'a photo of a' initialisation.",zhou2021learning,E0,Fun,unpointed,none,GLxGL,M1->,
cocoop,CoCoOp,Conditional Context Optimization,Conditional Prompt Learning for Vision-Language Models,Zhou et al.,2022,CVPR 2022,2203.05557,https://arxiv.org/abs/2203.05557,https://github.com/KaiyangZhou/CoOp,False,,input-or-activation-augmentation,"v_m(x)=v_m+h_\theta\big(f(x)\big),\ \ t_i(x)=\{v_1(x),\dots,v_\ell(x),c_i\},\qquad p(y\mid x)=\frac{\exp\big(\mathrm{sim}(f(x),g(t_y(x)))/\tau\big)}{\sum_{i=1}^{K}\exp\big(\mathrm{sim}(f(x),g(t_i(x)))/\tau\big)};\ \ h_\theta=\text{Linear-ReLU-Linear (16}\times\text{ bottleneck)};\ \text{train } v_{1..\ell},\theta;\ \text{CLIP frozen}","\ell d+\tfrac{d_v}{16}\,(d_v+d)\ \ (\text{plus biases; } d_v=\text{image-feature width})","input embedding sequence of the CLIP text encoder, conditioned on the image feature",Context vectors shifted by one image-conditioned token \(\pi=h_\theta(f(x))\) produced by a lightweight meta-network (an input-dependent translation of the shared prompt).,no,"Class embeddings depend on the image, so the text encoder must be re-run for all \(K\) classes per image (much higher inference cost than CoOp).",No identity; reduces to CoOp when \(h_\theta\) outputs zero.,Static learned prompts overfit to base classes; making the prompt conditional on each image improves generalization to unseen classes and domains.,"Generalizes much better than CoOp to unseen classes within a dataset, and improves cross-dataset transfer and domain generalization across 11 datasets.",False,method,F_T,Fun,"A family over images: \(x\mapsto V+h_\theta(f(x))\mathbf 1^\top\) is a \(T\)-point of CoOp with \(T\) the image features. The classifier rows then depend on \(x\), so no fixed head, hence no CoOp point, realises it.",zhou2022conditional,F_T,Fun,unpointed,torus,GLxGL,Minf,
maple,MaPLe,Multi-modal Prompt Learning,MaPLe: Multi-modal Prompt Learning,Khattak et al.,2022,CVPR 2023,2210.03117,https://arxiv.org/abs/2210.03117,https://github.com/muzairkhattak/multimodal-prompt-learning,False,,input-or-activation-augmentation,"[\_\,,W_i]=L_i([P_{i-1},W_{i-1}]),\quad [c_i,E_i,\_\,]=V_i\big([c_{i-1},E_{i-1},F_{i-1}(P_{i-1})]\big),\ \ i=1,\dots,J;\quad \tilde P_k=F_k(P_k),\ F_k:\mathbb{R}^{d_l}\to\mathbb{R}^{d_v}\ \text{linear};\ \ \text{train } \{P_i\},\{F_i\};\ \text{CLIP frozen}","J\ell d_l+J\,(d_ld_v+d_v)",token sequences of both the text and image encoders up to depth \(J\) (deep prompts),"Deep prompts in the language branch, with vision-branch prompts obtained as linear images \(F_k(P_k)\) of the language prompts (one shared parameter pushed forward into both modalities, coupling their gradients).",no,Vision-branch prompts add tokens to every image forward pass (the text side alone could be cached).,No identity.,Prompt both towers of CLIP and couple vision prompts to language prompts so the two representation spaces adapt jointly instead of independently.,"Over CoCoOp, gains of +3.45% on novel classes and +2.72% harmonic mean averaged over 11 datasets in base-to-novel generalization, also improving cross-dataset and domain-shift results.",False,method,E0,Fun,"A coupled pair of deep prompt extensions on both CLIP towers, the vision prompts being the push-forward \(F_k(P_k)\) of the language prompts along trainable linear maps, so one parameter moves both towers. Deep replacement makes each layer's prompts act only through LayerNorm, and the coupling is read only at the \(\ell\) prompt rows, so the gauge fibre is large and non-linear.",khattak2022maple,E0,Fun,unpointed,nonlinear,GLxGL,Minf,
l2p,L2P,Learning to Prompt (prompt pool for continual learning),Learning to Prompt for Continual Learning,Wang et al.,2021,CVPR 2022,2112.08654,https://arxiv.org/abs/2112.08654,https://github.com/google-research/l2p,False,,composition-or-routing,"K_x=\arg\min_{\{s_i\}_{i=1}^{N}\subseteq[1,M]}\ \sum_{i=1}^{N}\gamma\big(q(x),k_{s_i}\big),\ \ q(x)=f(x)[0]\ \text{(frozen ViT [CLS])};\ \ x_p=[P_{s_1};\dots;P_{s_N};x_e];\ \ \min_{P,K,\phi}\ \mathcal{L}\Big(g_\phi\big(\mathrm{AvgPool}(f_r(x_p)[0{:}N\ell])\big),y\Big)+\lambda\sum_{s_i\in K_x}\gamma\big(q(x),k_{s_i}\big)",M(\ell d+d_k)+\text{head},input token sequence of a frozen ViT (prompts selected from a pool),"Key-value prompt memory \(\{(k_j,P_j)\}_{j=1}^M\): input-conditioned hard top-\(N\) retrieval by cosine matching between a frozen-model query and learnable keys; the selected prompts are concatenated.",no,Prompts are selected per input and lengthen the token sequence; the query also costs an extra frozen forward pass.,No identity.,"For rehearsal-free continual learning, keep the backbone frozen and store knowledge in a pool of prompts that are retrieved per instance, so tasks share or separate prompts automatically without task identity at test time.","Consistently outperforms prior state of the art in class-incremental, domain-incremental and task-agnostic continual learning (e.g., Split CIFAR-100, 5-datasets) and is competitive with rehearsal-based methods without any buffer.",False,method,F_T,Fun,"A family over inputs by hard retrieval: a key–query cosine match picks \(N\) of \(M\) prompts, so the prompt is a piecewise-constant function of \(x\). Its realisations jump at selection boundaries, which no continuous family (static prompts, softmax routers) can reproduce.",wang2021learning,F_T,Fun,unpointed,torus,OxO,Minf,
dualprompt,DualPrompt,DualPrompt (complementary general and expert prompts),DualPrompt: Complementary Prompting for Rehearsal-free Continual Learning,Wang et al.,2022,ECCV 2022,2204.04799,https://arxiv.org/abs/2204.04799,https://github.com/google-research/l2p,False,,composition-or-routing,"h_g^{(i)}=f_{\mathrm{prompt}}\big(g,h^{(i)}\big),\ \ h_e^{(j)}=f_{\mathrm{prompt}}\big(e_t,h^{(j)}\big),\ \ f^{\mathrm{Pre\text{-}T}}_{\mathrm{prompt}}(p,h)=\mathrm{MSA}\big(h_Q,[p_k;h_K],[p_v;h_V]\big);\ \ t^\star=\arg\min_t\gamma\big(q(x),k_t\big);\ \ \min_{g,e_t,k_t,\phi}\ \mathcal{L}\big(f_\phi(f_{g,e_t}(x)),y\big)+\lambda\,\gamma\big(q(x),k_t\big)","n_g\ell_g d+T\,(n_e\ell_e d+d)+\text{head}\ \ (n_g,n_e=\text{number of layers carrying G/E prompts};\ \ell_g,\ell_e\ \text{total prompt lengths, split into } \ell/2 \text{ key and } \ell/2 \text{ value vectors in prefix form})",keys/values (prefix form) of a few shallow (G-prompt) and middle (E-prompt) ViT layers,"A task-invariant prefix \(g\) shared by all tasks at shallow layers plus a pool of task-specific prefixes \(e_t\) at deeper layers, the latter retrieved by key matching against a frozen-model query.",no,Extra prefix key/value slots and input-dependent selection at inference.,No identity.,"Split continual-learning knowledge into a general prompt and expert prompts attached at different depths, using prefix-style (key/value) attachment, which works better than prompt-token insertion for this purpose.",Sets state of the art for rehearsal-free class-incremental learning and even outperforms methods with sizable rehearsal buffers; introduces the Split ImageNet-R benchmark.,False,method,F_T,Fun,A static shallow prefix (G-prompt) summed with a hard-retrieved task prefix (E-prompt) at middle layers: an \(F_X\) family with piecewise-constant selection on the key/value wire. Like L2P it realises discontinuous functions of the input.,wang2022dualprompt,F_T,Fun,unpointed,torus,OxO,Minf,
initial-state-tuning,Initial State Tuning,Initial State Tuning (for state space models),Parameter-Efficient Fine-Tuning of State Space Models,Galim et al.,2024,ICML 2025,2410.09016,https://arxiv.org/abs/2410.09016,https://github.com/furiosa-ai/ssm-peft,False,,input-or-activation-augmentation,"h_t=\bar A_t h_{t-1}+\bar B_t x_t,\ \ y_t=C_th_t\ \ \text{run from } h_0=h'\ \text{instead of } 0\ \Longleftrightarrow\ \hat y_t=y_t+C_t\Big(\prod_{i=1}^{t}\bar A_i\Big)h',\quad h'\in\mathbb{R}^{H}\ \text{per channel trained; all SSM weights frozen}",DH\ \text{per SSM layer},initial hidden state of each SSM (e.g. Mamba S6) layer,"Learned initial state of a linear recurrence. On S4, any prefix of virtual tokens acts only through \(h_{\mathrm{prefix}}=\sum_{i=0}^{\ell-1}\bar A^{i}\bar Bx_{-i}\), so prefix-tuning is exactly an initial-state update (Prop. 1); conversely every initial state is realizable by a prefix iff \(\ell\ge H\) (under a genericity condition).",no,"No weight changes and per-token cost is unchanged, since SSM scan kernels accept an initial state natively, but the state is injected per sequence (in S6 its effect \(C_t(\prod_i\bar A_i)h'\) is input-dependent) and cannot be folded into \(W_0\), exactly like a cached prefix.",\(h'=0\) recovers the base model exactly.,"For SSMs, the whole effect of prompt/prefix tuning is captured by the initial hidden state, so tune that state directly: an upper bound on prefix-tuning's expressivity at the same cost.","On Mamba with <0.5% trainable parameters, initial state tuning outperforms prefix-tuning and prompt tuning on five of seven tasks, but LoRA consistently outperforms it.",False,method,E,Lin,"A pointed extension: the SSM's initial state, fixed at \(0\) in \(f\), becomes a parameter \(h'\) with neutral point \(0\), and the output moves affinely, \(\hat y_t=y_t+C_t(\prod_{i\le t}\bar A_i)h'\). On S4 every prefix acts through this slot (Galim et al., Prop 1), and the zero prefix is neutral there: prefix tuning's unpointedness is a softmax phenomenon.",galim2024parameter,E,Lin,neutral,none,GLxGL,Minf,idempotent
state-offset-tuning,State-offset Tuning,State-offset Tuning,State-offset Tuning: State-based Parameter-Efficient Fine-Tuning for State Space Models,Kang et al.,2025,ACL 2025,2503.03499,https://arxiv.org/abs/2503.03499,https://github.com/furiosa-ai/ssm-state-tuning,False,,input-or-activation-augmentation,"\hat y_t=y_t+C_t\,h'\ \ \text{(State-offset (h))},\qquad \hat y_t=y_t+y'\ \ \text{(State-offset (y))},\qquad h'\in\mathbb{R}^{H}\ \text{per channel},\ y'\in\mathbb{R}^{D};\ \text{SSM weights frozen}",DH\ \text{(h variant)};\ \ D\ \text{(y variant) per SSM layer},state readout at every timestep of each SSM (Mamba S6) layer,"A constant learned offset added to the hidden state before readout at every step (Initial State Tuning with the time-varying factor \(\prod_i\bar A_i\) removed). In S6, \(C_th'=(W_Cx_t)^\top h'\), so the \(h\)-variant is a rank-\(\le H\) linear term in \(x_t\); the \(y\)-variant is a bias on the SSM output.",no,"The offset enters before Mamba's multiplicative output gate (and as a linear term in \(x_t\) for the \(h\)-variant), so it cannot be absorbed into the existing diagonal skip or biases, although its cost is negligible.",\(h'=0\) (or \(y'=0\)) recovers the frozen model exactly; the official code supports zero or Kaiming-uniform initialization of the offset parameters.,"State-based PEFT for SSMs: instead of injecting external virtual tokens, add a learnable constant to the internal state at every timestep, giving a uniform rather than decaying effect.","On Mamba-family models, State-offset Tuning (\(h\)) outperforms prompt-, prefix- and initial-state tuning and BitFit, and surpasses LoRA on most datasets; the (\(y\)) variant beats initial state tuning with 0.01% vs 0.23% of parameters.",False,method,E,Lin,"A pointed extension adding a constant state offset at every step. The \(h\)-variant is a LoRA-FA-type path \(x_t\mapsto H'W_Cx_t\) with frozen frame \(W_C\) on a new parallel box, and the \(y\)-variant is a new bias; both are neutral at \(0\), but they sit before Mamba's multiplicative gate, so no existing box absorbs them.",kang2025state,E,Lin,neutral,none,GLxGL,Minf,idempotent
lq-lora,LQ-LoRA,Low-rank plus Quantized LoRA,LQ-LoRA: Low-rank Plus Quantized Matrix Decomposition for Efficient Language Model Finetuning,Guo et al.,2023,ICLR 2024,2311.12023,https://arxiv.org/abs/2311.12023,https://github.com/HanGuo97/lq-lora,False,,additive-weight,"\min_{Q\in\mathbb{Q}_{c},\,B,A}\big\lVert\sqrt{F}\odot\big(W_0-(Q+BA)\big)\big\rVert_F\ \ (F\equiv\mathbf 1\ \text{or diagonal empirical Fisher}):\ \ B^{(t)}A^{(t)}=\mathrm{SVD}_r(W_0-Q^{(t-1)}),\ \ Q^{(t)}=\mathrm{Quantize}_c(W_0-B^{(t)}A^{(t)}),\ Q^{(0)}=0;\ \ c=(\text{bits, block sizes})\ \text{per matrix from an ILP under a global bit budget};\quad h=(Q+BA)x,\ Q\ \text{frozen},\ A,B\ \text{trained}",r(d_{in}+d_{out}),"all linear layers of the transformer, each with its own NF quantization configuration",robust-PCA-style low-rank-plus-quantized decomposition \(W_0 \approx Q + BA\); \(Q\) uses a per-matrix mixed-precision configuration chosen by integer linear programming; data-aware variant uses a row/column-scaled (Fisher-weighted) SVD,conditional,The low-rank component is high-precision and can be folded only into a dequantized copy of \(Q\); folding into the quantized \(Q\) needs re-quantization.,"Approximate: \(Q+BA\) is the alternating approximation of \(W_0\) (stopped when the error rises). Since \(Q^{(0)}=0\), the first low-rank component is the top-\(r\) SVD of \(W_0\) itself, so the adapter starts on \(W_0\)'s principal subspace rather than at zero.","Split each pretrained matrix into a fixed, easily quantized part and a trainable high-variance low-rank part. Integer linear programming then allocates bits across matrices to meet any target memory budget.","Beats QLoRA and GPTQ-LoRA at matched bit budgets on LLaMA-2 (C4, OpenAssistant) and RoBERTa-large (GLUE). For example, 3.5-bit Fisher LQ-LoRA roughly equals 4.127-bit NF4 QLoRA, and a 2.75-bit LLaMA-2-70B (27GB) stays competitive with 16-bit.",False,method,R-additive,Cone*,"LQ-LoRA is LoftQ's object with the other starting order: split first (\(Q^{(0)}=0\) gives PiSSA's top-\(r\) factor) and quantise the residual, iterated. It is a Type II translated cone over a quantised apex, pointed up to an attained residual, and with the identity quantiser and one iteration it is exactly PiSSA.",guo2023lq,R,Cone*,defect,GL,MonxMon,Mq,span
ir-qlora,IR-QLoRA,Information-Retention QLoRA,Accurate LoRA-Finetuning Quantization of LLMs via Information Retention,Qin et al.,2024,ICML 2024,2402.05445,https://arxiv.org/abs/2402.05445,https://github.com/AI-Efficiency/IR-QLoRA,False,,additive-weight,"\hat W_0=\mathrm{NF}k\!\Big(\tfrac{W_0-\tau^{*}}{\mathrm{absmax}(W_0-\tau^{*})}\Big)\,\mathrm{absmax}(W_0-\tau^{*})+\tau^{*},\ \ \tau^{*}=\arg\max_{\tau}\ \mathcal H\big(\mathrm{NF}k((W_0-\tau)/\mathrm{absmax}(W_0-\tau))\big)\ \text{(blockwise search on } [\tau_0\pm\lambda\sigma],\ \tau_0=\mathrm{median};\ \text{scales and }\tau\text{ double-quantized)};\quad h=\hat W_0x+\alpha\,U_2(U_1(x)),\ \ U_1(x)=Ax+\beta_1\,\mathrm{avg}_r(x),\ \ U_2(u)=Bu+\beta_2\,\mathrm{rep}_{d_{out}/r}(u),\ \ \mathrm{avg}_r(x)_j=\tfrac{r}{d_{in}}\textstyle\sum_{i\in\mathcal G_j}x_i\ (r\text{ contiguous groups}),\ \ \beta_1,\beta_2\ \text{layer-wise learnable scalars}",r(d_{in}+d_{out})+2,all linear layers of LLaMA/LLaMA2; NF2-NF4 or integer-quantized base,"LoRA with parameter-free 'elastic' shortcuts: \(\Delta W=\alpha(B+\beta_2E)(A+\beta_1P)\), where \(P\in\mathbb{R}^{r\times d_{in}}\) averages \(r\) contiguous input groups and \(E\in\{0,1\}^{d_{out}\times r}\) repeats each of the \(r\) entries \(d_{out}/r\) times; still rank \(\le r\). Base is an entropy-calibrated NF-k quantizer with a per-block shift \(\tau\)",conditional,"The IEC shortcuts are linear and fold into the LoRA factors (and then into a 16-bit copy of the weight), but folding into the NF-k base requires re-quantization.","Exact relative to the quantized base: \(B = 0\) and, in the official code, \(\beta_1=\beta_2=0\) (the paper itself does not state their initialization), so the adapter is zero at step 0. The starting model is the ICQ-quantized one, not \(W_0\).",View quantize-then-LoRA through information retention. Calibration Quantization (ICQ) maximizes the entropy of the quantized weights so they keep more information. The Elastic Connection (IEC) adds parameter-free pooling and tiling paths so LoRA can directly reuse the original features.,"Improves LLaMA/LLaMA2 at 2-4 bits over QLoRA and QA-LoRA, e.g. +1.4% MMLU for 4-bit LLaMA-7B over the prior state of the art, at only 0.31% extra training time.",False,method,R-additive,Cone,"IR-QLoRA is QLoRA over an entropy-calibrated base: ICQ moves the base point to \(\kappa_{\tau^*}\theta_0\), and IEC is a pure reparametrisation \((B+\beta_2E,\,A+\beta_1P)\) of LoRA's factors that leaves the image unchanged. What IEC changes is the cometric \(K=D\rho\,\Lambda\,D\rho^\top\), i.e. the dynamics, not the expressivity.",qin2024accurate,R,Cone,defect,GL,MonxMon,Mq,span
l4q,L4Q,Low-rank adaptive Learning quantization for LLMs,L4Q: Parameter Efficient Quantization-Aware Fine-Tuning on Large Language Models,Jeon et al.,2024,ACL 2025,2402.04902,https://aclanthology.org/2025.acl-long.99/,,False,,hybrid,"W_{comb}=W_0+\alpha BA,\quad \tilde w=\mathrm{round}\Big(\mathrm{clamp}\big(\tfrac{W_{comb}-b}{s},Q_N,Q_P\big)\Big),\ \ W_q=\tilde w\,s+b,\quad h=W_qx;\ \ W_0\ \text{frozen},\ (A,B,s,b)\ \text{trained with STE};\ \ \tfrac{\partial\mathcal L}{\partial B}=\alpha\big(\tfrac{\partial\mathcal L}{\partial W_q}\odot\mathbb 1_{[Q_N,Q_P]}\big)A^{\top}","r(d_{in}+d_{out})+2\,d_{out}\,d_{in}/g\ \ \text{(LoRA factors + one scale and bias per quantization group of size } g)","all linear layers (LLaMA 7B-33B, OpenLLaMA-3B, Mistral-7B)","learned-step-size quantizer composed after a rank-\(r\) additive update: \(W=Q_{s,b}(W_0+\alpha BA)\); custom backward reuses \(\partial\mathcal L/\partial W_q\) so no weight-gradient buffer is stored",yes,"The deployed model is exactly the fully quantized \(W_q=Q_{s,b}(W_0+\alpha BA)\); no adapter or 16-bit branch remains at inference.","\(B = 0\), so training starts from the 'L4Q init' symmetric quantization of \(W_0\) (scale \(s=\max(|\min W/Q_N|,|\max W/Q_P|)\), chosen to avoid clipping outliers), not from \(W_0\) itself.","Put the LoRA update inside the quantizer rather than beside it, and train LoRA jointly with the quantization scale and bias. The result is a fully quantized model without QA-LoRA's constraints on the factors, at roughly LoRA's training memory.","On LLaMA and Mistral models with instruction data, 4-bit and 3-bit L4Q is more accurate than decoupled quantize-then-fine-tune schemes and QA-LoRA, at inference speed comparable to other fully quantized models.",False,method,R-action,Lin,"L4Q postcomposes LoRA with a trainable quantiser, \(\rho=\kappa_{s,b}\circ\mathrm{LoRA}\). For the exact map the LoRA factors are fibre directions, because codes are locally constant, and the smooth germ is only the quantiser's scale-and-shift action on frozen codes; LoRA acts through discrete code flips and the STE surrogate. This is the fine-tune-then-quantise order, which is why its merge stays exactly in the quantised type.",jeon2024l4q,R,Lin,defect,nonlinear,Pi,M1,span
peqa,PEQA,Parameter-Efficient and Quantization-aware Adaptation,Memory-Efficient Fine-Tuning of Compressed Large Language Models via sub-4-bit Integer Quantization,Kim et al.,2023,NeurIPS 2023,2305.14152,https://arxiv.org/abs/2305.14152,,False,,multiplicative-weight,"\hat W=\mathrm{diag}(s_0+\Delta s)\,\overline W_0,\quad \overline W_0=\mathrm{clamp}\big(\lfloor W_0/s_0\rceil+z_0,\,0,\,2^b-1\big)-z_0\ \ \text{(frozen integer codes)},\ \ s_0,z_0\in\mathbb{R}^{d_{out}};\ \ \text{only } s_0+\Delta s \text{ trained}","d_{out}\ \text{(per-channel; } d_{out}\,d_{in}/g \text{ for group size } g)",every linear layer of a weight-only (3-4 bit) quantized LLM,"diagonal rescaling of the output rows of a frozen integer matrix: \(\hat W=\mathrm{diag}(s)\,\overline W_0\) (group-wise: one scale per output row and input group); the integer codes never change",yes,"The trained parameters are the quantization scales themselves, so the result is a standard quantized model with the same integer codes and kernels.","\(\Delta s = 0\): the model starts as the RTN/OPTQ-quantized model whose scales \(s_0\) minimize \(\lVert W_0-\hat W_0\rVert_F\), so the starting point is close to but not exactly \(W_0\).","Treat the quantization step sizes as the PEFT parameters. Freeze the integer codes and fine-tune only per-channel scales, so each task adapter is a tiny scale vector and the deployed model stays quantized.","Scales to LLaMA-65B. After instruction tuning, sub-4-bit PEQA models recover or exceed their full-precision language-modeling, few-shot in-context and comprehension performance.",True,method,R-action,Lin,"PEQA is (IA)\(^3\)'s output-side torus acting on the quantised base \(\kappa\theta_0\) instead of \(\theta_0\): a linear object, regular relative to \(\kappa\theta_0\), whose parameters are the quantiser's own scales, so merging never leaves the quantised type. It is the multiplicative twin of QA-LoRA, which moves the zero-points instead.",kim2023memory,R,Lin,defect,none,MonxMon,M1,idempotent
apiq,ApiQ,Activation-preserved initialization of Quantized LLMs,ApiQ: Finetuning of 2-Bit Quantized Large Language Model,Liao et al.,2024,EMNLP 2024,2402.05147,https://aclanthology.org/2024.emnlp-main.1168/,https://github.com/BaohaoLiao/ApiQ,False,,additive-weight,"\min_{Q,A,B}\ \big\lVert W_0X-(Q+BA)X^{q}\big\rVert_F\ \ \text{(layer-wise; block-wise: } \lVert\mathcal F(W_s,X)-\mathcal F(Q_s,A_s,B_s,X^{q})\rVert),\ \ Q=q_b(W_0;\gamma,\beta)\ \text{with learnable clipping }(\gamma,\beta)\ \text{via STE},\ X^{q}=\text{inputs from the already-quantized preceding layers};\ \text{then fine-tune } h=(Q+BA)x,\ Q\ \text{frozen}",r(d_{in}+d_{out})\ \text{during fine-tuning},"all linear layers (or whole transformer blocks for ApiQ-bw); DeBERTa-v3, RoBERTa, Llama-2, Mistral","the same \(Q+BA\) shape as LoftQ, but fitted in activation space with calibration data, sequentially layer-by-layer or block-by-block so that quantization error does not accumulate with depth",conditional,\(BA\) can be merged only into a high-precision copy; merging into the \(b\)-bit \(Q\) requires re-quantization.,"Approximate: \(Q\), \(A\), \(B\) are calibrated so that the quantized layer or block reproduces the full-precision activations given the already-quantized inputs \(X^{q}\); the model function is close to, not equal to, the original.","Initialize LoRA and quantize jointly by matching activations, not weights. Each quantized layer is fitted given its quantized inputs, so the adapter stops error propagation from shallow to deep layers, which is crucial at 2 bits.","Attains the lowest activation error and the best fine-tuning results against QLoRA, LoftQ and LQ-LoRA across 2-4 bits on GLUE (DeBERTa-v3, RoBERTa) and on Llama-2/Mistral language modeling, arithmetic and commonsense reasoning, with the largest gains at 2 bits.",False,method,R-additive,Cone*,"ApiQ builds the same Type II object as LoftQ, a rank-\(r\) translated cone over a quantised apex, but chooses the section by matching activations sequentially. Its defect is therefore measured through the realisation \(\Phi_f\) on calibration data rather than in \(\Theta\).",liao2024apiq,R,Cone*,defect,GL,MonxMon,Mq,span
efficientqat,EfficientQAT,Efficient Quantization-Aware Training,EfficientQAT: Efficient Quantization-Aware Training for Large Language Models,Chen et al.,2024,ACL 2025,2407.11062,https://arxiv.org/abs/2407.11062,https://github.com/OpenGVLab/EfficientQAT,False,,hybrid,"\text{Block-AP: }\min_{W,s,z}\lVert\mathcal F_{blk}(W_0,X)-\mathcal F_{blk}(Q_{s,z}(W),X)\rVert\ \text{block by block};\quad \text{E2E-QP: } \hat W=s\odot(\overline W-z),\ \overline W\ \text{frozen integers},\ \text{only step sizes } s \text{ trained end-to-end on the task loss}","d_{out}\,d_{in}/g\ \text{step sizes in E2E-QP (group size } g)",all linear layers of the LLM; 2-4 bit group-wise uniform quantization,"two stages: block-wise reconstruction training of all weights plus quantization parameters, then end-to-end training of group-wise multiplicative step sizes only (diagonal-per-group scaling of a frozen integer matrix)",yes,"Block-AP trains the latent weights together with step sizes and zero points and then rounds them to integer codes; E2E-QP trains only step sizes on those frozen codes. The output is a standard group-wise uniformly quantized model, with no adapter.","E2E-QP starts from the Block-AP-calibrated quantized model (step sizes from Block-AP); there is no exact identity with \(W_0\), by design of quantization.","Make quantization-aware training feasible for 70B models in two stages. First, train all parameters block by block against a reconstruction loss. Then, end to end, train only the quantization step sizes, which is a PEQA-style parameter-efficient stage on a frozen integer model.","Produces a 2-bit Llama-2-70B on a single A100-80GB in 41 hours with less than 3 points of accuracy loss (69.48 vs 72.41), and outperforms prior quantization methods from 7B to 70B, including instruction-tuned and multimodal LLMs.",False,method,R-action,Lin,"EfficientQAT is a base change followed by PEQA: Block-AP constructs a calibrated quantised base \(\kappa_{\rm BAP}\theta_0\) by block-wise full training, and E2E-QP is the group-wise scale torus acting on its frozen codes. Only the second stage is an object of the slice; the first chooses where it is pointed.",chen2024efficientqat,R,Lin,defect,none,Pi,M1,idempotent
loqt,LoQT,Low-Rank Adapters for Quantized Training,LoQT: Low-Rank Adapters for Quantized Pretraining,Loeschcke et al.,2024,NeurIPS 2024,2405.16528,https://arxiv.org/abs/2405.16528,https://github.com/sebulo/LoQT,False,,hybrid,"h=\big(W_Q+s\,P_QB\big)x,\ \ W_Q=q_{NF4}(W),\ \ P=U_{[:,1:r]}\ \text{from}\ \mathrm{SVD}(\nabla_W\mathcal L)\ \text{(frozen, } P_Q=q_{NF4}(P)\text{; projector on the smaller side, shown for } d_{out}\le d_{in}),\ \ B\in\mathbb{R}^{r\times d_{in}}\ \text{trained},\ B_{init}=P^{+}(W-Q)\ \text{refined for up to 5 steps with } Q=q_{NF4}(W-PB);\quad \text{at } t\in\{T_i\}:\ W\leftarrow W_Q+sP_QB,\ \text{recompute }P,\ \text{re-quantize, re-init }B;\ \ T_{i}=\tau+\psi^{i}","r\max(d_{in},d_{out})\ \text{(only } B\text{; } W \text{ and } P \text{ frozen and NF4-quantized; } P \text{ is placed on the smaller dimension, so } B \text{ is } r\times\max(d_{in},d_{out}))",all attention and MLP linear layers; used for both pre-training and fine-tuning,"one-sided low-rank adapter with a frozen gradient-derived projector, \(W=W_Q+sPB\) with \(P\) the top-\(r\) left singular vectors of \(\nabla_W\mathcal L\); periodically merged into the NF4 weight and re-quantized at exponentially growing intervals",yes,"\(PB\) is periodically merged into the (quantized) full-rank weight, with a final merge at the end, so inference uses a plain dense or quantized matrix.","Approximate: \(B\) is initialized to compensate the quantization error (\(B \approx P^{+}(W-q_{NF4}(W))\)) instead of 0; without quantization (LoQT-nq), \(B=0\) gives exact identity.","Realize GaLore's projected step as a trainable adapter. Freeze a gradient-SVD projector \(P\) and train only \(B\) in \(W+PB\); since \(\partial\mathcal L/\partial B=P^{\top}\nabla_W\mathcal L\), Adam on \(B\) equals GaLore within a window. Periodically fold \(PB\) into an NF4 weight, so neither \(W\) nor \(P\) ever needs 16-bit storage or gradients.","Trains models up to 7B on a single 24GB GPU (13B with per-layer gradient updates). Perplexity is close to unquantized low-rank baselines in LLaMA pre-training on C4, with competitive DeBERTaV3 GLUE and GSM8K fine-tuning.",False,method,B,Lin,"LoQT realises GaLore's projected step as a forward one-sided adapter (Prop IV.2) and re-bases it ReLoRA-style into a quantised weight. Unlike GaLore it resets \(B\) at each re-basing, so it shares GaLore's per-stage image but not its trajectory.",loeschcke2024loqt,B,Lin,defect,none,MonxMon,Mq,schedule
galore,GaLore,Gradient Low-Rank Projection,GaLore: Memory-Efficient LLM Training by Gradient Low-Rank Projection,Zhao et al.,2024,ICML 2024,2403.03507,https://arxiv.org/abs/2403.03507,https://github.com/jiaweizzhao/GaLore,False,,optimizer-or-training-procedure,"G_t=\nabla_W\mathcal L(W_t)\in\mathbb{R}^{d_{out}\times d_{in}},\ \ P_t=U_{[:,1:r]}\ \text{of}\ \mathrm{SVD}(G_{t_0})\ \text{(refreshed every }T\text{ steps)};\ \ R_t=P_t^{\top}G_t\in\mathbb{R}^{r\times d_{in}},\ (M_t,V_t)=\mathrm{Adam}(R_t),\ N_t=M_t/(\sqrt{V_t}+\epsilon);\quad W_{t+1}=W_t-\eta\,\alpha\,P_tN_t\ \ \text{(all of }W\text{ trained; no adapter; shown for } d_{out}\le d_{in}\text{, else project on the right)}","d_{out}d_{in}\ \text{(full weight); optimizer state } 2r\,d_{in}+r\,d_{out}\ \text{vs. } 2d_{out}d_{in}\ \text{for Adam (for } d_{out}\le d_{in})",all 2-D weight matrices of attention and MLP blocks (embeddings / LM head usually kept on standard Adam),"each step's update lies in an \(r\)-dimensional left subspace: \(\Delta W_t=-\eta\alpha P_tN_t\) with \(P_t\in\mathrm{St}(d_{out},r)\) the gradient's top singular vectors; the subspace switches every \(T\) steps, so the accumulated \(\sum_t\Delta W_t\) is high-rank",yes,"There is no auxiliary module: updates are written straight into \(W\), so the result is an ordinary dense checkpoint with the original architecture.",Trivial: training starts at \(W_0\) with no reparameterization; the projector is initialized from the SVD of the first gradient.,"Put the low-rank structure on the gradient rather than the weights. Project each gradient onto a periodically refreshed top-\(r\) singular subspace, run Adam there, and project back. This gives full-parameter learning with LoRA-like optimizer memory.","Cuts optimizer-state memory by up to 65.5% (82.5% with 8-bit GaLore) while matching full-rank LLaMA 1B/7B pre-training on C4 (up to 19.7B tokens) and RoBERTa GLUE fine-tuning. It was the first to pre-train a 7B model on a single 24GB RTX 4090 without model parallelism, checkpointing or offloading.",True,method,B,Lin,"GaLore is a backward lens with compression \(P_t^\top\) and anchor \(P_t\); by the degree-one collapse it is one-sided LoRA \(W_k+P_kC\) re-based every period, with \(C\)'s optimizer state carried over untransported. As a set over its possible sequences of projectors, its reach is \(\Theta\), because the linear shape moves, not because any single period is high rank.",zhao2024galore,B,Lin,regular,none,OxO,na,schedule
galore-2,GaLore 2,GaLore 2 (scalable Gradient Low-Rank Projection),GaLore 2: Large-Scale LLM Pre-Training by Gradient Low-Rank Projection,Su et al.,2025,arXiv,2504.20437,https://arxiv.org/abs/2504.20437,,False,,optimizer-or-training-procedure,"W_{t+1}=W_t-\eta\,\alpha\,P_t\,\rho_t\big(P_t^{\top}G_t\big),\ \ P_t=\mathrm{rSVD}_r(G_{t_0})\ \text{(fast randomized SVD, refreshed every }T\text{ steps)};\ \rho_t=\text{(8-bit) Adam on the }r\times d_{in}\text{ state};\ \text{per-layer fused update after FSDP reduce-scatter; optional low-bit projectors (Q-GaLore) and tensor projections (Tensor-GaLore)}","d_{out}d_{in}\ \text{(full weight); optimizer state } \approx 2r\,d_{in}+r\,d_{out}",all 2-D weight matrices; designed for large-scale pre-training under FSDP,"same projected-gradient structure as GaLore (\(\Delta W_t\in\mathrm{span}(P_t)\otimes\mathbb{R}^{d_{in}}\)), with randomized-SVD projectors and sharded per-layer updates",yes,Updates go directly into \(W\); the output is a standard dense checkpoint.,Trivial: starts at the initial (or pretrained) \(W\) with no reparameterization.,"An engineering consolidation of GaLore. Randomized SVD removes the SVD bottleneck (up to 20 minutes per subspace update on Llama 7B), FSDP integration fuses per-layer projected updates, and Q-GaLore and Tensor-GaLore extensions are folded in. The paper then tests GaLore at real pre-training scale.","Pre-trains Llama 7B from scratch on 500B tokens with final validation loss, perplexity and downstream scores comparable to an 8-bit Adam baseline.",False,software,B,Lin,"GaLore 2 is GaLore as software (randomised-SVD projector, FSDP-fused per-layer updates, 8-bit states). The object is unchanged: each period is the linear method \(W_k+P_kX\) with an approximately spectral frame.",su2025galore,B,Lin,regular,none,OxO,na,schedule
q-galore,Q-GaLore,Quantized GaLore,Q-GaLore: Quantized GaLore with INT4 Projection and Layer-Adaptive Low-Rank Gradients,Zhang et al.,2024,CPAL 2025,2407.08296,https://proceedings.mlr.press/v280/zhang25a.html,https://github.com/VITA-Group/Q-GaLore,False,,optimizer-or-training-procedure,"W^{\mathrm{INT8}}_{t+1}=\mathrm{SR}_{8}\Big(W_t-\eta\,\alpha\,P_t^{\mathrm{INT4}}\,\rho_t\big(P_t^{\mathrm{INT4}\top}G_t\big)\Big),\ \ \mathrm{SR}=\text{stochastic rounding (unbiased)};\ \ P_t^{\mathrm{INT4}}\ \text{block-wise INT4};\ \text{SVD interval of layer } l \text{ doubled when } \cos(P^{(l)}_{k\text{ intervals}})\ge\text{threshold (lazy layer-adaptive refresh)};\ \text{fused per-layer backward update}","d_{out}d_{in}\ \text{(full weight, stored INT8); optimizer state } \approx 2r\,d_{in}\ \text{(+ INT4 projector } r\,d_{out})",all 2-D weight matrices; pre-training and fine-tuning,"GaLore projected update with quantized operands: INT8 weights updated through stochastic rounding, INT4 projector, per-layer adaptive subspace-refresh schedule",yes,Training directly updates the (INT8) weights; no adapter remains.,Trivial: starts from the (INT8-quantized) initial weights with no reparameterization.,"Gradient subspaces settle early in many layers and projectors tolerate 4-bit quantization. Q-GaLore therefore refreshes subspaces lazily per layer, stores projectors in INT4 and weights in INT8, and uses stochastic rounding so small updates are not lost.",Pre-trains LLaMA-7B from scratch on a single 16GB RTX 4060 Ti. In fine-tuning it uses up to 50% less memory than LoRA and GaLore and beats QLoRA by up to 5.19 MMLU points at the same memory cost.,False,method,B,Lin,"Q-GaLore is GaLore after base change to a quantised type: the moving linear shape is unchanged in expectation, but unbiased stochastic rounding pushes the iterates onto the INT8 lattice. Its lazy refresh changes the schedule, not the object.",zhang2024q,B,Lin,defect,none,MonxMon,na,schedule
flora-opt,Flora,From LoRA to high-rank updates,Flora: Low-Rank Adapters Are Secretly Gradient Compressors,Hao et al.,2024,ICML 2024,2402.03293,https://arxiv.org/abs/2402.03293,https://github.com/BorealisAI/flora-opt,False,,optimizer-or-training-procedure,"\text{LoRA dynamics} \approx W_0-\eta\textstyle\sum_t G_tA_0^{\top}A_0\ \ (\text{random } A_0,\ \text{only } B \text{ moving});\ \ \text{Flora: } C_t=G_tA_t^{\top}\in\mathbb{R}^{d_{out}\times r},\ A_t\sim\mathcal N(0,\tfrac1r)^{r\times d_{in}}\ \text{regenerated from a seed, resampled every }\kappa\text{ steps};\ \ M_t=\beta M_{t-1}T_t+(1-\beta)C_t,\ \ T_t=A_{t-1}A_t^{\top}\ \text{at resampling steps (momentum transfer), else } T_t=I_r;\ \ W_{t+1}=W_t-\eta\,\mathcal U(M_tA_t)\ \ (\mathcal U=\text{base optimizer, Adafactor in the paper})","d_{out}d_{in}\ \text{(full weight); compressed state } r\,d_{out}\ \text{per EMA / accumulator (+ a random seed for } A_t)","attention and feed-forward weight matrices (embeddings and vector parameters handled uncompressed); T5, GPT-2 (ViT in the appendix)","random-projection (Johnson-Lindenstrauss) compression of the gradient along its input dimension, \(C=GA^{\top}\), decompressed by \(CA\); resampling \(A_t\) makes the accumulated update high-rank; sublinear \(O(r\,d_{out})\) state",yes,Flora is an optimizer that writes directly into \(W\); no adapter is created.,Trivial: \(W\) starts at \(W_0\); only optimizer states are compressed.,"Under SGD with a small learning rate, LoRA's update is dominated by \(B\) moving under a nearly fixed random \(A_0\), i.e. \(-\eta GA_0^{\top}A_0\), which is random-projection compression of the gradient. Resampling the projection breaks LoRA's low-rank ceiling while keeping its sublinear memory for momentum and gradient accumulation.","With Adafactor as base optimizer, Flora-compressed gradient accumulation matches full-matrix accumulation on T5 (XSum) and GPT-2 (IWSLT17 De-En) at reasonably large \(r\), using only about 30% of its memory overhead for T5-3B / GPT-2-XL at \(r=256\). Compressed momentum recovers or surpasses naive momentum when training from scratch, where LoRA lags badly.",True,method,B,Lin,"Flora is the random-projection row of the cotangent table: per period LoRA-FA\((A_t)\) with a fresh Gaussian \(A_t\), re-based, reaching \(\Theta\). Its momentum transfer \(A_{t-1}A_t^\top\) is an approximate transport of optimizer state between frames, the ingredient GaLore lacks.",hao2024flora,B,Lin,regular,none,frame,na,schedule
fira,Fira,Fira (full-rank training under a low-rank constraint),Fira: Can We Achieve Full-rank Training of LLMs Under Low-rank Constraint?,Chen et al.,2024,NeurIPS 2025,2410.01623,https://arxiv.org/abs/2410.01623,https://github.com/xichen-fy/Fira,False,,optimizer-or-training-procedure,"R_t=P_t^{\top}G_t,\ \ W_{t+1}=W_t-\eta\,P_t\psi_t(R_t)-\eta\,\big(G_t-P_tR_t\big)\,\mathrm{diag}\big(\phi_t(R_t)\big),\ \ \phi_t(R_t)_i=\frac{\lVert\psi_t(R_{t,:,i})\rVert}{\lVert R_{t,:,i}\rVert}\ \text{(column-wise)};\ \ \text{limiter: if } \lVert S_t\rVert/\lVert S_{t-1}\rVert>\gamma,\ S_t\leftarrow\gamma\lVert S_{t-1}\rVert\,S_t/\lVert S_t\rVert,\ \ S_t=(G_t-P_tR_t)\,\mathrm{diag}(\phi_t(R_t))","d_{out}d_{in}\ \text{(full weight, full-rank gradient); optimizer state } \approx 2r\,d_{in}+r\,d_{out}\ \text{(as GaLore)}",all 2-D weight matrices; pre-training and fine-tuning,"GaLore's Adam-in-subspace term plus the out-of-subspace gradient residual \((I-P_tP_t^{\top})G_t\) rescaled column-wise by the low-rank Adam norm ratio, with a relative norm-growth limiter",yes,Optimizer-only method; updates go directly into W.,Trivial: no reparameterization.,"Adam's effect on gradient norms (the norm ratio before and after correction) is nearly the same in a low-rank subspace and in full rank. Fira reuses the cheap low-rank ratio to scale the discarded residual gradient, giving full-rank updates at low-rank memory, and adds a norm-growth limiter against loss spikes.","Beats LoRA and GaLore in LLaMA pre-training and fine-tuning, matching or exceeding full-rank training. In LLaMA-7B pre-training it uses 8x less optimizer-state memory than GaLore and outperforms it by a large margin.",False,method,B,Lin,"Fira is not a low-rank object of the slice: its forward object is Full FT, and the low-rank structure lives only in the optimizer state, reused to rescale the out-of-subspace residual. In the framework it is Full FT with a different cometric, and \(\phi\equiv0\) collapses it to GaLore's rank-\(r\) periods.",chen2024fira,B,Lin,regular,none,GLxGL,na,idempotent
apollo,APOLLO,Approximated Gradient Scaling for Memory-Efficient LLM Optimization,"APOLLO: SGD-like Memory, AdamW-level Performance",Zhu et al.,2024,MLSys 2025,2412.05270,https://arxiv.org/abs/2412.05270,https://github.com/zhuhanqing/APOLLO,False,,optimizer-or-training-procedure,"R_t=P_tG_t,\ P_t\sim\mathcal N_{seed}(0,\tfrac1r)^{r\times d_{out}}\ \text{(resampled every }T);\ \ (M^R_t,V^R_t)=\mathrm{AdamW}(R_t),\ \tilde R_t=M^R_t/(\sqrt{V^R_t}+\epsilon);\ \ s_j=\frac{\lVert\tilde R_t[:,j]\rVert_2}{\lVert R_t[:,j]\rVert_2}\ \text{(APOLLO; APOLLO-Mini: one tensor-wise } s=\lVert\tilde R_t\rVert/\lVert R_t\rVert,\ r=1);\quad W_{t+1}=W_t-\eta\,\alpha\,G_t\,\mathrm{diag}(s)-\eta\lambda W_t","d_{out}d_{in}\ \text{(full weight); optimizer state } 2r\,d_{in}\ \text{(}r=1\text{ for APOLLO-Mini, i.e. } 2d_{in}\text{: SGD-like)}",all 2-D weight matrices of attention and MLP (optim_target_modules),structured (channel-wise or tensor-wise) learning-rate scaling: the raw full-rank gradient is right-multiplied by a diagonal matrix \(\mathrm{diag}(s)\) whose entries are estimated from Adam states kept in a random \(r\)-dimensional sketch,yes,Optimizer-only method; produces an ordinary dense checkpoint.,Trivial: no reparameterization.,"AdamW's element-wise adaptive learning rate is redundant and can be coarsened to one rate per channel or per tensor. Those few scaling factors can be estimated from Adam run inside a cheap random projection without SVD, even of rank 1.","Matches or beats AdamW in LLaMA 60M-7B pre-training (up to 2.8 lower validation perplexity) at near-SGD memory, with about 3x throughput on 8xA100 from larger batches. APOLLO-Mini plus weight quantization pre-trains LLaMA-7B in 12GB.",False,method,B,Lin,"APOLLO is Full FT with a structured learning rate: the anchor is the identity up to a diagonal channel scaling, and the random sketch only estimates that scaling. As an object it is the terminal Full FT; unlike GaLore and Flora nothing confines its update to a moving subspace.",zhu2024apollo,B,Lin,regular,none,GLxGL,na,idempotent
online-subspace-descent,Online Subspace Descent,Online Subspace Descent,Memory-Efficient LLM Training with Online Subspace Descent,Liang et al.,2024,NeurIPS 2024,2408.12857,https://arxiv.org/abs/2408.12857,https://github.com/kyleliang919/Online-Subspace-Descent,False,,optimizer-or-training-procedure,"W_{t+1}=W_t+P_t\,\phi_t(\hat S_t),\ \ \hat S_t=\psi_t\big(\hat S_{t-1},P_t^{\top}\nabla\mathcal L(W_t)\big);\ \ P_{t+1}=\mathrm{OptimizerP.step}\big(P_t,\nabla_P\mathcal L_{G_t}(P_t)\big),\ \ \mathcal L_{G}(P)=\lVert PP^{\top}\tilde G-\tilde G\rVert^2+\lambda\lVert P^{\top}P-I_r\rVert^2,\ \tilde G=G/\lVert G\rVert",d_{out}d_{in}\ \text{(full weight); optimizer state in the } r\text{-dim subspace plus } P\in\mathbb{R}^{d_{out}\times r}\ \text{(and its optimizer state)},all 2-D weight matrices; LLaMA pre-training (60M-7B),"projected optimizer whose projector \(P_t\) evolves continuously by one online-PCA gradient step per iteration (no SVD); any Hamiltonian-descent optimizer (SGD, momentum, Lion, Adam) can run inside the subspace",yes,Optimizer-only method; updates go directly into \(W\).,Trivial: no reparameterization.,Replace GaLore's periodic SVD with streaming online PCA on the projector. A Hamiltonian-descent (Lyapunov) analysis then gives the first convergence guarantee for arbitrary projector update rules.,"In LLaMA 60M-7B pre-training on C4 it reaches lower perplexity and better downstream scores than other low-rank training methods, narrowing the gap to full-rank baselines.",False,method,B,Lin,"A backward lens \((\mathrm{id}_\Theta;\,c_t=P_t^\top,\,a_t=P_t)\) whose frame takes one online-PCA gradient step per iteration. By the degree-one collapse (Prop IV.2), each step is the one-sided method \(\mathrm{FB}(P_t)\) re-based at \(\theta_t\). It sits in GaLore's row of the cotangent table, with the periodic SVD replaced by a frame that moves every step.",liang2024memory,B,Lin,regular,none,OxO,na,schedule
adam-mini,Adam-mini,Adam-mini,Adam-mini: Use Fewer Learning Rates To Gain More,Zhang et al.,2024,ICLR 2025,2406.16793,https://arxiv.org/abs/2406.16793,https://github.com/zyushun/Adam-mini,False,,optimizer-or-training-procedure,"\theta=(\theta_{b})_{b\in\mathcal B}\ \text{(blocks = smallest dense Hessian sub-blocks: q,k by head; v, attn.proj, MLP by output neuron; embed/output by token)};\ \ m_b\leftarrow\beta_1m_b+(1-\beta_1)g_b,\ \ v_b\leftarrow\beta_2v_b+(1-\beta_2)\,\mathrm{mean}(g_b\odot g_b)\in\mathbb{R},\ \ \theta_b\leftarrow\theta_b-\eta\,m_b/(\sqrt{v_b}+\epsilon)","\text{all parameters; second-moment state reduced from } d_{out}d_{in} \text{ to at most } d_{out}\ \text{scalars per matrix (one per block: per head for } W_q,W_k\text{, per output neuron otherwise)}",all parameters; Hessian-structure-aware partition of Transformer weights,block-wise shared adaptive learning rate: Adam's per-coordinate \(v\) is replaced by one scalar per Hessian block (more than 99.9% of \(v\) removed),yes,Optimizer-only method; trains the original parameters directly.,Trivial: no reparameterization.,"Transformer Hessians are near block-diagonal, and one good learning rate per dense block is enough. Adam-mini keeps momentum but stores one second-moment scalar per block, halving Adam's optimizer memory.","On par with or better than AdamW for 39M-13B models in pre-training, SFT and RLHF, with 50% less optimizer memory and 49.6% higher throughput for Llama 2-7B pre-training on 2xA800.",False,method,B,Lin,"Adam-mini is the terminal object \(\mathrm{Full\ FT}=(\Theta,\theta_0,\mathrm{id})\) with different trained-method data: a block-scalar preconditioner replaces Adam's coordinatewise one. In the lens picture it is a backward method with trivial compression. Every difference from Adam lies in the induced cometric, not in the slice.",zhang2024adam,B,Lin,regular,none,GLxGL,na,idempotent
mezo,MeZO,Memory-efficient Zeroth-order Optimizer,Fine-Tuning Language Models with Just Forward Passes,Malladi et al.,2023,NeurIPS 2023,2305.17333,https://arxiv.org/abs/2305.17333,https://github.com/princeton-nlp/MeZO,False,,optimizer-or-training-procedure,"\widehat\nabla\mathcal L(\theta;\mathcal B)=\frac{\mathcal L(\theta+\epsilon z;\mathcal B)-\mathcal L(\theta-\epsilon z;\mathcal B)}{2\epsilon}\,z\ \approx zz^{\top}\nabla\mathcal L(\theta;\mathcal B),\ \ z\sim\mathcal N(0,I_d)\ \text{regenerated from a stored seed};\ \ \theta\leftarrow\theta-\eta\,\widehat\nabla\mathcal L\ \ \text{(in place; two forward passes, no backprop)}",\text{all } d \text{ parameters (or a PEFT subset such as LoRA / prefix); optimizer memory } O(1)\text{: one scalar and one seed},all parameters (full-parameter) or the parameters of a PEFT module,"SPSA zeroth-order estimate: a rank-one random projection \(zz^{\top}\nabla\mathcal L\) of the gradient, obtained from a finite difference of two forward passes; perturbations regenerated from a random seed so no extra memory is stored",yes,MeZO only changes how updates are computed; the trained parameters are the model's own (or a standard PEFT module).,Trivial: no reparameterization.,"Classical ZO-SGD can run in place by regenerating Gaussian perturbations from a seed, so fine-tuning costs only inference memory. Good pre-training gives a low effective Hessian rank, so convergence does not degrade with parameter count.","With one A100-80GB it fine-tunes a 30B model where backprop fits only 2.7B. It is comparable to backprop fine-tuning on many tasks (OPT up to 66B) with up to 12x memory reduction, works with LoRA and prefix-tuning, and can optimize non-differentiable objectives.",True,method,B,Lin,"MeZO is the rank-one, globally random corner of the cotangent table: a backward lens whose compression is a single directional derivative along a fresh Gaussian direction. By Prop IV.3 each step is the linear method \(\theta_t+\mathbb Rz_t\) on a moving base. So its reach is \(\Theta\), and its cometric \(\eta zz^\top\) equals \(\eta I\) only in expectation.",malladi2023fine,B,Lin,regular,none,frame,na,schedule
lomo,LOMO,LOw-Memory Optimization,Full Parameter Fine-tuning for Large Language Models with Limited Resources,Lv et al.,2023,ACL 2024,2306.09782,https://arxiv.org/abs/2306.09782,https://github.com/OpenLMLab/LOMO,False,,optimizer-or-training-procedure,"\text{during backprop, as soon as } g_i=\nabla_{\theta_i}\mathcal L \text{ is computed: } \theta_i\leftarrow\theta_i-\eta\,g_i,\ \text{then free } g_i\ \ \text{(fused gradient computation + SGD update; no optimizer state; gradient memory } O(\max_i|\theta_i|))","\text{all parameters; optimizer state } 0,\ \text{gradient buffer} = \text{largest single tensor}",all parameters (full-parameter fine-tuning),"plain SGD whose per-tensor update is fused into the backward pass (layer-wise gradient release), plus gradient normalization and dynamic loss scaling for mixed precision",yes,Trains the original parameters directly; no extra modules.,Trivial: no reparameterization.,"For fine-tuning, SGD works well enough to drop Adam's states entirely. Fusing each tensor's update into backpropagation also removes the full gradient buffer, leaving parameters and activations as the only memory.","Combined with other memory-saving techniques it cuts memory to 10.8% of the DeepSpeed baseline, enabling full-parameter fine-tuning of a 65B model on one machine with 8x RTX 3090 (24GB).",False,recipe,B,Lin,"LOMO is Full FT trained by SGD, with the backward lens evaluated tensor by tensor so that each parameter cotangent is consumed as soon as it is produced. It adds nothing to the object. Its contribution is an evaluation order for \(\mathsf R[f]\) that keeps only one tensor's cotangent alive.",lv2023full,B,Lin,regular,none,GLxGL,na,idempotent
adalomo,AdaLomo,Low-memory Optimization with Adaptive Learning Rate,AdaLomo: Low-memory Optimization with Adaptive Learning Rate,Lv et al.,2023,Findings of ACL 2024,2310.10195,https://aclanthology.org/2024.findings-acl.742/,https://github.com/OpenLMLab/LOMO,False,,optimizer-or-training-procedure,"\text{fused in backprop, per matrix } \theta_i\in\mathbb{R}^{m\times n}:\ r_{t}=\beta r_{t-1}+(1-\beta)(g_t^{2})\mathbf 1_n,\ \ c_t=\beta c_{t-1}+(1-\beta)\mathbf 1_m^{\top}(g_t^{2}),\ \ v_t=r_tc_t/(\mathbf 1_m^{\top}r_t);\ \ u_t=g_t/\sqrt{v_t},\ \ \hat u_t=\frac{u_t}{\max(1,\mathrm{RMS}(u_t))}\max(\epsilon,\mathrm{RMS}(\theta_{t-1})),\ \ \theta_t=\theta_{t-1}-\alpha_t\hat u_t","\text{all parameters; optimizer state } d_{out}+d_{in}\ \text{per matrix (factored second moment), no momentum}",all parameters (full-parameter instruction tuning and (further) pre-training),"rank-one non-negative factorization of the second-moment matrix (Adafactor-style row/column statistics) with grouped RMS update normalization, fused into the backward pass",yes,Trains the original parameters directly.,Trivial: no reparameterization.,"Of Adam's two ingredients, the adaptive learning rate matters more than momentum for closing LOMO's gap to AdamW. AdaLomo adds a factored, sublinear-memory second moment and a grouped normalization compatible with fused, single-pass backward updates. (The paper's Algorithm 1 line 10 prints \(u=g/v\); the official implementation lomo_optim/adalomo.py uses \(g/\sqrt{v}\) via rsqrt, as written here.)","Matches AdamW in instruction tuning, further pre-training and from-scratch pre-training of LLaMA models with LOMO-level memory.",False,method,B,Lin,"AdaLomo is the terminal object with new optimizer data: a rank-one non-negative factorisation of the second moment, fused into the backward pass. Its step is scaled by \(\mathrm{RMS}(\theta)\), so the degree-one collapse excludes it (Prop IV.2). Run inside a projected or LoRA chart, it would not reproduce the full-weight trajectory.",lv2023adalomo,B,Lin,regular,none,GLxGL,na,idempotent
badam,BAdam,Block coordinate descent with Adam,BAdam: A Memory Efficient Full Parameter Optimization Method for Large Language Models,Luo et al.,2024,NeurIPS 2024,2404.02827,https://arxiv.org/abs/2404.02827,https://github.com/Ledzy/BAdam,False,,optimizer-or-training-procedure,"\theta=(\theta_{\pi_1},\dots,\theta_{\pi_D})\ \text{(e.g. one block per transformer layer; ascending / descending / random order)};\ \ \theta_{\pi_i}^{t+1}\approx\arg\min_{\theta_{\pi_i}}\mathcal L\big(\theta_{\pi_{<i}}^{t+1},\theta_{\pi_i},\theta_{\pi_{>i}}^{t}\big)\ \text{via } K \text{ Adam steps; other blocks frozen; Adam state of } \theta_{\pi_i} \text{ discarded when switching}","\approx|\theta|/D \text{ active at a time (FP32 copy, gradient, } m,v \text{ only for the active block); all parameters over a block-epoch. Memory } \approx 2M+16M/D \text{ GB for an } M\text{B-parameter model}","all parameters, cycled block by block (typically transformer layers)","block coordinate descent: a time-varying coordinate mask selecting one parameter block, optimized with \(K\) Adam steps per block, so the cumulative update is full-parameter and high-rank",yes,Trains the original parameters in place; the output is a standard dense model.,Trivial: no reparameterization.,"Full-parameter fine-tuning at LoRA-like memory: only one block holds FP32 weights, gradients and Adam states at any time. Backpropagation can stop early at the active block, which also saves compute; convergence is proven in the deterministic case.",Fine-tunes Llama 3-8B on a single RTX3090-24GB and Llama 3-70B on 4xA100-80GB. It outperforms LoRA on MT-bench and math benchmarks and is comparable to or better than full Adam.,False,method,B,Lin,"A rebasing scheme of linear block methods: each stage is the coordinate subspace of one block, merged in place after \(K\) Adam steps with the optimizer state reset. Its reach is the sum of the blocks visited, which is \(\Theta\) after one block-epoch.",luo2024badam,B,Lin,regular,none,GLxGL,na,schedule
lisa,LISA,Layerwise Importance Sampled AdamW,LISA: Layerwise Importance Sampling for Memory-Efficient Large Language Model Fine-Tuning,Pan et al.,2024,NeurIPS 2024,2403.17919,https://arxiv.org/abs/2403.17919,https://github.com/OptimalScale/LMFlow,False,,optimizer-or-training-procedure,"\text{every } K \text{ steps sample active layers with } p=\{1,\tfrac{\gamma}{N_L},\dots,\tfrac{\gamma}{N_L},1\}\ \text{(embedding and LM head always on, } \gamma \text{ of } N_L \text{ middle layers)};\ \ \theta_{\ell}\leftarrow\mathrm{AdamW}(\theta_\ell)\ \text{for active } \ell,\ \text{all other layers frozen}",\text{embedding + head + } \gamma \text{ transformer layers at a time (e.g. } \gamma=2);\ \text{all layers over training},"whole transformer layers (plus embedding and LM head), resampled periodically",stochastic block coordinate descent with a time-varying layer mask drawn by importance sampling; optimizer states exist only for the active layers,yes,Updates the original weights in place; no adapter.,Trivial: no reparameterization.,"LoRA's update norms are heavily skewed toward the bottom and top layers. LISA mimics this by always training the embedding and head and randomly unfreezing a few middle layers, getting full-rank layer updates at LoRA-level memory.","Beats LoRA by 10-35% on MT-Bench at similar or lower GPU memory, is on par or better on MMLU, AGIEval and WinoGrande, and beats LoRA on MT-Bench, GSM8K and PubMedQA with LLaMA-2-70B.",True,method,B,Lin,"A backward schedule: each period trains the coordinate subspace of embedding, head and \(\gamma\) sampled layers and merges in place, a rebasing scheme of moving Lin shapes that reaches \(\Theta\) (Thm V.3 Cor 6). Because the embedding is always on, its backprop cone is the whole network (Obs IV.4).",pan2024lisa,B,Lin,regular,none,GLxGL,na,schedule
bitfit,BitFit,Bias-terms Fine-tuning,BitFit: Simple Parameter-efficient Fine-tuning for Transformer-based Masked Language-models,Ben Zaken et al.,2021,ACL 2022,2106.10199,https://aclanthology.org/2022.acl-short.1/,https://github.com/benzakenelad/BitFit,False,,selective,"h = W_0 x + (b_0 + \Delta b),\quad W_0,\ g_{LN}\ \text{frozen};\ \text{trainable: every bias vector } \Delta b\in\mathbb{R}^{d_{out}} \text{ (Q/K/V/O, MLP and LayerNorm biases) plus the task head}",d_{out}\ \text{per linear layer (its bias)};\ \approx 0.08\text{--}0.09\%\ \text{of BERT parameters},"bias vectors only (attention Q/K/V/O, MLP, LayerNorm biases); LayerNorm gains and all weight matrices frozen","\(\Delta W = 0\); only the translation part of each affine map \(h = Wx + b\) moves, i.e. a fixed, hand-specified coordinate mask on \(\theta\) that selects exactly the bias coordinates",yes,"The tuned biases are the model's own bias parameters, so the fine-tuned model has exactly the original architecture and cost.","Biases start at their pretrained values (\(\Delta b = 0\)), so the function is unchanged at initialization.",Freezing all weights and fine-tuning only the additive bias terms (plus the classifier) of a pretrained Transformer is competitive with full fine-tuning on small and medium datasets; tuning only the query and middle-MLP biases (0.04% of parameters) loses little.,"On GLUE with BERT-base/large, bias-only tuning is comparable to full fine-tuning and to Diff Pruning/Adapters while training under 0.1% of parameters; it is strongest in small-to-medium data regimes.",True,method,R-selective,Lin,"The canonical selective method: a fixed coordinate mask on the bias block, \(\rho(\Delta b)=(W_0,b_0+\Delta b)\). It is Lin, regular and idempotent, and transforms with every change of basis because the bias set is a full vector space.",benzaken2021bitfit,R,Lin,regular,none,GLxGL,M1,idempotent
diff-pruning,Diff Pruning,Diff Pruning (sparse task-specific difference vectors),Parameter-Efficient Transfer Learning with Diff Pruning,Guo et al.,2020,ACL 2021,2012.07463,https://aclanthology.org/2021.acl-long.378/,https://github.com/dguo98/DiffPruning,False,,selective,"\theta_\tau = \theta_0 + \delta_\tau,\quad \delta_\tau = z_\tau\odot w_\tau,\quad \min_{\alpha_\tau,w_\tau}\ \mathbb{E}_{z_\tau\sim p(z;\alpha_\tau)}\big[\mathcal{L}(\theta_0+\delta_\tau)\big] + \lambda\sum_i \sigma\!\big(\alpha_{\tau,i}-\log\tfrac{-l}{r}\big);\ \text{then keep the top } t\% \text{ of } |\delta_\tau| \text{ and re-train with the mask fixed; } \theta_0 \text{ frozen}","2\,d_{out}d_{in}\ \text{during training } (w,\alpha);\ \ \|\Delta W\|_0\approx 0.005\,d_{out}d_{in}\ \text{stored (0.5\% target)}","all pretrained parameters (embeddings, weight matrices, biases); structured variant groups gates per weight matrix / bias vector","learned sparse coordinate mask: \(\Delta W = Z\odot V\) with \(Z\) a stretched Hard-Concrete relaxation of a binary gate (differentiable \(L_0\) penalty), projected onto an \(L_0\) ball by magnitude pruning of the diff; optional group gates \(z^{g}\) shared within each weight matrix/bias vector",yes,"The final diff vector is added to the pretrained parameters, giving an ordinary model of the original architecture.",\(w_\tau\) initialized to 0 so \(\delta_\tau = 0\); gate logits \(\alpha_\tau\) initialized to 5 so that \(z \approx 1\) at the start.,"Treat fine-tuning as learning a task-specific diff vector added to frozen pretrained weights and make it sparse with a relaxed \(L_0\) penalty, so each new task costs only a small sparse vector.",Structured Diff Pruning matches full fine-tuning of BERT-large on GLUE while modifying only 0.5% of parameters per task.,True,method,R-selective,Cone,"Diff pruning is the learned-support object: its image is the union of all fixed-mask images of size \(k\), so every fixed-mask method (FISH, LT-SFT, PaFi, SIFT, ...) is one stratum of it via an A2 arrow. Its vertex \(\theta_0\) is the only point common to all strata, which makes it a cone with apex rather than a linear method.",guo2020parameter,R,Cone,apex,none,MonxMon,M1,span
fish-mask,FISH Mask,Fisher-Induced Sparse uncHanging Mask,Training Neural Networks with Fixed Sparse Masks,Sung et al.,2021,NeurIPS 2021,2111.09839,https://arxiv.org/abs/2111.09839,https://github.com/varunnair18/FISH,False,,selective,"\hat F_i = \tfrac1N\sum_{n=1}^{N}\mathbb{E}_{y\sim p_\theta(y|x_n)}\big(\partial_{\theta_i}\log p_\theta(y|x_n)\big)^2,\quad M = \mathbb{1}\big[\hat F \ge \mathrm{sort}(\hat F)_k\big],\quad W = W_0 + M\odot\Delta W,\ \ \Delta W_{t+1} = \Delta W_t - \eta\,(M\odot\nabla_W\mathcal{L})","k\ \text{in total (one global top-}k\text{ over all parameters, e.g. } k = 0.005\,|\theta|\text{)};\ \text{per-matrix counts vary because the mask concentrates in some layers}",any parameter; top-\(k\) diagonal-Fisher coordinates selected globally across the network (classifier always included),"fixed sparse coordinate mask chosen once before training as the top-\(k\) entries of the diagonal (empirical) Fisher information, then reused for all iterations",yes,"Only existing parameters change, so the result is a standard dense model of the original architecture.",Training starts at the pretrained weights (\(\Delta W = 0\)); the Fisher is computed through the randomly initialized classifier before any training.,"Estimate each parameter's importance by its diagonal Fisher information on a few samples, pick the top-\(k\), and train only those with a mask that never changes.","On GLUE with BERT, updating 0.5% of parameters with a FISH Mask matches standard training and outperforms Diff Pruning, Adapters and random/bias masks; also reduces communication in distributed training.",True,method,R-selective,Lin,"FISH is a mask in the standard frame chosen by a data statistic: linear, regular and gauge-free, the frozen coordinate-block cell of the cotangent table in Exposé IV. By Prop IV.2 its masked-gradient training produces the same trajectory as training the forward linear method \(W_0+M\odot\Delta W\).",sung2021training,R,Lin,regular,none,MonxMon,M1,idempotent
child-tuning,Child-Tuning,Child-Tuning (task-free Child-Tuning_F / task-driven Child-Tuning_D),Raise a Child in Large Language Model: Towards Effective and Generalizable Fine-tuning,Xu et al.,2021,EMNLP 2021,2109.05687,https://aclanthology.org/2021.emnlp-main.749/,https://github.com/alibaba/AliceMind/tree/main/ChildTuning,False,,selective,"w_{t+1} = w_t - \eta\,\frac{\partial\mathcal{L}(w_t)}{\partial w_t}\odot M_t;\quad \text{Child-Tuning}_F:\ M_t\sim\mathrm{Bernoulli}(p_F)\ \text{(kept gradients scaled by } 1/p_F);\quad \text{Child-Tuning}_D:\ M = \mathbb{1}\big[F^{(i)} \in \text{top-}p_D\big],\ F^{(i)} = \tfrac{1}{|D|}\sum_j\big(\partial_{w^{(i)}}\log p(y_j|x_j;w)\big)^2,\ \text{fixed for all } t","\text{Child-Tuning}_D:\ p_D\,|\theta|\ \text{in total (one global top-}p_D\text{ Fisher threshold; per-matrix counts vary)};\ \ \text{Child-Tuning}_F:\ \text{expected } p_F\,|\theta|\ \text{per step, every entry can change over training}","all pretrained parameters (masks applied to gradients inside the optimizer, e.g. AdamW)","Hadamard gradient mask: a fixed top-\(p_D\) diagonal-Fisher mask (task-driven, genuinely selective) or a fresh Bernoulli\((p_F)\) mask every step (task-free); the task-free variant accumulates a dense update and acts as a gradient-noise regularizer rather than a parameter-efficient method",yes,It only changes which existing parameters are updated; the fine-tuned network has the original architecture.,Starts from the pretrained weights; no new parameters.,"Update only a 'child network' of the pretrained model: a random Bernoulli subset each step acts as a variance-increasing regularizer favouring flat minima, while a Fisher-selected fixed subset targets task-relevant parameters.","On GLUE, Child-Tuning outperforms vanilla fine-tuning by 1.5-8.6 average points across four PLMs (BERT, XLNet, RoBERTa, ELECTRA) and improves out-of-domain generalization.",True,method,R-selective,Lin,"Child-Tuning\(_D\) is FISH under another name: the same coordinate subspace selected by an empirical Fisher, isomorphic to FISH whenever the supports agree. Child-Tuning\(_F\) leaves the slice: resampling the mask every step makes it a rebasing scheme whose reach is all of \(\Theta\), a regulariser rather than a parameter-efficient object.",xu2021raise,R,Lin,regular,none,MonxMon,M1,idempotent
lt-sft,LT-SFT,Lottery Ticket Sparse Fine-Tuning,Composable Sparse Fine-Tuning for Cross-Lingual Transfer,Ansell et al.,2021,ACL 2022,2110.07560,https://aclanthology.org/2022.acl-long.125/,https://github.com/cambridgeltl/composable-sft,False,,selective,"\text{Phase 1: } \theta^{(1)} = \mathrm{FT}(\theta^{(0)}),\ \mu = \mathbb{1}\big[\,|\theta^{(1)}-\theta^{(0)}| \in \text{top-}K\big];\ \ \text{Phase 2: reset to } \theta^{(0)},\ \text{train with } \mu\odot\nabla_\theta\mathcal{L},\ \phi = \theta^{(2)}-\theta^{(0)};\ \ \text{composition: } F(\cdot;\theta^{(0)}+\phi_T+\phi_L)","K\ \text{in total (one global top-}K\text{; e.g. } K \approx 7.6\text{M} = 4.3\%\ \text{of mBERT for language SFTs, 0.25--8\% for task SFTs);\ per-matrix counts vary}","all Transformer parameters, including the input embeddings; for language SFTs the output embedding matrix is decoupled and frozen and LayerNorm parameters are frozen; the task classifier head is trained densely in both phases","sparse difference vector \(\phi\) supported on a lottery-ticket mask (top-\(K\) largest absolute change after a dense fine-tuning pass); SFTs act on the parameter space by translation, so they compose additively: \(S_L \circ S_T\) = translation by \(\phi_T + \phi_L\)",yes,Each SFT is a sparse vector added to the pretrained weights; any sum of SFTs is again a standard dense model.,Phase 2 restarts from the pretrained values (\(\phi = 0\)); optional L1 penalty \(\tfrac{\lambda}{N}\sum_i|\theta_i-\theta_i^{(0)}|\) keeps the deltas small.,"Borrow the lottery-ticket recipe (train, select, rewind, retrain) to find a sparse set of parameters per language and per task; because the resulting deltas are sparse they can be added together with little interference, giving adapter-like modularity with full expressivity.","In zero-shot cross-lingual transfer (POS, dependency parsing, NER, NLI) with mBERT/XLM-R, LT-SFT outperforms MAD-X adapters, e.g. +2.5 POS accuracy and +3.7 LAS.",True,method,R-selective,Lin,"LT-SFT is a fixed-mask linear method whose mask is read off a dense fine-tuning run (a lottery-ticket support). Because translations commute, language and task SFTs compose by \(\oplus\), the sum of two coordinate subspaces, with interference confined to the overlap of their supports.",ansell2021composable,R,Lin,regular,none,MonxMon,M1,idempotent
spt,SPT,Sensitivity-aware visual Parameter-efficient fine-Tuning,Sensitivity-Aware Visual Parameter-Efficient Fine-Tuning,He et al.,2023,ICCV 2023,2303.08566,https://arxiv.org/abs/2303.08566,https://github.com/ziplab/SPT,False,,hybrid,"s_n = \textstyle\sum_{c=1}^{C} g_{n,c}^2\ \ (g_{n,c} = \partial E/\partial w_n \text{ on sample } c;\ \text{one-step Taylor estimate of the loss reduction}),\ \ \mathcal{T} = \text{top-}\tau(s),\ M_{ij}=\mathbb{1}[W_{ij}\in\mathcal{T}];\quad W = \begin{cases} W_0 + BA, & \|M\|_0 \ge \sigma_{opt}\ \text{(structured tuning)}\\ W_0 + M\odot\Delta W, & \text{otherwise (unstructured tuning)}\end{cases}","\|M\|_0\ \text{(unstructured) or } r(d_{in}+d_{out})\ \text{(LoRA on sensitive matrices)},\ \text{under a global budget } \tau",ViT weight matrices; positions chosen per task by gradient-squared sensitivity,per-matrix choice between a sparse coordinate mask (top-\(\tau\) gradient-squared sensitivity) and a low-rank (LoRA) or adapter update on matrices that contain many sensitive entries,conditional,SPT-LoRA and the unstructured part merge into \(W_0\); the SPT-Adapter variant keeps inserted adapter modules.,Unstructured part starts at \(\Delta W = 0\); structured part uses the zero-initialized LoRA/adapter of the host method. Sensitivity is accumulated in one pass over \(C = 800\) training samples before training (400 are shown to suffice).,"Measure, per task and before training, how much tuning each pretrained weight would reduce the loss (approximated by its squared gradient), then spend the parameter budget there, upgrading heavily sensitive matrices to low-rank or adapter tuning.","With ViT-B/16, SPT-Adapter/SPT-LoRA reach state of the art on FGVC and VTAB-1k (e.g. +4.2% and +1.4% mean top-1 over Adapter) and transfer to MAE/MoCo v3 backbones and segmentation.",False,method,R-selective,Cone,"SPT is a direct sum over weight boxes of FISH-type masks and LoRA cones, the choice per box being made by counting squared-gradient-sensitive entries. It is an \(\oplus\)-word in \(\mathsf{Meth}(\Theta,\theta_0)\), so its expressivity is the product of its summands' images.",he2023sensitivity,R,Cone,apex,GL,MonxMon,M1,span
pafi,PaFi,PaFi (task-agnostic sparse fine-tuning of smallest-magnitude weights),Parameter-Efficient Fine-Tuning without Introducing New Latency,Liao et al.,2023,ACL 2023,2305.16742,https://aclanthology.org/2023.acl-long.233/,https://github.com/BaohaoLiao/pafi_hiwi,False,,selective,"M = \mathbb{1}\big[\,|W_0| \le \mathrm{sort}(|W_0|)_k\big]\ \text{(per matrix, data-free, shared by all tasks)},\quad W = W_0 + M\odot\Delta W;\ \text{norm-layer parameters fully trained, embeddings frozen}","k\ \text{per matrix};\ \text{default } k = 0.005\,d_{out}d_{in}","every weight matrix and bias vector (group-wise bottom-\(k\)), plus all normalization parameters",fixed sparse coordinate mask on the \(k\) smallest-magnitude pretrained entries of each matrix; one universal mask for every downstream task,yes,"Only existing entries are changed in place, so inference uses the original dense model with no latency overhead.",\(\Delta W = 0\) at the start; the mask needs no data or training.,"The least important pretrained weights (smallest magnitude) are the safest to repurpose, so one data-free mask can be reused for every task, removing the task-specific mask-generation stage of sparse fine-tuning.","On GLUE with RoBERTa-large, PaFi reaches 89.3 average (equal to full fine-tuning) with 0.5% trainable parameters, at least 1.3 points above Diff Pruning and FISH Mask.",False,method,R-selective,Lin,"PaFi is a fixed coordinate subspace chosen from the base point alone, plus an LN-tuning summand: a \(\theta_0\)-dependent mask with the opposite magnitude rule to LIFT. One mask shared by all tasks puts every PaFi adapter in the same linear space, so task-arithmetic combinations of them stay inside PaFi.",liao2023parameter,R,Lin,regular,none,MonxMon,M1,idempotent
smt,SMT,Sparse Matrix Tuning,SMT: Fine-Tuning Large Language Models with Sparse Matrices,He et al.,2024,ICLR 2025,2405.15525,https://openreview.net/forum?id=GbgCRJedQ7,https://github.com/HectorHHZ/Sparse_Matrix_Tuning,False,,selective,"W = W_0 + \Delta W_M,\quad \mathrm{supp}(\Delta W_M) = \bigcup_{b\in\mathcal{B}} \text{block}_b,\ \ \mathcal{B} = \text{top-}m\ \text{of } \operatorname{mean}_{(i,j)\in b}\Big|\sum_{t\le T_w}\nabla_W\mathcal{L}_t\Big|_{ij}\ \text{over } l\times l \text{ blocks } (l=256)","m_W\, l^2\ \text{per selected matrix } (m_W \text{ selected } l\times l \text{ blocks, } l=256;\ \text{blocks ranked jointly over all Q/K/V matrices});\ 0.84\%\text{--}4.91\%\ \text{of parameters in the experiments}","attention \(W_q\), \(W_k\), \(W_v\) (mainly \(W_v\)); MLP layers frozen","block-sparse mask: \(\Delta W\) is nonzero only on a set of selected \(l\times l\) sub-matrices (tiles), gathered into a dense \(m\times l\times l\) tensor so compute stays dense",yes,Updated sub-matrices are slices of the original weights; the fine-tuned model is a standard dense model.,Starts from the pretrained weights; blocks are chosen after a short gradient warm-up (about 25-100 iterations).,"Select whole sub-matrices with the largest accumulated gradients during a short warm-up and update only those blocks, which keeps the sparsity hardware-friendly and avoids the rank plateau of low-rank methods.","On commonsense and arithmetic reasoning with LLaMA-7B/13B, LLaMA2-7B and LLaMA3-8B, SMT outperforms DoRA (e.g. +3.0/+2.8 on commonsense for LLaMA-7B/13B) and does not plateau as the trainable budget grows.",False,method,R-selective,Lin,"SMT is a block mask: the coordinate subspace of a few full tiles, GraLoRA's block partition without the low-rank factor. Each selected tile is full rank, which is why it does not plateau in rank as LoRA does.",he2024smt,R,Lin,regular,none,Pi,M1,idempotent
spiel,SpIEL,Sparse Iterative Efficient Learning (sparse fine-tuning with drop-and-grow),Scaling Sparse Fine-Tuning to Large Language Models,Ansell et al.,2024,arXiv,2401.16405,https://arxiv.org/abs/2401.16405,https://github.com/AlanAnsell/peft,False,,selective,"\theta' = \theta + \mathrm{scatter}(\eta,\phi,d_\theta),\ \ \Delta W = \mathrm{reshape}(\mathrm{scatter}(\eta,\phi));\ \text{every } S \text{ steps: drop } \arg\mathrm{top}k(-|\phi|),\ \text{grow } \arg\mathrm{top}k\,\big|\hat{\mathbb{E}}_{x}[\nabla_\theta\mathcal{L}(x;\theta')]\big|\ \text{(SpIEL-AG) or by SM3 momenta (SpIEL-MA)}","d_\phi = \rho\,d_{out}d_{in}\ \text{per matrix (same density for every tensor) plus } d_\phi \text{ indices}",all linear-layer weight tensors of an LLM (embeddings excluded),"dynamic sparse coordinate set: an index vector \(\eta\) and value vector \(\phi\), updated by RigL-style drop (smallest \(|\phi|\)) and grow (largest accumulated gradient or approximate momentum); memory \(O(d_\phi)\)",yes,"The final delta is scatter-added into the pretrained weights, producing a standard dense model.",\(\phi = 0\) and \(\eta\) a random index subset (all of it is replaced at the first update).,"Make sparse fine-tuning memory-efficient for LLMs by storing only indices and deltas and letting the support evolve during training through drop-and-grow, instead of computing a dense mask up front.","Instruction-tuning LLaMA 2 7B/13B on Flan v2, GPT4-Alpaca and Tulu v2, SpIEL is often better than LoRA and (IA)\(^3\) at comparable run time and is compatible with 4-bit quantization and SM3.",False,method,R-selective,Cone,"SpIEL is a learned-support object like Diff pruning, but it searches the strata of the union of \(k\)-planes by drop-and-grow instead of a relaxed L0 gate. It is not a rebasing scheme, because dropped deltas are discarded rather than merged.",ansell2024scaling,R,Cone,apex,none,MonxMon,M1,span
gps,GPS,Gradient-based Parameter Selection,Gradient-based Parameter Selection for Efficient Fine-Tuning,Zhang et al.,2023,CVPR 2024,2312.10136,https://arxiv.org/abs/2312.10136,https://github.com/FightingFighting/GPS,False,,selective,"M_{ij} = \mathbb{1}\Big[j\in\text{top-}K_{j'}\ \big|\partial\mathcal{L}_{SCL}/\partial W_{0,ij'}\big|\Big]\ \text{for every output neuron (row) } i,\qquad W = W_0 + M\odot\Delta W,\ \ \Delta W_{t+1} = \Delta W_t - \epsilon\,\nabla_W\mathcal{L}\odot M","K\,d_{out}\ \text{per matrix (K input connections per neuron; } \approx 0.36\%\ \text{on average)}","every weight matrix of the backbone (ViT, Swin, ConvNeXt), all layers; gradients computed with a supervised contrastive loss","row-balanced sparse mask: exactly \(K\) nonzeros in every row of \(\Delta W\), so each neuron's activation can be adjusted through its \(K\) most gradient-relevant input connections",yes,Only selected entries of existing weights change; inference uses the unchanged architecture.,Starts from the pretrained weights (\(\Delta W = 0\)); selection uses a supervised contrastive loss so that no randomly initialized head biases the gradients.,"Pick, for every neuron, the few incoming weights with the largest task gradient, which spreads the budget over all layers instead of concentrating it at the top, and train only those.","On FGVC and VTAB-1k with ViT-B/16, GPS improves over full fine-tuning by 3.33% and 9.61% mean accuracy while tuning 0.36% of parameters on average.",False,method,R-selective,Lin,"GPS is a fixed mask with a row-regular support of \(K\) incoming connections per neuron. Row regularity constrains which stratum of the \(k\)-sparse union is chosen, not the shape of the object.",zhang2023gradient,R,Lin,regular,none,MonxMon,M1,idempotent
s2ft,S²FT,Structured Sparse Fine-Tuning,"S²FT: Efficient, Scalable and Generalizable LLM Fine-tuning by Structured Sparsity",Yang et al.,2024,NeurIPS 2024,2412.06289,https://arxiv.org/abs/2412.06289,https://github.com/Infini-AI-Lab/S2FT,False,,selective,"\Delta W = U_S V^{\top},\ \ U_S = [e_{a_1},\dots,e_{a_s}]\ \text{a frozen one-hot channel selector},\ V \text{ trainable};\ \text{in practice: the slices of } W_O \text{ belonging to selected heads } S_{MHA} \text{ and of } W_{down} \text{ belonging to selected FFN channels } S_{FFN}, \text{ co-permuted to be contiguous}","s\cdot d\ \text{per adapted matrix (s selected channels, i.e. selected heads}\times d_h\text{ or FFN channels)}",output projection \(W_O\) (rows of the selected attention heads) and FFN down projection (selected channels) in every block; for LLaMA3-8B and Mistral-7B only the down projection is tuned because of grouped-query attention,"structured (row/column-block) sparsity: \(\Delta W = U_S V^\top\) with \(U_S\) a fixed coordinate projection, i.e. a LoRA whose one factor is a frozen selection matrix; permutation invariance of coupled head/channel structures makes the trainable slice a dense block",yes,Updates are in-place on existing weight slices; alternatively the sparse delta can be kept as an unmerged adapter for fast switching and fusion.,"Selected slices start at their pretrained values (\(\Delta W = 0\)); selection is random by default (S²FT-R) or by weight, activation, weight×activation or gradient magnitude.","Select sparsely but compute densely: choose a few attention heads and FFN channels, permute coupled weight matrices so they are contiguous, and back-propagate only through that dense slice.","On LLaMA and Mistral models S²FT improves over other PEFT methods by 1.2-4.1% on commonsense and 0.6-1.9% on arithmetic reasoning, while saving up to 3x training memory and running 1.5-2.7x faster than full fine-tuning.",False,method,R-selective,Lin,"S\(^2\)FT is LoRA-FA whose frozen factor is a coordinate selector, \(\Delta W=VU_S^\top\): the structured-sparse and the low-rank readings are one linear object. Its dense-compute trick is a base change by a hidden-unit permutation, a symmetry of \(f\), so it costs nothing in expressivity.",yang2024s2ft,R,Lin,regular,none,MonxGL,M1,idempotent
sift,SIFT,Sparse Increment Fine-Tuning,Sparse is Enough in Fine-tuning Pre-trained Large Language Models,Song et al.,2023,ICML 2024,2312.11875,https://arxiv.org/abs/2312.11875,https://github.com/song-wx/SIFT,False,,selective,"\mathcal{S} = \text{top-}x\%\ \text{coordinates of } |g_1|\ (\text{gradient of the first batch(es)}),\quad W = W_0 + \Delta W,\ \ \mathrm{supp}(\Delta W)\subseteq\mathcal{S},\ \ \Delta W_{t+1} = \Delta W_t - \eta\,P_{\mathcal{S}}(\nabla_W\mathcal{L}_t)",x\%\cdot d_{out}d_{in}\ \text{per adapted matrix (stored as values + indices)},"attention \(W_q\), \(W_k\), \(W_v\), \(W_o\) by default","coordinate-subspace update: the gradient is projected onto the span of the top-\(|g|\) standard basis directions, and the increment is stored as a sparse (value, index) tensor filled via backward hooks",yes,The sparse increment is added into the existing weights.,\(\Delta W = 0\); support fixed after the first batch.,"Pre-training shifts the PAC-Bayes prior so that fine-tuning gradients become quasi-sparse (a few components carry most of the norm); hence updating only the top-gradient components is enough, implemented memory-efficiently with gradient hooks.","With RoBERTa-large on GLUE (0.8% sparsity on Q/K/V/O) SIFT is competitive with LoRA and adapters, and when instruction-tuning LLaMA on Alpaca it is competitive with full fine-tuning and LoRA on MMLU and HumanEval.",False,method,R-selective,Lin,"SIFT is a fixed coordinate mask chosen by the magnitudes of the first gradient, implemented as a backward projection with a frozen coordinate compression. By the degree-one collapse it is the same object as training \(W_0+P_S(\Delta W)\) directly.",song2023sparse,R,Lin,regular,none,MonxMon,M1,idempotent
hift,HiFT,Hierarchical Full-parameter Fine-Tuning,HiFT: A Hierarchical Full Parameter Fine-Tuning Strategy,Liu et al.,2024,EMNLP 2024,2401.15207,https://aclanthology.org/2024.emnlp-main.1015/,https://github.com/misonsky/HiFT,False,,optimizer-or-training-procedure,"\theta = (\theta_{G_1},\dots,\theta_{G_k})\ \text{(k groups of m layers)};\ \text{at step } t \text{ update only } \theta_{G_{\pi(t \bmod k)}} \text{ with any optimizer (others frozen, their optimizer states offloaded)};\ \text{learning rate advanced once per full cycle}",\approx|\theta|/k\ \text{per step};\ \text{all parameters over one cycle},"groups of consecutive layers (embedding = bottom, head = top), iterated bottom2up, top2down or in a fixed random order",cyclic block-coordinate update over layer groups with delayed learning-rate schedule; accumulated \(\Delta W\) is dense,yes,It is full-parameter fine-tuning of the original architecture.,Starts from the pretrained weights; no new parameters.,"Achieve full-parameter fine-tuning with PEFT-like memory by updating one group of layers per step in a fixed cyclic order, keeping only that group's gradients and optimizer states on the GPU.","HiFT matches PEFT and standard full fine-tuning across six models, reduces per-step trainable parameters by about 89% on average and fits full fine-tuning of 7B models in 24GB.",False,method,B,Lin,"HiFT is block-coordinate descent over layer groups: a backward lens whose anchor is a coordinate projection rotated every step, the resampled-every-step coordinate-block cell of Exposé IV. Since each group keeps its own optimizer state, the schedule is full fine-tuning in a cyclic order and reaches \(\Theta\) after one cycle.",liu2024hift,B,Lin,regular,none,GLxGL,na,schedule
surgical-fine-tuning,Surgical FT,Surgical Fine-Tuning,Surgical Fine-Tuning Improves Adaptation to Distribution Shifts,Lee et al.,2022,ICLR 2023,2210.11466,https://arxiv.org/abs/2210.11466,,False,,selective,"\theta = (\theta_{B_1},\dots,\theta_{B_n});\ \text{fine-tune only } \theta_{B_j} \text{ (one contiguous block), others frozen};\ \text{Auto-RGN: per-tensor learning rate } \propto \mathrm{RGN} = \|g\|_2/\|\theta\|_2 \text{ normalized to } [0,1]",|\theta_{B_j}|\ \text{(one block of layers)},"one contiguous block of layers: first block for input-level shift, middle blocks for feature-level shift, last layer for output-level shift",layer-block coordinate mask: \(\Delta W\) nonzero only on the weights of one contiguous block (soft version: per-tensor learning rates from relative gradient norms),yes,Only existing layers are fine-tuned; architecture unchanged.,Starts from the pretrained (source) model; no new parameters.,"Which layers to fine-tune should depend on where the distribution shift lives: tuning only early layers fixes input-level shifts, middle layers feature-level shifts, and the head output-level shifts, often beating full fine-tuning.","Across seven real distribution shifts (e.g. CIFAR-C, ImageNet-C, Living-17, Entity-30, Waterbirds, CelebA) tuning a single block outperforms full fine-tuning, and Auto-RGN beats full fine-tuning without per-block search.",True,method,R-selective,Lin,"Surgical FT is a fixed coordinate block of whole layers: Full FT on the chosen block and frozen elsewhere, the shift type deciding which block. Auto-RGN keeps Full FT's image and changes only the metric \(\Lambda\) through per-tensor learning rates (Exposé III).",lee2022surgical,R,Lin,regular,none,GLxGL,M1,idempotent
masking,Masking,Learning binary weight masks instead of fine-tuning,Masking as an Efficient Alternative to Finetuning for Pretrained Language Models,Zhao et al.,2020,EMNLP 2020,2004.12406,https://aclanthology.org/2020.emnlp-main.174/,https://github.com/ptlmasking/maskbert,False,,multiplicative-weight,"W = W_0\odot M_{bin},\quad (M_{bin})_{ij} = \mathbb{1}[m_{ij}\ge\tau],\quad m\in\mathbb{R}^{d_{out}\times d_{in}} \text{ trained with the straight-through estimator};\ W_0 \text{ frozen}",d_{out}d_{in}\ \text{real-valued scores during training};\ d_{out}d_{in}\ \text{bits stored},linear layers of selected Transformer blocks (top-down masking works best); biases and the classifier handled separately,"Hadamard product with a learned binary mask, i.e. selection of a sub-network of pretrained connections; equivalently the additive update \(\Delta W = -(\mathbf{1}-M_{bin})\odot W_0\) is constrained to zeroing coordinates",yes,The masked weight \(W_0 \odot M_{bin}\) is an ordinary dense (or sparse) matrix with the original shape.,"No: scores are drawn from a uniform distribution tuned so that a target fraction of weights starts masked (5% for BERT/RoBERTa/DistilBERT; 3-10% works well), so the initial function differs from the pretrained one.","Instead of changing pretrained weights, learn which ones to switch off for each task; a 1-bit mask per weight suffices to reach fine-tuning-level accuracy.","Masking BERT, RoBERTa and DistilBERT on eleven NLP tasks performs comparably to fine-tuning, and masked and fine-tuned solutions are linearly connected with nearly constant accuracy.",False,method,R-action,Orb,"Masking is a monoid-orbit method: the Boolean monoid acts on \(\theta_0\) by Hadamard product, so the image is the finite vertex set of the box between \(0\) and \(W_0\), which keeps \(W_0\)'s zeros and can only create new ones. Its real-valued scores are pure torus gauge of the exact \(\rho\), and the 5% masked start makes it an object with a pointing defect.",zhao2020masking,R,Orb,defect,torus,MonxMon,M1,idempotent
piggyback,Piggyback,Piggyback (learning to mask weights of a fixed backbone),Piggyback: Adapting a Single Network to Multiple Tasks by Learning to Mask Weights,Mallya et al.,2018,ECCV 2018,1801.06519,https://arxiv.org/abs/1801.06519,https://github.com/arunmallya/piggyback,False,,multiplicative-weight,"y = (W_0\odot m)\,x,\quad m_{ji} = \mathbb{1}[m^{r}_{ji}\ge\tau],\quad \partial E/\partial m = (\delta y\,x^{\top})\odot W_0 \text{ used as straight-through gradient for } m^{r};\ W_0 \text{ frozen}",d_{out}d_{in}\ \text{real-valued mask weights during training};\ 1\ \text{bit per weight stored},"all convolutional and fully-connected layers of a fixed ImageNet backbone (VGG-16, ResNet, DenseNet)",Hadamard product with a learned binary mask (task-specific sub-network of a fixed backbone),yes,The masked weights form an ordinary network of the original architecture.,"\(m^r\) initialized to \(10^{-2}\) with threshold \(\tau = 5\times 10^{-3}\), so the mask starts as all ones and the network equals the backbone.","Add new tasks to one frozen network by learning only a binary mask over its weights, at 1 bit per parameter per task.","With ImageNet-pretrained VGG-16/ResNet-50 backbones, Piggyback approaches individually fine-tuned networks on fine-grained and large-shift classification tasks (e.g. within 0.36% top-1 error on Places365).",True,method,R-action,Orb,"Piggyback is the orbit of \(\theta_0\) under the Boolean Hadamard monoid, pointed at its identity \(\mathbf 1\): the earliest selective method is an action method, not an additive one. Its update \(-(\mathbf 1-M)\odot W_0\) is a sparse diff forced to equal \(-W_0\) on its support, which is the precise sense in which it is dual to Diff pruning.",mallya2018piggyback,R,Orb,regular,torus,MonxMon,M1,idempotent
sam-sparse,SAM (sparse),Second-order Approximation Method for parameter selection,On the Effectiveness of Parameter-Efficient Fine-Tuning,Fu et al.,2022,AAAI 2023,2211.15583,https://arxiv.org/abs/2211.15583,https://github.com/fuzihaofzh/AnalyzeParameterEfficientFinetune,False,,selective,"\theta = \theta^0 + M\Delta\theta,\ \ \min_{\Delta\theta}\ \nabla\mathcal{L}(\theta^0)^{\top}M\Delta\theta + \tfrac12(M\Delta\theta)^{\top}H(M\Delta\theta)\ \ \text{s.t.}\ \|M\|_0 = \lfloor mp\rfloor;\ \ H\preceq|\lambda_{max}|I \Rightarrow \hat M_{ii} = \mathbb{1}\big[\nabla\mathcal{L}(\theta^0)_i^2 \in \text{top-}\lfloor mp\rfloor\big],\ \nabla\mathcal{L}(\theta^0) \text{ summed over burn-in steps};\ \text{mask fixed during training}",\lfloor mp \rfloor\ \text{in total over all } m \text{ parameters (global selection; } p = 0.005 \text{ in experiments);\ per-matrix counts vary},all parameters; gradients accumulated over a burn-in period,"fixed diagonal 0/1 mask matrix \(M\) on parameter space, chosen as the analytic optimum of a second-order (upper-bounded) surrogate, which reduces to top squared-gradient selection",yes,Only existing parameters change.,\(\Delta\theta = 0\); mask computed from the gradient accumulated over 500-2000 burn-in steps (tuned per task) before training.,"Casting every PEFT method as a sparse fine-tuned model, choose the sparse support that optimally decreases a second-order approximation of the loss, which under an isotropic Hessian bound means keeping the coordinates with the largest squared gradient.","With RoBERTa on GLUE/SuperGLUE tasks (CoLA, STS-B, MRPC, RTE, CB, COPA, WSC) at 0.5% sparsity, SAM outperforms random, rule-based and projection-based PEFT baselines.",False,method,R-selective,Lin,"SAM picks one stratum of the \(k\)-sparse union by a second-order criterion and trains that fixed coordinate subspace. Its claim that every PEFT method is \(\theta_0+M\Delta\theta\) holds for linear methods up to a transport \(T\) (Prop II.13), but not for cones such as LoRA, whose image is a union of planes rather than one plane.",fu2022effectiveness,R,Lin,regular,none,MonxMon,M1,idempotent
lift,LIFT,Low-rank Informed Sparse Fine-Tuning,LIFT the Veil for the Truth: Principal Weights Emerge after Rank Reduction for Reasoning-Focused Supervised Fine-Tuning,Liu et al.,2025,ICML 2025,2506.00772,https://arxiv.org/abs/2506.00772,https://github.com/zihanghliu/LIFT,False,,selective,"W_t' = \mathrm{SVD}_r(W_t)\ \text{(best rank-}r\text{ approximation of the current weight; } W_0 \text{ at the start)},\quad M_t = \mathbb{1}\big[\,|W'_t| \in \text{top-}k\big],\quad W_{t+1} = W_t - \eta\,(M_t\odot \hat g_t);\ M_t \text{ recomputed every } \texttt{update\_mask\_interval} \text{ steps}",k\ \text{per matrix active at any time (top } 5\%\text{ Principal Weights)};\ \text{the accumulated } \Delta W \text{ is supported on the union of successive masks},LLM linear layers (attention and MLP),"sparse coordinate mask given by the largest-magnitude entries of the rank-\(r\) truncation of \(W_0\) ('Principal Weights'), refreshed at fixed intervals; the resulting update is high-rank",yes,Only existing entries are updated in place.,\(\Delta W = 0\); the mask is data-free (SVD of the pretrained weight).,"Plain magnitude selection works poorly for LLM sparse fine-tuning, but after discarding small singular directions the largest remaining entries identify the weights that carry reasoning-relevant knowledge, so tuning only those beats full fine-tuning.","Updating the top 5% Principal Weights, LIFT outperforms full fine-tuning on reasoning tasks (arithmetic and commonsense) with LoRA-level memory, and retains up to 20% more source-domain knowledge than full fine-tuning and LoRA.",False,method,B,Lin,"LIFT is a LISA-type rebasing scheme in the coordinate frame: each interval trains a fixed mask, and the next mask is read from the principal part of the merged weight, so its anchor depends on \(\theta\) across intervals. The spectral filter changes which coordinates are chosen, not the coordinate geometry of the image.",liu2025lift,B,Lin,regular,none,MonxMon,na,schedule
rosa,RoSA,Robust Adaptation (sparse plus low-rank),RoSA: Accurate Parameter-Efficient Fine-Tuning via Robust Adaptation,Nikdan et al.,2024,ICML 2024,2401.04679,https://arxiv.org/abs/2401.04679,https://github.com/IST-DASLab/RoSA,False,,hybrid,"W = W_0 + BA + S,\quad \mathrm{supp}(S)\subseteq M,\ \ M = \mathrm{TopK}\Big(\textstyle\sum_{s\in\mathcal{D}_M}(\nabla_W\mathcal{L}_s)^{\alpha}\big|_{W_0+\tilde B\tilde A},\ d\cdot d_{out}d_{in}\Big),\ \alpha\in\{1,2\},\ \ B\in\mathbb{R}^{d_{out}\times r},\ A\in\mathbb{R}^{r\times d_{in}};\ W_0 \text{ frozen};\ \tilde B\tilde A = \text{LoRA after a 64-batch warm-up}",r(d_{in}+d_{out}) + d\cdot d_{out}d_{in}\ \ (d = \text{mask density}),all fully connected layers of the LLM,"robust-PCA-style decomposition of the update: low-rank \(BA\) plus a sparse \(S\) on a fixed gradient-statistics mask (accumulated squared gradients, i.e. a diagonal-Fisher mask for \(\alpha=2\))",yes,Both the low-rank and the sparse components are additive and can be folded into \(W_0\).,"LoRA is first trained alone for 64 batches to compute the mask, then training restarts with both adapters at \(BA = 0\) (\(B = 0\)) and \(S = 0\); the mask is fixed from then on.","Full fine-tuning updates are not low-rank but are well approximated by low-rank plus sparse, so train both components jointly with system support for sparse adapters.","Fine-tuning LLaMA2-7B on GSM8K, ViGGO and SQL generation, RoSA outperforms LoRA and pure sparse adaptation at equal budget and can match full fine-tuning.",True,method,R-additive,Cone,"RoSA is the monoidal sum \(\mathrm{LoRA}_r\oplus\mathrm{Mask}_M\) of Obs I.7: robust PCA as a Minkowski sum of a determinantal cone and a coordinate subspace. Both summands map into it by A5, and its image is strictly larger than either.",nikdan2024rosa,R,Cone,apex,GL,MonxMon,M1,span
abba,ABBA,ABBA-Adapters (learnable Hadamard product of two low-rank matrices),ABBA-Adapters: Efficient and Expressive Fine-Tuning of Foundation Models,Singhal et al.,2025,ICLR 2026,2505.14238,https://arxiv.org/abs/2505.14238,https://github.com/CERT-Lab/abba,False,,additive-weight,"W = W_0 + \frac{\alpha}{\sqrt{r_1r_2}}\,(B_1A_1)\odot(B_2A_2) = W_0 + \frac{\alpha}{\sqrt{r_1r_2}}\,(B_1\odot_r B_2)(A_1^{\top}\odot_r A_2^{\top})^{\top},\quad B_k\in\mathbb{R}^{d_{out}\times r_k},\ A_k\in\mathbb{R}^{r_k\times d_{in}};\ W_0\ \text{frozen},\ B_1,A_1,B_2,A_2\ \text{trained}",(r_1+r_2)(d_{in}+d_{out}),any linear layer of an LLM,"Hadamard product of two independently learnable rank-\(r_1\) and rank-\(r_2\) matrices (rank \(\le r_1r_2\)), executed without materialising \(\Delta W\) via the row-wise Khatri-Rao identity \((B_1A_1)\odot(B_2A_2)=(B_1\odot_r B_2)(A_1^{\top}\odot_r A_2^{\top})^{\top}\); rank-stabilised scale \(\alpha/\sqrt{r_1r_2}\).",yes,The product is an ordinary dense matrix that can be added to \(W_0\).,"\((B_1,A_1)\) initialised from the top-\(r_1\) truncated SVD of \(W_0\); \(B_2 = 0\) and \(A_2\) Kaiming-uniform, so \(\Delta W = 0\) at init.","Make both Hadamard factors learnable (HiRA fixes one to \(W_0\)), anchor one to the principal subspace of \(W_0\), and use a rank-stabilising scale; the Khatri-Rao trick keeps memory at LoRA level.","Reports state-of-the-art results on arithmetic and commonsense reasoning benchmarks across multiple LLMs, outperforming LoRA, HiRA and other PEFT baselines.",False,method,R-additive,Cone,"ABBA is a re-pointed LoHa. As unpointed objects \(\mathrm{ABBA}_{r_1,r_2}\cong\mathrm{LoHa}_{r_1,r_2}\) (up to rescaling one factor); what is new is the base point, where the first Hadamard factor starts at the principal part \([W_0]_{r_1}\), an SVD-anchored point of LoHa's apex stratum.",singhal2025abba,R,Cone,apex,GLxTorus,MonxMon,M1,span
krona,KronA,Kronecker Adapter,KronA: Parameter Efficient Tuning with Kronecker Adapter,Edalati et al.,2022,NeurIPS 2023 Workshop (ENLSP-III),2212.10650,https://arxiv.org/abs/2212.10650,,False,,additive-weight,"W = W_0 + s\,(A_k\otimes B_k),\quad A_k\in\mathbb{R}^{a_1\times a_2},\ B_k\in\mathbb{R}^{b_1\times b_2},\ a_1b_1=d_{out},\ a_2b_2=d_{in};\quad \Delta W x = s\,\mathrm{vec}(B_k X A_k^{\top}),\ X=\mathrm{mat}(x)\in\mathbb{R}^{b_2\times a_2};\ W_0\ \text{frozen},\ A_k,B_k\ \text{trained}",a_1a_2+b_1b_2,parallel to attention/FFN weight matrices (KronA); KronA\(^B\) and KronA\(^B_{res}\) sit parallel to the whole FFN block,"Single Kronecker product of two dense small factors; \(\mathrm{rank}(A_k\otimes B_k)=\mathrm{rank}(A_k)\,\mathrm{rank}(B_k)\), reaching full rank with \(O(\sqrt{d_{in}d_{out}})\) parameters; forward pass by the vec-trick without materialising \(\Delta W\).",conditional,"The weight-parallel KronA merges into \(W_0\) like LoRA (zero added latency in the paper's Table 2); KronA\(^B\) / KronA\(^B_{res}\) are linear branches placed in parallel to the whole (nonlinear) FFN block, \(Y = \mathrm{FFN}(X) + sX[A_k \otimes B_k]\) (\(+ s_{res} X\)), so there is no single existing weight to fold them into (127%/136% latency).",One factor zero-initialized and the other Kaiming-uniform (\(a = \sqrt{5}\)); the paper reports zero-init of one factor markedly improves results.,"Replace LoRA's low-rank product by a Kronecker product, which is full-rank-capable for the same tiny budget and cheap to apply via reshaping.","On GLUE with T5-base, KronA variants outperform LoRA, adapters and Compacter at comparable budgets, with KronA\(^B_{res}\) the strongest (at extra inference latency).",True,method,R-additive,Cone,"KronA generates the Kronecker family: it is \(\mathcal R^{-1}_*\mathrm{LoRA}_1\), rank-one LoRA across the \(\{U_1V_1\}|\{U_2V_2\}\) cut. For equal square splits it is incomparable with every \(\mathrm{LoRA}_r\), \(r<d\) (Thm II.11(d)), and it is LoKr with an unfactorised right factor.",edalati2022krona,R,Cone,apex,scalar,Pi,M1,span
phm-adapter,PHM-Adapter,Parameterized Hypercomplex Multiplication Adapter,Compacter: Efficient Low-Rank Hypercomplex Adapter Layers,Karimi Mahabadi et al.,2021,NeurIPS 2021,2106.04647,https://arxiv.org/abs/2106.04647,https://github.com/rabeehk/compacter,False,,architectural-insertion,"h \leftarrow h + U\,\mathrm{GeLU}(Dh),\quad D=\sum_{i=1}^{n}A_i^{D}\otimes B_i^{D},\ U=\sum_{i=1}^{n}A_i^{U}\otimes B_i^{U},\ A_i\in\mathbb{R}^{n\times n},\ B_i^{D}\in\mathbb{R}^{\frac{r}{n}\times\frac{d}{n}},\ B_i^{U}\in\mathbb{R}^{\frac{d}{n}\times\frac{r}{n}};\ \text{backbone frozen, adapters trained}",2\left(\tfrac{dr}{n}+n^{3}\right)\ \text{per adapter},bottleneck adapters after the attention and feed-forward sublayers (Houlsby placement),"Bottleneck MLP inserted serially with residual connection whose down/up projections are PHM layers: sums of \(n\) Kronecker products (Kronecker rank \(\le n\), i.e. rank \(\le n\) after Van Loan-Pitsianis rearrangement), reducing parameters by about \(1/n\).",no,"The adapter contains a GeLU nonlinearity in a new serial branch, so it cannot be folded into existing weights.",No exact zero-init guarantee is stated in the method section; like Houlsby adapters it relies on the residual connection with small-initialized adapter weights.,"Learn the 'multiplication rule' of an \(n\)-dimensional hypercomplex algebra: a dense projection becomes a sum of \(n\) Kronecker products, cutting adapter parameters by ~\(n\).","On GLUE with T5-base, PHM-Adapter (\(n = 12\)) trains 0.179% of parameters and is competitive with full fine-tuning and standard adapters.",False,method,E,Fun,"The PHM adapter is the Houlsby adapter precomposed with the Kronecker-sum map \((A_i,B_i)\mapsto\sum_iA_i\otimes B_i\) on each projection, an A3 arrow into Houlsby. Compacter maps into it by tying the slow weights and restricting the fast weights to rank \(\rho\).",mahabadi2021compacter,E,Fun,neutral,GL,Pi,Minf,
kadaptation,KAdaptation,Kronecker Adaptation,Parameter-efficient Model Adaptation for Vision Transformers,He et al.,2022,AAAI 2023,2203.16329,https://arxiv.org/abs/2203.16329,https://github.com/UCSB-AI/PEViT,False,,additive-weight,"W = W_0 + \sum_{i=1}^{n}A_i\otimes(u_iv_i^{\top}),\quad A_i\in\mathbb{R}^{n\times n}\ \text{(shared across layers)},\ u_i\in\mathbb{R}^{\frac{d_{out}}{n}\times r},\ v_i\in\mathbb{R}^{\frac{d_{in}}{n}\times r};\ W_0\ \text{frozen},\ A_i,u_i,v_i\ \text{trained}",r(d_{in}+d_{out})\ \text{per matrix} + n^{3}\ \text{shared},ViT attention weight matrices (submodules selected by lowest local intrinsic dimension),Low-rank PHM (sum of \(n\) Kronecker products of shared slow weights with low-rank fast weights) applied directly to the weight update \(\Delta W\) rather than to an inserted adapter.,yes,\(\Delta W\) is a dense matrix added to frozen attention weights; the paper notes no added inference latency.,Not stated explicitly in the method section consulted; presumably one fast factor starts at zero so \(\Delta W = 0\) (unverified).,"Choose where to adapt via the local intrinsic dimension of each ViT submodule, then express the update as a Compacter-style Kronecker sum so it merges like LoRA.",Best accuracy/parameter trade-off among compared methods on 20 image-classification datasets few-shot and 7 datasets full-shot with CLIP ViTs.,False,method,R-additive,Cone,"KAdaptation is the weight-space shadow of Compacter: the same LPHM parametrisation moved from an inserted non-linear box to an additive update of \(W_0\), which makes it an object of \(\mathsf{Meth}(\Theta,\theta_0)\) (M1). It is a \(\oplus\) of \(n\) LoKr terms with tied slow weights and maps into \(\mathrm{LoRA}_{n^2r}\) by A3.",he2022parameter,R,Cone,apex,GL,Pi,M1,span
kradapter,KRAdapter,Khatri-Rao Adapter,Towards Higher Effective Rank in Parameter-efficient Fine-tuning using Khatri--Rao Product,Albert et al.,2025,ICCV 2025,2508.00230,https://arxiv.org/abs/2508.00230,https://github.com/PaulAlbert31/KRAdapter,False,,additive-weight,"W = W_0 + \alpha\,\big[U\odot_{KR}V\big]_{1:d_{out},\,:},\quad (U\odot_{KR}V)_{:,j}=U_{:,j}\otimes V_{:,j},\ U\in\mathbb{R}^{k_1\times d_{in}},\ V\in\mathbb{R}^{k_2\times d_{in}},\ k_1k_2\ge d_{out};\ W_0\ \text{frozen},\ U,V\ \text{trained}","d_{in}(k_1+k_2)\approx 2\,d_{in}\sqrt{d_{out}}",linear layers of vision-language models and LLMs,"Column-wise Kronecker (Khatri-Rao) product truncated to \(d_{out}\) rows; with random factors it is almost surely of full rank, and its singular-value tail is heavier (higher effective rank) than Kronecker or low-rank updates. \(k_1=\lfloor\sqrt{d_{out}}\rfloor\), \(k_2=\lceil d_{out}/k_1\rceil\).",yes,The Khatri-Rao product is a dense matrix of \(W_0\)'s shape.,"\(U\) zero-initialized and \(V\) randomly initialized (Kaiming-style, negative slope \(1/\sqrt{k_1}\)), so \(\Delta W = 0\); the scale \(\alpha\) is typically 0.1.","Target effective rank, not just algebraic rank: the Khatri-Rao product spreads energy over many singular directions at about the cost of a rank-16-32 LoRA.","Reports gains on vision-language models up to 1B and LLMs up to 8B parameters, especially on unseen commonsense-reasoning tasks, with LoRA-level memory and compute.",False,method,R-additive,Cone,"KRAdapter is the column-wise (Khatri-Rao) cousin of KronA and a sub-object of LoHa: freezing LoHa's left factors at 0/1 row selectors gives exactly \([U\odot_{KR}V]_{1:d_{out}}\). Its high effective rank is LoHa's Hadamard rank multiplication, with a torus of per-column gauges.",albert2025higher,R,Cone,apex,torus,Pi,M1,span
loretta,LoRETTA,Low-Rank Economic Tensor-Train Adaptation,LoRETTA: Low-Rank Economic Tensor-Train Adaptation for Ultra-Low-Parameter Fine-Tuning of Large Language Models,Yang et al.,2024,NAACL 2024,2402.11417,https://arxiv.org/abs/2402.11417,https://github.com/yifanycc/loretta,False,,additive-weight,"W = W_0 + \mathrm{TT}(\Delta W_{up})\,\mathrm{TT}(\Delta W_{down}),\quad \Delta W_{up}\in\mathbb{R}^{d_{out}\times r},\ \Delta W_{down}\in\mathbb{R}^{r\times d_{in}},\ \mathrm{TT}(M)[a_1,\dots,a_D]=G^{1}_{a_1}G^{2}_{a_2}\cdots G^{D}_{a_D},\ G^{i}\in\mathbb{R}^{r_{i-1}\times k_i\times r_i}\ (\text{LoRETTA}_{rep});\ \text{TT cores trained}",\sum_{i=1}^{D}r_{i-1}k_ir_i\ \text{for each of the two tensorized factors},LoRETTA_rep: attention/MLP weight matrices (like LoRA); LoRETTA_adp: tensorized bottleneck adapters after attention and FFN sublayers,Each LoRA factor is reshaped into a \(D\)-way tensor and stored in tensor-train (MPS) format; the adapter variant tensorizes the up/down projections of a bottleneck adapter instead.,conditional,LoRETTA_rep yields a dense \(\Delta W\) that can be merged; LoRETTA_adp is a serial adapter with a nonlinearity and cannot.,All TT cores are Gaussian-initialized (a zero core would stall gradients); the noise injected by this random initialization is then compensated using the initialized weights so training starts from the pretrained function.,Push LoRA's parameter count down by another one to two orders of magnitude by storing its factors as tensor trains.,Comparable or better than widely used PEFT methods with up to 100x fewer trainable parameters than LoRA/adapters on LLaMA-2-7B.,True,method,R-additive,Cone*,"LoRETTA_rep is LoRA precomposed with two TT-format maps onto \(\mathbb R^{m\times r}\) and \(\mathbb R^{r\times n}\) and pointed at a random split. It is a Type II object (stratum S of Thm II.2, with a random rather than spectral \(P\)) and maps into LoRA by A3.",yang2024loretta,R,Cone*,regular,GL,Pi,M1,span
tt-lora,TT-LoRA,Tensor-Train Low-Rank Approximation,Tensor Train Low-rank Approximation (TT-LoRA): Democratizing AI with Accelerated LLMs,Anjum et al.,2024,ICMLA 2024,2408.01008,https://arxiv.org/abs/2408.01008,,False,,additive-weight,"W = W_0 + \alpha\,\mathrm{mat}\big(\mathcal{C}_1\times^{1}\mathcal{C}_2\times^{1}\cdots\times^{1}\mathcal{C}_D\big),\quad \mathcal{C}_i\in\mathbb{R}^{r_{i-1}\times k_i\times r_i},\ r_0=r_D=1,\ \textstyle\prod_i k_i=d_{out}d_{in};\quad y=W_0x+\alpha\,(\textstyle\prod_i\mathcal{C}_i)\,x;\ W_0\ \text{frozen},\ \mathcal{C}_i\ \text{trained}",\sum_{i=1}^{D}r_{i-1}k_ir_i,\(W_q\) and \(W_v\) attention projections,\(\Delta W\) reshaped into a \(D\)-way tensor held in tensor-train (MPS) format; the input is contracted core-by-core without reconstructing \(\Delta W\).,yes,The TT cores can be contracted into a dense \(\Delta W\) and added to \(W_0\).,"Does not preserve the function: \(\Delta W\) is drawn from a Gaussian and then TT-decomposed, so the adapted model differs from the base model at step 0.","Drop the LoRA matrix factorization altogether and represent the full update as one tensor train, contracted directly with the input for compression and lower latency.","On BERT-family models (GLUE) and LLaMA-2/3, reports accuracy comparable to LoRA and other PEFT methods with substantially higher compression.",False,method,R-additive,Cone,"TT-LoRA is the tensor-train (MPS) variety of the reshaped update, a meet of transported determinantal cones, with a built-in pointing defect. It is an object of the unpointed slice; its exactly pointed variant would be a TT apex.",anjum2024tensor,R,Cone,defect,GL,Pi,M1,span
lotr,LoTR,Low Tensor Rank weight adaptation,LoTR: Low Tensor Rank Weight Adaptation,Bershatsky et al.,2024,arXiv,2402.01376,https://arxiv.org/abs/2402.01376,https://github.com/daskol/lotr,False,,additive-weight,"W_s = W_{0,s} + \alpha\,B\,G_s^{\top}A^{\top}\ \ (\text{paper, row-vector form: } Y = XW_s + \alpha\,XAG_sB^{\top}),\quad A\in\mathbb{R}^{d_{in}\times r},\ B\in\mathbb{R}^{d_{out}\times r}\ \text{shared by all layers } s,\ G_s\in\mathbb{R}^{r\times r}\ \text{layer-specific};\ \delta\mathcal{W}=\mathcal{G}\times_1A\times_2B","|\mathcal{W}|\,r^{2}+r(d_{in}+d_{out})\ \text{for a stack of } |\mathcal{W}| \text{ equally shaped matrices}","a stack of same-type matrices across depth (e.g. all \(W_q\), all \(W_v\))",Tucker-2 decomposition of the 3-tensor of updates stacked over layers: shared left/right factor matrices with a per-layer \(r\times r\) core.,yes,"Each \(A G_s B^\top\) is a dense update for its layer and can be added to \(W_{0,s}\).","Core \(G = 0\) with \(A, B \sim N(0,1)\) (found best among tested schemes), so \(\Delta W = 0\).","Share the column/row spaces of the update across all layers and only learn a tiny \(r\times r\) mixing core per layer, so cost grows with depth as \(r^2\) rather than \(r(d_{in}+d_{out})\).","Reports better parameter efficiency than LoRA, with savings that grow with model depth.",False,method,R-additive,Cone,"LoTR is a multi-box generalised LoRA-XS with trained shared frames. With the frames frozen, its cores are the product \(\mathrm{FA}\times\mathrm{FB}\) per layer; unfreezing the frames gives a Tucker-2 cone that maps by diagonal copies into FLoRA, ShareLoRA and per-layer LoRA, and is isomorphic to FacT-TT on the same stack.",bershatsky2024lotr,R,Cone,apex,GL,GLxGL,M1,span
fact,FacT,Factor-Tuning (tensorised ViT with shared factors),FacT: Factor-Tuning for Lightweight Adaptation on Vision Transformer,Jie and Deng,2022,AAAI 2023,2212.03145,https://arxiv.org/abs/2212.03145,https://github.com/JieShibo/PETL-ViT,False,,additive-weight,"\Delta\mathcal{W}\in\mathbb{R}^{12L\times d\times d}\ (\text{all ViT weights stacked});\ \text{FacT-TT: } \Delta W_i = s\,U\,\Sigma_i\,V^{\top},\ U,V\in\mathbb{R}^{d\times r}\ \text{shared by all matrices},\ \Sigma_i\in\mathbb{R}^{r\times r}\ \text{per matrix};\ \text{FacT-TK: } \Delta W_i = s\,U\Big(\sum_{t=1}^{r} P_{i,t}\,C_{t,:,:}\Big)V^{\top},\ P\in\mathbb{R}^{12L\times r},\ C\in\mathbb{R}^{r\times r\times r};\ \text{all factors trained}",\text{TT: } 2dr + 12Lr^{2}\ \text{for the whole ViT};\ \text{TK: } 2dr + 12Lr + r^{3},"all attention and MLP weight matrices of a ViT (MLP matrices split into \(d\times d\) blocks), tensorised into one 3-way tensor","tensor-train / Tucker factorisation of the stacked update tensor: shared row and column bases \(U\), \(V\) across all layers with a tiny per-matrix core (TT) or a shared core with per-matrix mixing weights (Tucker); LoRA is the Matrix-Batch format",yes,Each slice \(\Delta W_i\) is a dense \(d\times d\) matrix that can be added to the corresponding frozen weight.,"\(V\) zero-initialised, other factors random, so the update tensor is zero","Exploit inter-layer redundancy, not just intra-weight redundancy: tensorise every weight of the ViT into one tensor and fine-tune the factors of a TT/Tucker decomposition whose bases are shared by all layers.","On VTAB-1K FacT performs on par with NOAH (the previous state of the art) while being about 5x more parameter-efficient; a tiny version with 8K trainable parameters (0.01% of ViT-B) outperforms full fine-tuning, VPT and BitFit; best among PETL baselines in few-shot settings.",True,method,R-additive,Cone,"FacT-TT is the Tucker-2 tensor network \(\Delta W_i=sU\Sigma_iV^\top\) on the stacked update tensor: an image-level meet of the two flattening determinantal cones, with gauge \(GL_r\times GL_r\) on the bonds and covariance the imposed tensorisation \(\Pi_\otimes\). Box by box it maps into LoRA\(_r\), landing in the stratum \(\mathrm T_B\) because \(V_0=0\).",jie2022fact,R,Cone,apex,GL,Pi,M1,span
flora-tucker,FLoRA (Tucker core),Low-rank core-space adaptation for N-dimensional parameter spaces,Maintaining Structural Integrity in Parameter Spaces for Parameter Efficient Fine-tuning,Si et al.,2024,ICLR 2025,2405.14739,https://arxiv.org/abs/2405.14739,,False,,additive-weight,"W = W_0 + s\,\mathcal{G}\times_1A^{(1)}\times_2\cdots\times_NA^{(N)};\quad \text{linear: } W=W_0+s\,AGB^{\top},\ G\in\mathbb{R}^{r_1\times r_2},\ A\in\mathbb{R}^{d_{out}\times r_1},\ B\in\mathbb{R}^{d_{in}\times r_2};\ \text{conv: }\Delta W=\mathcal{G}\times_1A\times_2B\times_3C\times_4D",\text{linear: }r_1r_2+r_1d_{out}+r_2d_{in};\ \text{N-D: }\textstyle\prod_k r_k+\sum_k r_kn_k,"linear and convolutional layers (ConvNeXt, DeBERTa, LLaMA-3, InternViT)",Tucker decomposition of \(\Delta W\) in its native \(N\)-D shape (a low-rank 'core space' with the same topology as the weight); for matrices it is the three-factor \(A G B^{\top}\).,yes,The Tucker product is a dense tensor of the weight's shape.,"Core \(G\) zero-initialized, factor matrices Gaussian, so \(\Delta W = 0\).",Do not flatten conv kernels into matrices: model the update with a Tucker core that keeps the kernel's spatial structure.,"Outperforms LoRA and DoRA on ConvNeXt-V2 detection/segmentation, DeBERTaV3 GLUE, LLaMA-3-8B commonsense reasoning and InternViT multimodal tasks.",False,method,R-additive,Cone,"For linear layers FLoRA is a re-pointed LoRA. It has the same image \(W_0+\mathcal M_{\le r}\) and an A3 arrow into LoRA, but its core-zero base point has \(S_1=A_0\,\mathbb R^{r_1\times r_2}B_0^\top\), the generalised LoRA-XS of Prop II.3. Its first-order reach is strictly smaller than at LoRA's \(T_A\) point, so LoRA does not map into FLoRA (O3).",si2024maintaining,R,Cone,apex,GL,GLxGL,M1,span
lorta,LoRTA,Low Rank Tensor Adaptation,LoRTA: Low Rank Tensor Adaptation of Large Language Models,Hounie et al.,2024,arXiv,2410.04060,https://arxiv.org/abs/2410.04060,,False,,additive-weight,"\Delta\mathcal{W}[:,:,k,l,i]=A\,\mathrm{Diag}(C_H[k,:])\,\mathrm{Diag}(C_L[l,:])\,\mathrm{Diag}(C_M[i,:])\,B^{\top},\ \text{i.e. } \Delta\mathcal{W}=[\![A,B,C_H,C_L,C_M]\!]\in\mathbb{R}^{d\times\frac{d}{H}\times H\times L\times M},\quad A\in\mathbb{R}^{d\times r}\ (\text{input side}),\ B\in\mathbb{R}^{\frac{d}{H}\times r}\ (\text{head-output side}),\ C_H\in\mathbb{R}^{H\times r},\ C_L\in\mathbb{R}^{L\times r},\ C_M\in\mathbb{R}^{4\times r};\ \text{each slice is the transpose of a } \frac{d}{H}\times d \text{ per-head block of } \Delta W",\left(d+\tfrac{d}{H}+H+L+M\right)r\ \text{(whole model; } M=4 \text{ matrix types)},"Q, K, V and output projections of every attention head in every layer","Rank-\(r\) CP (Candecomp/Parafac) model of the 5th-order tensor of all attention updates indexed by (input dim, head dim, head, layer, matrix type).",yes,Each slice of the CP tensor is a dense per-head update that can be added to its weight.,Not detailed in the sections consulted.,"Share one CP model over heads, layers and Q/K/V/O so that parameters grow additively, not multiplicatively, in these dimensions.","Reports performance comparable to LoRA with far fewer parameters on NLU, instruction tuning, preference optimization and protein-folding benchmarks.",False,method,R-additive,Cone,"LoRTA is the CP (diagonal-core) corner of the tensor-network family over (input, head, layer, type, output). Diagonal cores commute, so it maps by A3 into every Tucker-2 or TT method over the same modes (LoTR, FacT-TT, MetaTT-5D) and into per-box \(\mathrm{LoRA}_r\).",hounie2024lorta,R,Cone,apex,torus,Pi,M1,span
metatt,MetaTT,Global Tensor-Train Adapter,MetaTT: A Global Tensor-Train Adapter for Parameter-Efficient Fine-Tuning,Lopez-Piqueres et al.,2025,TMLR (2026),2506.09105,https://arxiv.org/abs/2506.09105,,False,,additive-weight,"y = xW_{0,l,m} + \alpha\,x\,G_1\,G_2[l]\,G_3[m]\,G_4\ \ (\text{row-vector convention}),\quad G_1\in\mathbb{R}^{d_{in}\times r},\ G_2[l],G_3[m]\in\mathbb{R}^{r\times r},\ G_4\in\mathbb{R}^{r\times d_{out}}\ \ (\text{MetaTT-4D})","\text{4D: }(d_{in}+d_{out})r+(L+M)r^{2}\ (\le 2Dr+(L+M)r^2,\ D=\max(d_{in},d_{out}));\quad \text{5D: }\left(D+\tfrac{D}{H}\right)r+(L+M+H)r^{2}","attention (and optionally MLP) projections of all layers; layer index \(l\) and matrix type \(m\) (and head \(h\), task \(t\)) are TT modes","A single tensor train over (input, layer, matrix type, [head], [task], output) whose slices are the per-matrix updates; a DMRG-style sweep can adapt TT ranks during training.",yes,Middle cores can be contracted into \(G_1\) or \(G_4\) to give a dense per-matrix update.,"\(G_1\) (input core) is zero-initialized, so \(\Delta W = 0\). RoBERTa runs set the remaining cores to identity slices; Llama runs draw the two middle cores from \(N(0, 0.2^2)\) and set the output core to identity (Appendix G, Fig. 13).","One global adapter for the whole network: factorize the update tensor across depth and matrix type with a tensor train, borrowing DMRG rank adaptation from many-body physics.","Reports substantial parameter reductions at competitive accuracy versus LoRA-style baselines, and competitive multi-task results with a task mode.",False,method,R-additive,Cone,"MetaTT-4D is the TT corner of the cross-layer family. Factorising LoTR's per-box core as \(G_2[l]G_3[m]\) makes it a sub-object, up to an A3 factorisation, of LoTR applied per type and of per-box LoRA, while LoRTA's CP model sits inside the 5D variant.",lopezpiqueres2025metatt,R,Cone,apex,GL,GLxGL,M1,span
quanta,QuanTA,Quantum-informed Tensor Adaptation,QuanTA: Efficient High-Rank Fine-Tuning of LLMs with Quantum-Informed Tensor Adaptation,Chen et al.,2024,NeurIPS 2024,2406.00132,https://arxiv.org/abs/2406.00132,https://github.com/quanta-fine-tuning/quanta,False,,additive-weight,"y = W_0x + \mathcal{T}_{\theta}x - \mathcal{S}x,\quad \mathcal{T}_{\theta}=\prod_{\alpha}T^{(\alpha)},\ T^{(\alpha)}\in\mathbb{R}^{d_{m}d_{n}\times d_{m}d_{n}}\ \text{acting on axes } (m(\alpha),n(\alpha)) \text{ of } x \text{ reshaped to } d_1\times\cdots\times d_N,\ \textstyle\prod_n d_n=d;\ \mathcal{S}=\mathcal{T}_{\theta_0}\ \text{frozen}",\sum_{\alpha}\big(d_{m(\alpha)}d_{n(\alpha)}\big)^{2},linear layers of LLMs (attention projections),Circuit-shaped tensor network: the hidden vector is viewed as an \(N\)-qudit state and a sequence of two-axis 'gates' is applied (an einsum of small tensors); by the universality and rank-representation theorems it can express full-rank updates.,yes,"The gate sequence is linear, so the full matrix \(T\) can be contracted and added to \(W_0\).","A frozen copy \(S\) of the initial gates is subtracted (\(T_\theta x - S x = 0\) at step 0, Eq. 8); because \(S\) is fixed it can be folded into the base weight, \(W_0' = W_0 - S\) (the paper's Eq. 9 prints \(W_0 + S\), a sign slip relative to Eq. 8).",Borrow quantum-circuit structure (local two-qudit gates composed in sequence) to get high-rank updates with few parameters and without zero-initialized factors.,Improves over LoRA and DoRA on commonsense and arithmetic reasoning with LLaMA-family models while using fewer trainable parameters.,False,method,R-additive,Cone*,"QuanTA is a split (Type II) pointing of a tensor-network cone: \(\rho=(W_0-T_{\theta_0})+T_\theta\), so \(\theta_0\) is a smooth point of a translated circuit variety whose apex \(W_0-T_{\theta_0}\) lies elsewhere. Its high rank is a cut statement about the circuit (Thm II.10), bought with an imposed reshape \(\Pi_\otimes\) of the hidden wire.",chen2024quanta,R,Cone*,regular,GL,Pi,M1,span
mora,MoRA,High-rank updating with a square matrix,MoRA: High-Rank Updating for Parameter-Efficient Fine-Tuning,Jiang et al.,2024,arXiv,2405.12130,https://arxiv.org/abs/2405.12130,https://github.com/kongds/MoRA,False,,additive-weight,"h = W_0x + f_{decomp}\big(M\,f_{comp}(x)\big),\quad M\in\mathbb{R}^{\hat r\times\hat r},\ \hat r=\big\lfloor\sqrt{(d_{in}+d_{out})\,r}\big\rfloor;\ \text{reshape variant: }\Delta W=I_{d/\hat r}\otimes M=\mathrm{diag}(M,\dots,M);\ \text{RoPE variant: }\Delta W=\mathrm{diag}(P^{1},\dots,P^{n}),\ P^{i}=M\ \text{rotated by block rotation } R_{\theta,i}",\hat r^{2}\approx r(d_{in}+d_{out}),all linear layers of LLMs,"A single trainable square matrix sandwiched between fixed, non-parameterized compression/decompression operators (truncation, row/column sharing, reshaping, RoPE-style rotations); the reshape variant is a Kronecker product with the identity, i.e. a block-diagonal matrix with tied blocks of rank up to \(\hat r\) each.",yes,"The fixed operators are linear, so \(\Delta W\) can be formed explicitly and merged like LoRA.",\(M = 0\) (a single matrix can be zero-initialized without stalling gradients).,"Spend the LoRA parameter budget on one square matrix to maximize the rank of \(\Delta W\), which matters for knowledge-memorizing tasks.","Outperforms LoRA on memory-intensive tasks (UUID memorization, continual pretraining) and is comparable on instruction tuning and math reasoning.",True,method,R-additive,Lin,"MoRA is a linear method: the trainable square \(M\) is pushed into weight space by fixed linear operators, e.g. \(\Delta W=I_{d/\hat r}\otimes M\), a subspace of dimension \(\hat r^2\) in a transported frame. Its 'high rank' is a cut property of that frame (rank up to \(d\)), not an increase of \(d(M)\) beyond \(|M|\).",jiang2024mora,R,Lin,regular,none,Pi,M1,idempotent
melora,MELoRA,Mini-Ensemble Low-Rank Adapters,MELoRA: Mini-Ensemble Low-Rank Adapters for Parameter-Efficient Fine-Tuning,Ren et al.,2024,ACL 2024,2402.17263,https://arxiv.org/abs/2402.17263,,False,,additive-weight,"W = W_0 + \mathrm{diag}(B_1A_1,\dots,B_nA_n)=W_0+\bigoplus_{i=1}^{n}B_iA_i,\quad A_i\in\mathbb{R}^{\frac{r}{n}\times\frac{d_{in}}{n}},\ B_i\in\mathbb{R}^{\frac{d_{out}}{n}\times\frac{r}{n}};\ W_0\ \text{frozen},\ A_i,B_i\ \text{trained}",\tfrac{r}{n}(d_{in}+d_{out}),attention/MLP linear layers (as LoRA),"Block-diagonal direct sum of \(n\) independent mini-LoRAs acting on disjoint feature slices; rank is the sum of block ranks, so rank \(r\) is reached with \(n\) times fewer parameters than LoRA.",yes,The block-diagonal \(\Delta W\) is a dense matrix of \(W_0\)'s shape.,"\(A_i\) Gaussian and \(B_i = 0\), as in LoRA.","Concatenating mini-LoRAs along the diagonal adds their ranks instead of sharing a bottleneck, trading cross-block interactions for rank per parameter.","Compared with LoRA, better results with 8x fewer trainable parameters on natural language understanding and 36x fewer on instruction following.",False,method,R-additive,Cone,"MELoRA is the sub-object of \(\mathrm{LoRA}_r\) obtained by freezing the off-block entries of \(B\) and \(A\) at \(0\): \(\Delta W=\mathrm{blockdiag}(B_i)\,\mathrm{blockdiag}(A_i)\). It keeps rank \(r\) at \(1/n\) of the budget by giving up every update that is not block-diagonal, and its rebasing closure is the block-diagonal subspace, not \(\Theta\).",ren2024melora,R,Cone,apex,GL,Pi,M1,span
more,MoRe,Monarch Rectangular Fine-tuning,MoRe Fine-Tuning with 10x Fewer Parameters,Tan et al.,2024,"ICML 2024 Workshops (ES-FoMo II, FM-Wild)",2408.17383,https://arxiv.org/abs/2408.17383,https://github.com/SprocketLab/sparse_matrix_fine_tuning,False,,additive-weight,"W = W_0 + P_1\,L\,P_2\,R,\quad L=\mathrm{diag}(L_1,\dots,L_N),\ R=\mathrm{diag}(R_1,\dots,R_N),\ L_j\in\mathbb{R}^{\frac{d_{out}}{N}\times r_{blk}},\ R_j\in\mathbb{R}^{r_{blk}\times\frac{d_{in}}{N}},\ P_1,P_2\ \text{fixed permutations};\ L,R\ \text{trained}",r_{blk}(d_{in}+d_{out}),attention/MLP linear layers,"Rectangular low-rank Monarch matrix: block-diagonal, permutation, block-diagonal, permutation; rank up to \(N r_{blk}\); \(N = 1\) recovers LoRA. MoRe's blocks are low-rank sub-blocks of the Monarch class of Dao et al. (2022), whose products (not MoRe's single low-rank factor) subsume butterfly matrices.",yes,The Monarch product is a dense matrix that \(W\) absorbs before inference.,"Not specified in the paper; the official code offers LoRA-style zero init and a zero-initialized output scaler, either of which gives \(\Delta W = 0\) (which option the reported runs used was not confirmed).","Search over a hardware-efficient structured matrix family (Monarch) instead of fixing low rank, gaining rank per parameter with almost no hyperparameter tuning (\(N = 4\)).","Reported to be more parameter-efficient and accurate than state-of-the-art PEFT methods on a range of tasks and models, using as little as 5% of LoRA's parameters.",False,method,R-additive,Cone,"MoRe is a sub-object of \(\mathrm{LoRA}_{Nr_{blk}}\) in which \(B=P_1LP_2\) and \(A=R\) are forced into Monarch block patterns. The permutation \(P_2\) breaks LoRA's \(GL\) gauge down to a torus and caps the rank of each block of the update, as in GraLoRA (Prop II.12(c)).",tan2024more,R,Cone,apex,torus,Pi,M1,span
dsee,DSEE,Dually Sparsity-Embedded Efficient Tuning,DSEE: Dually Sparsity-embedded Efficient Tuning of Pre-trained Language Models,Chen et al.,2021,ACL 2023,2111.00160,https://arxiv.org/abs/2111.00160,https://github.com/VITA-Group/DSEE,False,,hybrid,"W = W_0\odot\mathcal{M} + UV + \mathcal{P}_{\Omega}(S),\quad U\in\mathbb{R}^{d_{out}\times r},\ V\in\mathbb{R}^{r\times d_{in}},\ \Omega=\text{top-}c\text{ entries of the sparse residual } S'\text{ of a robust-PCA (GreBsmo) split } W_0\approx AB+S',\ \mathcal{M}\ \text{optional pruning mask on the pretrained weights, chosen from } |\Delta W|\ (\text{unstructured) or head scores (structured)};\ U,V,S|_{\Omega}\ \text{trained, then re-tuned after pruning}",r(d_{in}+d_{out})+c\ \ (c=16\ \text{in the paper}),"attention weight matrices of BERT, RoBERTa and GPT-2","Low-rank plus sparse-residual update whose sparse support comes from a robust-PCA (GreBsmo) decomposition of \(W_0\), combined with unstructured or structured pruning of the resulting weights for inference efficiency.",yes,\(W_0 \odot M + UV + P_\Omega(S)\) is a single matrix of \(W_0\)'s shape.,"\(\Delta W = 0\) at init: the text sets \(V = 0\) and \(S = 0\), while Algorithm 2 sets \(U = 0\), \(V \sim \mathcal N(0, 0.02)\), \(S = 0\) (the paper is internally inconsistent about which low-rank factor is zero).","Exploit sparsity twice: sparse-plus-low-rank structure in the update for parameter efficiency, and sparse final weights for inference efficiency.","On BERT, saves about 25% inference FLOPs with 0.5% trainable parameters at comparable downstream performance.",False,method,R-additive,Cone,"DSEE is the \(\oplus\)-word \(\mathrm{LoRA}_r\oplus\mathrm{Sparse}_\Omega\) (Obs I.7), like RoSA but with \(\Omega\) read off a robust-PCA split of \(W_0\) instead of gradients. Its pruning stage is a base change \(\kappa(\theta)=\theta\odot\mathcal M\) that moves the base point (Def V.1(b)).",chen2021dsee,R,Cone,apex,GL,MonxMon,M1,span
sine-lora,Sine-LoRA,Sine-activated low-rank adaptation,Efficient Learning With Sine-Activated Low-rank Matrices,Ji et al.,2024,ICLR 2025,2403.19243,https://arxiv.org/abs/2403.19243,,False,,additive-weight,"W = W_0 + \tfrac{1}{g}\sin(\omega\,BA),\quad \sin\ \text{entrywise},\ \omega\ \text{(frequency)},\ g\ \text{(gain) fixed},\ B\in\mathbb{R}^{d_{out}\times r},\ A\in\mathbb{R}^{r\times d_{in}}\ \text{trained}",r(d_{in}+d_{out}),LoRA/DoRA target layers in LLMs and ViTs (also NeRF and 3D-shape networks),"Entrywise sinusoid of a rank-\(r\) matrix; the rank of \(\sin(\omega\,BA)\) grows with \(\omega\) (the paper gives a lower bound in terms of \(\omega\)), so the update is no longer low-rank.",yes,\(\sin(\omega BA)/g\) is a dense matrix computable after training and addable to \(W_0\).,"With LoRA's \(B = 0\) initialization, \(\sin(0) = 0\) so \(\Delta W = 0\).",A fixed high-frequency entrywise nonlinearity raises the rank of a low-rank parameterization for free.,"Improves LoRA and DoRA at equal parameter count across ViT, LLM (e.g. LLaMA-3-8B commonsense reasoning, GLUE), NeRF and 3D-shape tasks.",False,method,R-additive,Cone,"Sine-LoRA post-composes LoRA's update with the entrywise diffeomorphism germ \(\varphi=\sin(\omega\,\cdot)/g\), an automorphism of the slice like transport (Prop II.13) but non-linear. It keeps LoRA's apex, gauge and first-order image at \(\theta_0\), while globally it trades the rank bound for the box \(|\Delta W_{ij}|\le1/g\) and loses every covariance except signed permutations.",ji2024efficient,R,Cone,apex,GL,MonxMon,M1,span
nola,NOLA,Compressing LoRA using Linear Combination of Random Basis,NOLA: Compressing LoRA using Linear Combination of Random Basis,Koohpayegani et al.,2023,ICLR 2024,2310.02556,https://openreview.net/forum?id=TjfXcDgvzk,https://github.com/UCDvision/NOLA,False,,additive-weight,"W = W_0 + \Big(\sum_{j=1}^{l}\beta_j B_j\Big)\Big(\sum_{i=1}^{k}\alpha_i A_i\Big),\quad B_j\in\mathbb{R}^{d_{out}\times r},\ A_i\in\mathbb{R}^{r\times d_{in}}\ \text{frozen pseudo-random (generated from a seed, optionally shared across layers)};\ \alpha\in\mathbb{R}^{k},\ \beta\in\mathbb{R}^{l}\ \text{trained}","k + l\ \ (\text{independent of } r,\ d_{in},\ d_{out})","any linear layer (paper: attention projections of GPT-2, LLaMA-2, ViT)",LoRA factors constrained to the linear span of \(k\) (resp. \(l\)) frozen random basis matrices; \(\Delta W\) is bilinear in the two coefficient vectors and has rank \(\le r\),yes,"After training the two linear combinations are materialised, and their product \(BA\) is added to \(W_0\).","Not specified in the paper. Official code (UCDvision/NOLA, gpt/examples/NLG/src/model_nola.py) zero-initialises both coefficient vectors, and each NOLA factor also carries a frozen offset matrix (LoRA-style reset: Kaiming for \(A\), zero for \(B\)), so \(\Delta W = 0\) at init with non-zero gradients for the \(B\)-side coefficients; with the paper's pure-span formula, zero-initialising both \(\alpha\) and \(\beta\) would give zero gradients. Bases are \(U(-1,1)\) from a stored seed and are regenerated on the fly in forward/backward to save memory","Decouple the parameter count from rank and width (LoRA's rank-1 floor) by expressing each LoRA factor as a learned mixture of seeded random basis matrices, PRANC-style; only the seed and the mixture coefficients (optionally 4-bit quantised) are stored.",On LLaMA-2 70B NOLA is about 20x more compact than the most compressed (rank-1) LoRA without accuracy loss; also matches LoRA on GPT-2 E2E and ViT few-shot classification with fewer parameters.,True,method,R-additive,Cone,"NOLA is LoRA precomposed with the linear map \((\alpha,\beta)\mapsto(\sum\beta_jB_j,\sum\alpha_iA_i)\): a bilinear cone of dimension \(k+l-1\) with one scalar slide, an A3 arrow into LoRA\(_r\), and rebasing closure \(\mathrm{span}\{B_jA_i\}\). The paper's pure-span zero init has \(S_1=0\); the official code's frozen offset \(A_{\rm off}\) restores \(\dim S_1=l\) and removes the scalar gauge (\(d=k+l\)).",koohpayegani2023nola,R,Cone,apex,scalar,frame,M1,span
intrinsic-said,Intrinsic SAID,Structure-Aware Intrinsic Dimension subspace fine-tuning,Intrinsic Dimensionality Explains the Effectiveness of Language Model Fine-Tuning,Aghajanyan et al.,2020,ACL 2021,2012.13255,https://arxiv.org/abs/2012.13255,,False,,additive-weight,"\theta^{D}_{i} = \theta^{D}_{0,i} + \lambda_i\,\big(\theta^{d-m}M\big)_i,\quad M = H\,G\,\Pi\,H\,B\ \ (\text{Fastfood transform: Hadamard } H,\ \text{Gaussian diagonal } G,\ \text{permutation } \Pi,\ \pm1 \text{ diagonal } B;\ \text{frozen});\ \theta^{d-m}\in\mathbb{R}^{d-m},\ \lambda\in\mathbb{R}^{m}\ (\text{one scale per layer})\ \text{trained}","d\ \text{for the whole model, including the classification head in the paper's count (e.g. } d_{90}\approx 207 \text{ for RoBERTa-Large on MRPC)}","the entire flattened parameter vector of the model (all layers), with layer-wise scaling","random linear subspace of the full parameter space: \(\Delta\theta = \mathrm{diag}(\lambda)\,P\,\theta_d\) with a structured random (Fastfood) projection \(P\)",yes,The projected update is a fixed parameter offset that can be added to \(\theta_0\).,\(\theta^{d} = 0\) recovers the pretrained parameters exactly,Fine-tuning works in a tiny random subspace: optimise a \(d\)-dimensional vector projected into the full parameter space; the small \(d\) needed (intrinsic dimension) explains why huge models fine-tune well on little data. SAID adds per-layer scales.,Optimising about 200 parameters (\(d_{90} = 207\) with SAID) projected into RoBERTa-Large's full space reaches 90% of full fine-tuning performance on MRPC (about 800 for QQP); larger and longer-pretrained models have lower intrinsic dimension.,False,analysis,R-additive,Cone,"Intrinsic SAID is the whole-model additive object \(\rho(\lambda,\theta')=\theta_0+\Lambda(\lambda)P\theta'\): freezing \(\lambda\) gives the linear DID sub-object (A2), and the layer scales thicken that random subspace into a cone with an apex at \(\theta_0\), exactly as VeRA's \(\Lambda_b\) thickens LoRA-FA.",aghajanyan2020intrinsic,R,Cone,apex,scalar,Pi,M1,span
tied-lora,Tied-LoRA,Tied Low-Rank Adaptation (weight tying + selective training),Tied-LoRA: Enhancing parameter efficiency of LoRA with Weight Tying,Renduchintala et al.,2023,NAACL 2024,2311.09578,https://aclanthology.org/2024.naacl-long.481/,https://github.com/NVIDIA/NeMo,False,,additive-weight,"W_\ell = W_{0,\ell} + \Lambda_{v_\ell}\, B\, \Lambda_{u_\ell}\, A,\quad A\in\mathbb{R}^{r\times d_{in}},\ B\in\mathbb{R}^{d_{out}\times r}\ \text{tied (one copy shared by all layers)};\ \Lambda_{u_\ell}=\mathrm{diag}(u_\ell),\ u_\ell\in\mathbb{R}^{r},\ \Lambda_{v_\ell}=\mathrm{diag}(v_\ell),\ v_\ell\in\mathbb{R}^{d_{out}}\ \text{per layer};\ \text{each of } A,B,u,v \text{ is selectively trained or frozen (configs TL1--TL6; TL6 trains all)}","\text{TL6: } r(d_{in}+d_{out})\ \text{once for all layers} + L\,(r + d_{out})\ \text{in total; per adapted matrix } \approx r + d_{out} + \tfrac{r(d_{in}+d_{out})}{L}",paper: the fused QKV projection (\(d\times 3d\)) of every transformer layer; applicable to any linear layer,"a single low-rank pair \(BA\) shared across depth, modulated per layer by diagonal scalings of its rows and rank channels; selective freezing yields a lattice of sub-configurations",yes,"The low-rank path is linear, so each layer's \(\Lambda_v B \Lambda_u A\) can be merged into \(W_0\).","Per Table 1: TL2/TL6 (VeRA-like): \(A, B \sim \mathcal{N}\), \(u = 1\), \(v = 0\) (exact identity); TL3–TL5 (LoRA-like): \(A \sim \mathcal{N}\), \(B = 0\), \(u = v = 1\) (exact identity); TL1 (only tied \(A\) trained): \(A, B \sim \mathcal{N}\), \(u = v = 1\), so \(\Delta W \neq 0\) at init; \(\alpha = r\), removing the \(\alpha/r\) scaling",Tie one LoRA pair across all layers and train only what is needed (shared factors and/or per-layer scaling vectors); a framework containing LoRA and VeRA as corners of the same design space.,"TL6 (trainable tied \(A\), \(B\) plus per-layer \(u\), \(v\)) stays within roughly 1-2% of LoRA across five tasks (on average 1.36% below LoRA with LLaMA-2 7B) and beats LoRA on IWSLT-2017 De-En translation with 12.5% of its parameters; on GSM8K it needs 4.3% of LoRA's parameters for a comparable score.",False,method,R-additive,Cone,"Tied-LoRA is a lattice of sub-objects of one multi-box cone: freezing \((A,B)\) at random values is VeRA (an A2 sub-object) and untying with \(\Lambda=I\) is LoRA. The full TL6 object factors through ShareLoRA by absorbing the diagonals into a per-layer up-projection \(\Lambda_{v_\ell}B\Lambda_{u_\ell}\).",renduchintala2023tied,R,Cone,apex,torus,MonxGL,M1,span
sharelora,ShareLoRA,Shared Low-Rank Adaptation,ShareLoRA: Parameter Efficient and Robust Large Language Model Fine-tuning via Shared Low-Rank Adaptation,Song et al.,2024,arXiv,2406.10785,https://arxiv.org/abs/2406.10785,https://github.com/Rain9876/ShareLoRA,False,,additive-weight,"\text{ShareA: } W_\ell = W_{0,\ell} + \alpha\, B_\ell\, A,\quad A\in\mathbb{R}^{r\times d_{in}}\ \text{shared by all layers},\ B_\ell\in\mathbb{R}^{d_{out}\times r}\ \text{per layer};\quad \text{ShareB: } \alpha\, B\, A_\ell;\quad \text{ShareAB: } \alpha\, B A\ \text{for every layer (all factors trained)}","\text{ShareA: } r\,d_{out} + \tfrac{r\,d_{in}}{L}\ \text{per adapted matrix (i.e. } L r d_{out} + r d_{in} \text{ per module type)}","attention projections (ShareA_qkv: \(A_Q\), \(A_K\) and \(A_V\) are each shared across all layers, one shared \(A\) per projection type) or all linear layers ('sharing all'), on RoBERTa, GPT-2 and LLaMA 1/2/3","LoRA in which one factor (the down-projection \(A\), the up-projection \(B\), or both) is a single matrix shared across depth; \(\Delta W_\ell = B_\ell A\) spans a common row space for all layers",yes,Each layer's \(B_\ell A\) is an ordinary low-rank matrix that can be added to \(W_0\).,"Inherits LoRA initialisation (up-projection zero, so \(\Delta W = 0\)); not discussed separately in the paper","Share LoRA's down- (or up-) projection across all layers: the shared subspace removes redundancy, roughly halves parameters or more, and acts as a regulariser that improves robustness and continual-learning transfer.","44%-96% fewer trainable parameters than LoRA with maintained performance on RoBERTa, GPT-2 and LLaMA 1/2/3, and up to 1.2% higher average accuracy in zero/few-shot and continual fine-tuning settings.",False,method,R-additive,Cone,"ShareLoRA (ShareA) is multi-box LoRA with its down-projection glued along the diagonal \(Q_A\to\prod_\ell Q_A\). It lies between LoRA-FA (freezing \(A\), an A2 sub-object) and per-layer LoRA (the diagonal copy, an A3 arrow). ShareB is the mirror image and ShareAB is the fully tied corner of Tied-LoRA.",song2024sharelora,R,Cone,apex,GL,GLxGL,M1,span
prolora,PRoLoRA,Partially Rotation-enhanced Low-Rank Adaptation,PRoLoRA: Partial Rotation Empowers More Parameter-Efficient LoRA,Wang et al.,2024,ACL 2024,2402.16902,https://aclanthology.org/2024.acl-long.156/,,False,,additive-weight,"W = W_0 + BA,\quad B = \big[\,B_u\ \big|\ \big(B_0;\,\mathrm{Roll}(B_0,s_B);\dots;\mathrm{Roll}(B_0,(n{-}1)s_B)\big)\big],\quad A = \Big[\,A_u;\ \big(A_0\,|\,\mathrm{Roll}(A_0,s_A)\,|\cdots|\,\mathrm{Roll}(A_0,(m{-}1)s_A)\big)\Big];\ A_u\in\mathbb{R}^{u\times d_{in}},\ B_u\in\mathbb{R}^{d_{out}\times u}\ \text{(unshared ranks)},\ A_0\in\mathbb{R}^{(r-u)\times d_{in}/m},\ B_0\in\mathbb{R}^{d_{out}/n\times(r-u)}\ \text{trained};\ \mathrm{Roll} = \text{cyclic shift along the rank dimension}","u\,(d_{in}+d_{out}) + (r-u)\Big(\tfrac{d_{in}}{m} + \tfrac{d_{out}}{n}\Big)",any linear layer (paper: all linear layers of LLaMA-2 / Tulu instruction tuning),"intra-layer sharing: each LoRA factor is a broadcast of one small chunk along the hidden dimension, the copies differentiated by rank-dimension cyclic permutations, plus \(u\) unshared ranks; \(\Delta W\) is block-structured with blocks related by rank permutations",yes,"The expanded \(B\) and \(A\) are ordinary matrices, so \(BA\) merges into \(W_0\) exactly as in LoRA.",\(B = 0\) (whole matrix); \(A_u\) Kaiming-uniform and the shared chunk \(A_0\) with a rectified Kaiming bound computed from the full hidden size \(d_{in}\) so both parts have equal scale,Reuse parameters inside a layer: broadcast one chunk of each LoRA factor across the hidden dimension (more rank per parameter) and break the resulting repetition with cheap rotations and a few unshared ranks; a strict superset of LoRA.,"With half the trainable parameters of LoRA, PRoLoRA still outperforms LoRA on multiple instruction-tuning benchmarks and scales to larger LLMs.",False,method,R-additive,Cone,"PRoLoRA is LoRA precomposed with a linear tying map \(Q_{\rm PRoLoRA}\to Q_{\mathrm{LoRA}_r}\). Its 'more rank per parameter' is a larger \(\rho_{\max}\) than the LoRA of equal budget, paid for with an imposed chunk structure (\(\Pi\)).",wang2024prolora,R,Cone,apex,GL,Pi,M1,span
mos,MoS,Mixture of Shards,MoS: Unleashing Parameter Efficiency of Low-Rank Adaptation with Mixture of Shards,Wang et al.,2024,ICLR 2025,2410.00938,https://arxiv.org/abs/2410.00938,https://github.com/Forence1999/MoS,False,,additive-weight,"W_\ell = W_{0,\ell} + B_\ell A_\ell,\quad B_\ell = \mathrm{Route}^{c}\big([B^{pub}, B^{pri}],\, I^{b}_\ell\big),\quad A_\ell = \mathrm{Route}^{r}\big([A^{pub}, A^{pri}],\, I^{a}_\ell\big);\ \text{each rank vector of } A_\ell, B_\ell \text{ is the concatenation of } l \text{ shards retrieved from global pools by fixed random index matrices } I_\ell;\ \text{pools trained, indices frozen; private shards are used by one layer only}","\approx e\,(d_{in}+d_{out})\ \text{per adapted matrix on average (global pools of size } eL(d_{in}+d_{out}) \text{ per linear-layer type), while each layer uses rank } r > e",all linear-layer types of LLaMA-2/3 (one global pool per layer type),"global inter- and intra-layer sharing: LoRA factor vectors are assembled from shards of shared public/private pools via subset selection, pair dissociation (separate pools for \(A\) and \(B\)), vector sharding and shard privatisation; routing is index-based and input-independent",yes,"Indices are fixed, so after training each layer's \(B_l A_l\) is a fixed low-rank matrix that merges into \(W_0\).",public and private \(B\) pools zero-initialised (\(\Delta W = 0\)); \(A\) pools with PRoLoRA-style rectified Kaiming bounds; index matrices sampled once at random,"Pure sharing across layers hurts because all layers get the same update; cheap differentiation strategies (random subsets, dissociated \(A\)/\(B\) pools, shards, private shards) restore diversity while keeping the high sharing ratio.","About 8x parameter savings relative to standard LoRA at matched performance on instruction-tuning benchmarks (MMLU, BBH, GSM8K, etc.), with ablations confirming each differentiation component.",False,method,R-additive,Cone,"MoS is multi-box LoRA precomposed with a fixed random linear routing from two global pools, \(\rho=\rho_{\mathrm{LoRA}}\circ(\mathrm{Route}_B\times\mathrm{Route}_A)\), which is an A3 arrow into per-layer LoRA. Its differentiation tricks (subsets, pair dissociation, sharding, privatisation) select which linear tying map is used.",wang2024mos,R,Cone,apex,scalar,Pi,M1,span
rasa,RaSA,Rank-Sharing Low-Rank Adaptation,RaSA: Rank-Sharing Low-Rank Adaptation,He et al.,2025,ICLR 2025,2503.12576,https://arxiv.org/abs/2503.12576,https://github.com/zwhe99/RaSA,False,,additive-weight,"W_i = W_{0,i} + \big[\tilde B_i\ \ B_S\big]\, D_i \begin{bmatrix}\tilde A_i\\ A_S\end{bmatrix},\quad \tilde B_i\in\mathbb{R}^{d_{out}\times(r-k)},\ \tilde A_i\in\mathbb{R}^{(r-k)\times d_{in}}\ \text{layer-specific};\ B_S\in\mathbb{R}^{d_{out}\times Lk},\ A_S\in\mathbb{R}^{Lk\times d_{in}}\ \text{shared rank pool (k ranks contributed by each layer)};\ D_i\ \text{diagonal } (r-k+Lk)\ \text{per layer; all trained}","r\,(d_{in}+d_{out}) + (r - k + Lk)\ \text{per adapted matrix (same as LoRA plus a diagonal)}","all linear layers of the LLM (assumes equal shapes across layers; e.g. Llama, Mistral)","partial rank sharing: \(\Delta W_i = \tilde B_i D_i^{(1)} \tilde A_i + B_S D_i^{(2)} A_S\), a private rank-\((r-k)\) term plus a shared rank-\(Lk\) pool reweighted per layer by a trainable diagonal; effective rank \(r - k + Lk\)",yes,For each layer the update is a fixed low-rank matrix that merges into \(W_0\).,"\(\tilde B_i = 0\), \(B_S = 0\); \(\tilde A_i\), \(A_S\) Kaiming; \(D_i = \tfrac{\alpha}{2(r-k)}\) on private and \(\tfrac{\alpha}{2Lk}\) on shared ranks","Pool \(k\) ranks from every layer into a shared rank pool that all layers reuse with layer-specific diagonal weights, raising effective rank by \((L-1)k\) at LoRA's parameter cost; its minimum reconstruction error is provably no worse than LoRA's.",Significantly improves over LoRA and other variants on challenging code-generation and mathematical-reasoning fine-tuning at the same parameter budget.,False,method,R-additive,Cone,"RaSA is \(\prod_i\mathrm{LoRA}_{r-k}\) plus a shared rank pool with trained frames and per-layer diagonal weights. It maps by A3 into per-layer \(\mathrm{LoRA}_{r-k+Lk}\), so its effective rank is the rank of that target, bought by tying rather than by parameters.",he2025rasa,R,Cone,apex,GL,GLxGL,M1,span
lora-xs,LoRA-XS,Low-Rank Adaptation with eXtremely Small number of parameters,LoRA-XS: Low-Rank Adaptation with Extremely Small Number of Parameters,Bałazy et al.,2024,ECAI 2025,2405.17604,https://arxiv.org/abs/2405.17604,https://github.com/MohammadrezaBanaei/LoRA-XS,False,,additive-weight,"W = W_0 + U_r\,R\,\Sigma_r V_r^{\top},\quad W_0 = U\Sigma V^{\top}\ (U_r, \Sigma_r, V_r:\ \text{top-}r \text{ truncated SVD, frozen}),\ R\in\mathbb{R}^{r\times r}\ \text{trained}\ \ (\text{paper, row-vector convention: } h = xW + xARB,\ A = U_r\Sigma_r,\ B = V_r^{\top};\ \text{equivalently } U_r\Sigma_r R' V_r^{\top} \text{ since } \Sigma_r \text{ is invertible})",r^{2},"any linear layer (paper: attention and MLP projections of RoBERTa, Mistral, Gemma, LLaMA)",a trainable \(r\times r\) core sandwiched between frozen top-\(r\) singular subspaces of \(W_0\) (Tucker-2 core); \(\Delta W\) lives in \(\mathrm{span}(U_r) \otimes \mathrm{span}(V_r)\),yes,\(U_r R \Sigma_r V_r^T\) is a fixed matrix that merges into \(W_0\).,"Near-identity, not exact: \(R \sim \mathcal{N}(0,\sigma^2)\) with \(\sigma = 10^{-5}\)","Freeze LoRA's factors at the SVD of the pretrained weight and train only a small \(r\times r\) mixing matrix between them, removing LoRA's width-proportional parameter floor (as few as one parameter per module).","Outperforms or matches LoRA and VeRA on GLUE, GSM8K, MATH and commonsense reasoning while reducing storage by over 100x for 7B models.",True,method,R-additive,Lin,"LoRA-XS is the categorical product of the two one-sided methods in the SVD frames, \(\mathrm{FA}(\Sigma_rV_r^\top)\times\mathrm{FB}(U_r)\), i.e. the largest method simulated by both. It maps into PiSSA by A3, so it is the linear core shared by the spectral-frame family.",baazy2024lora,R,Lin,regular,none,OxO,M1,idempotent
lamda,LaMDA,Large Model Fine-Tuning via Spectrally Decomposed Low-Dimensional Adaptation,LaMDA: Large Model Fine-Tuning via Spectrally Decomposed Low-Dimensional Adaptation,Azizi et al.,2024,EMNLP 2024 (Findings),2406.12832,https://aclanthology.org/2024.findings-emnlp.563/,https://github.com/ArminAzizi98/LaMDA,False,,additive-weight,"W = \big(W_0 - U_r\Sigma_r V_r^{\top}\big) + \alpha\,U_r\,S\,\Sigma_r V_r^{\top},\quad \Sigma_r V_r^{\top}\ (\text{PMA, down-projection) frozen},\ S\in\mathbb{R}^{r\times r}\ (\text{LDA}) \text{ trained},\ U_r\ (\text{PMB, up-projection) trainable early and frozen one rank component at a time, lowest-energy first, on a linear schedule over the first } t_i \approx 30\%\ \text{of iterations}\ \ (\text{paper, row-vector convention: } Y = XW + \alpha XASB,\ A = U[:,{:}r]\Sigma_r,\ B = V[:,{:}r]^{\top}, \text{ rows of } B \text{ frozen last-to-first})",r^{2}\ (+\ \text{a decreasing number of rows of the up-projection during the early phase; LaMDA++ adapts } r \text{ per layer}),"any linear layer (paper: DeBERTa-V3, BART, GPT-2, LLaMA-2 attention/MLP projections)","PiSSA-style residual split with a trainable \(r \times r\) core between frozen spectral factors; the up-projection is progressively frozen, so late training is a pure \(r^2\)-parameter basis change",yes,After training the residual and the adapter path are fixed matrices that sum to a single weight.,"\(S = I_r\) and the main path holds the residual \(W_0 - U_r\Sigma_rV_r^{\top}\), so \(W = W_0\) at init (for \(\alpha = 1\))","Freeze the first projection (cutting activation memory) and learn a small square matrix in the principal spectral subspace, gradually freezing the second projection, so trainable parameters stop scaling with width; LaMDA++ allocates ranks from the normalised spectrum.","Matches or surpasses existing methods on GLUE, summarisation, NLG and reasoning with up to 17.7x fewer parameter updates and up to 1.32x lower peak GPU memory.",False,method,R-additive,Lin,"LaMDA is PiSSA with its \(A\)-factor frozen (an A2 sub-object), reparametrised redundantly as \(B=\alpha US\Sigma_r^{1/2}\) and then progressively restricted to the LoRA-XS sub-object. Its training is a descending chain of sub-objects inside the linear method LoRA-FA\((\Sigma_rV_r^\top)\).",azizi2024lamda,R,Lin,regular,GL,OxO,M1,idempotent
lora-mini,LoRA-Mini,LoRA-Mini: Adaptation Matrices Decomposition and Selective Training,LoRA-Mini : Adaptation Matrices Decomposition and Selective Training,Singh et al.,2024,arXiv,2411.15804,https://arxiv.org/abs/2411.15804,,False,,additive-weight,"W = W_0 + P\,C\,D\,Q,\quad P\in\mathbb{R}^{d_{out}\times b},\ Q\in\mathbb{R}^{a\times d_{in}}\ \text{frozen outer (auxiliary) matrices};\ C\in\mathbb{R}^{b\times r},\ D\in\mathbb{R}^{r\times a}\ \text{trained inner matrices}\ \ (\text{paper: } h = (W + A_{aux}A_{train}B_{train}B_{aux})x)","r\,(a + b)","attention and dense layers (paper: BERT, RoBERTa on GLUE; T5 on WMT16 En-Ro)",each LoRA factor split into a frozen outer projection and a trainable inner block: \(\Delta W\) factors through fixed \(a\)- and \(b\)-dimensional subspaces with a trainable rank-\(r\) map between them,yes,The four-matrix product is a fixed low-rank matrix after training.,"The paper reports Kaiming initialisation for all four matrices and does not state a zero-initialised factor, so an exact identity at init is not guaranteed as described","Freeze random outer projections and train only small inner matrices of LoRA's factors, cutting trainable parameters up to 20x.",Up to 20x fewer trainable parameters than LoRA with comparable GLUE and WMT16 En-Ro translation performance.,False,method,R-additive,Cone,"LoRA-Mini is \(\mathrm{LoRA}_r\) on a small \(b\times a\) space transported into \(\Theta\) by fixed random frames, \(\rho=W_0+P\,\rho_{\mathrm{LoRA}}(C,D)\,Q\). It maps into LoRA by A3 via \(h(C,D)=(PC,DQ)\), and for \(a=b=r\) it is a random-frame version of LoRA-XS (Prop I.8(a) with random frames).",singh2024lora,R,Cone,defect,GL,frame,M1,span
mosa,MoSA,Mosaic Shared Adaptation,MoSA: Mosaic Shared Adaptation of Large Language Models,Wang et al.,2026,ICLR 2026,,https://proceedings.iclr.cc/paper_files/paper/2026/hash/dd37fdb24a4e1cfa3ed5c247217a7394-Abstract-Conference.html,https://github.com/XiequnWang/MoSA-ICLR26,False,,additive-weight,"W = W_0 + \sum_{k=1}^{K}\lambda_k M_k,\quad M_k\in\{0,1\}^{d_{out}\times d_{in}}\ \text{disjoint masks of a fixed balanced random tessellation (frozen)},\ \lambda\in\mathbb{R}^{K}\ \text{trained}",K\ \ (\text{set to } r(d_{in}+d_{out}) \text{ to match a rank-}r \text{ LoRA budget}),"any linear layer (paper: LLaMA-2-7B, LLaMA-3-8B)",random weight sharing (hashing trick) on the update: every entry of \(\Delta W\) is tied to one of \(K\) scalars via a fixed balanced random partition (the same partition is reused for all weights of the same shape); generally full rank; gradient of \(\lambda_k\) is the group sum of \(\nabla_W\mathcal{L}\),yes,Broadcasting the scalars gives a dense \(\Delta W\) that is added to \(W_0\) for zero-overhead inference.,"\(\lambda = 0\), so \(\Delta W = 0\) exactly (official code, src/llamafactory/model/model_utils/mosa.py: deltas = zeros(num_groups)); unlike two-factor schemes this still gives non-zero gradients (group sums of \(\nabla_W\mathcal{L}\)). The tessellation is sampled once and shared by all weights of the same shape","Replace low-rank factorisation by randomised, non-local sharing of individual update entries; equal-size random groups provably minimise the expected deviation from the unconstrained gradient and act as a regulariser.","Matches or surpasses strong PEFT baselines (LoRA, DoRA, MoRA, HiRA) under strictly matched budgets on commonsense reasoning, ConvAI2 dialogue and MetaMathQA to GSM8K.",False,method,R-additive,Lin,"MoSA is the linear method whose shape is the image of 'broadcast along a random partition', \(\mathbb R^K\to\Theta\). It is a randomly tied coordinate method, dual to masking: SHiRA keeps \(K\) coordinates free and the rest at zero, while MoSA ties all coordinates into \(K\) free classes.",wang2026mosa,R,Lin,regular,none,frame,M1,idempotent
ssh,SSH,Sparse Spectrum Adaptation via Discrete Hartley Transformation,SSH: Sparse Spectrum Adaptation via Discrete Hartley Transformation,Shen et al.,2025,NAACL 2025,2502.05539,https://aclanthology.org/2025.naacl-long.522/,,False,,additive-weight,"W = W_0 + \alpha\,\mathcal{H}^{-1}(\Delta H),\quad \Delta H \text{ sparse with } n \text{ trainable entries: } \lfloor\delta n\rfloor \text{ at the highest-energy frequencies of } \mathcal{H}(W_0),\ \text{the rest at random frequencies};\ \mathcal{H} = \text{2-D discrete Hartley transform (real, self-inverse up to scale)}",n,"any linear layer (paper: RoBERTa, LLaMA-3.1-8B, ViT and vision-language models)",sparse coefficients in the real 2-D Hartley basis with support chosen partly by the spectral energy of \(W_0\) (weight-guided) and partly at random; inverse DHT maps them to a dense update,yes,The inverse DHT of the trained spectrum is a dense matrix that merges into \(W_0\).,"The paper initialises trainable spectral coefficients with Kaiming initialisation, so \(\Delta W\) is non-zero at init (no exact identity stated)","Use the real-valued, symmetric Hartley transform (no complex arithmetic) and pick the trainable frequencies by the energy of the pretrained weight's spectrum, cutting parameters and FLOPs relative to FourierFT.","Per the paper's Fig. 1, SSH scores 7.93 (GPT-4 judge) on LLaMA3.1-8B versus 7.95 for full fine-tuning with under 0.1% of the parameters, and needs up to 55% fewer GFLOPs than FourierFT; in its Table 4 it leads LoRA, DoRA, VeRA and FourierFT on MT-Bench/Vicuna for LLaMA2-7B/13B and LLaMA3.1-8B.",False,method,R-additive,Lin,"SSH is \(\mathcal H_*\) of a coordinate mask, a transported linear method: the same object as a mask in another frame, since transport is an automorphism and not an arrow. FourierFT's image is confined to point-symmetric matrices, whereas the Hartley frame also reaches the antisymmetric (sine) half.",shen2025ssh,R,Lin,regular,none,Pi,M1,idempotent
loca,LoCA,Location-aware Cosine Adaptation,LoCA: Location-Aware Cosine Adaptation for Parameter-Efficient Fine-Tuning,Du et al.,2025,ICLR 2025,2502.06820,https://arxiv.org/abs/2502.06820,,False,,additive-weight,"W = W_0 + \alpha\,C^{\top}\mathcal{S}(a, l)\,D = W_0 + \alpha\sum_{i=1}^{\mathcal{B}} a_i\,C_{l^1_i,:}^{\top}\,D_{l^2_i,:},\quad C\in\mathbb{R}^{d_{out}\times d_{out}},\ D\in\mathbb{R}^{d_{in}\times d_{in}}\ \text{DCT matrices (fixed)};\ a\in\mathbb{R}^{\mathcal{B}} \text{ trained};\ \text{locations } l \text{ optimised by finite-difference gradients in alternation with } a \text{ for the first } \mathcal{B}_s \text{ steps, then frozen}",\mathcal{B}\ \text{coefficients (the } \mathcal{B} \text{ 2-D locations are optimised only during the first } \mathcal{B}_s \text{ steps and are not counted in the paper)},any linear layer (paper: language models such as RoBERTa/LLaMA and ViT),sparse coefficients in the 2-D DCT basis with learnable discrete support: \(\Delta W\) is a sum of \(\mathcal{B}\) rank-1 outer products of cosine vectors,yes,The iDCT of the learned sparse spectrum is a dense matrix that merges into \(W_0\).,Coefficients \(a\) initialised to zero (\(\Delta W = 0\)); locations initialised uniformly at random,"Weight updates are asymptotically Gaussian, under which frequency-domain updates with well-chosen components can beat low-rank ones in expressivity, while random locations (as in FourierFT) lose to LoRA; so learn the locations too, using the real DCT equivalent of the optimal iDFT variant.",Offers higher parameter efficiency than low-rank and random-frequency baselines on language and vision fine-tuning tasks at comparable computational cost.,False,method,R-additive,Lin,"LoCA is a transported mask, \(\mathrm{DCT}_*(\text{mask})\), whose support is chosen by a short search over the discrete set of supports. That search picks one object from a family of linear methods indexed by supports. The paper's expressivity analysis compares this union of subspaces with LoRA's cone.",du2025loca,R,Lin,regular,none,Pi,M1,idempotent
